gs_id	gene_id
ADRN	55732
MES	3075
MES	57185
MES	22875
MES	4267
ADRN	9957
MES	3927
MES	4074
ADRN	90293
ADRN	3382
ADRN	79007
MES	8837
MES	7035
ADRN	9108
MES	23129
ADRN	952
ADRN	23028
ADRN	115703
ADRN	51364
MES	3052
ADRN	221981
ADRN	3980
ADRN	81691
MES	80256
MES	51226
ADRN	9256
MES	54677
ADRN	7748
MES	3675
MES	3920
ADRN	3674
MES	9244
ADRN	51087
ADRN	6833
MES	64847
ADRN	8913
MES	51330
ADRN	1750
ADRN	4293
MES	55971
ADRN	80853
MES	221
ADRN	10926
MES	85477
MES	8522
ADRN	4145
MES	64285
ADRN	9254
MES	7005
MES	29116
ADRN	1870
ADRN	6853
ADRN	3720
ADRN	7021
MES	9265
ADRN	53616
MES	6856
ADRN	1534
ADRN	1951
MES	10157
MES	4784
MES	6482
MES	9235
ADRN	23542
ADRN	10178
MES	51513
ADRN	2696
ADRN	80199
MES	9902
ADRN	654364
MES	10867
MES	51099
MES	3730
ADRN	54799
ADRN	8193
ADRN	9066
MES	5329
MES	1634
ADRN	23177
MES	57146
ADRN	672
MES	7869
MES	30845
MES	23324
ADRN	57709
MES	5010
MES	9961
MES	5238
MES	9604
ADRN	1663
MES	50865
MES	9052
MES	10046
ADRN	10460
MES	23376
ADRN	23649
MES	10903
ADRN	440193
MES	64132
ADRN	81551
ADRN	3670
ADRN	55349
ADRN	53832
ADRN	22902
ADRN	1272
MES	25937
MES	477
MES	55622
MES	23187
MES	6591
MES	972
MES	25960
MES	58473
MES	9369
MES	1373
MES	6050
MES	330
MES	1244
MES	2730
MES	30846
ADRN	55635
ADRN	3298
ADRN	29781
MES	10953
MES	7431
MES	355
MES	8635
ADRN	3755
ADRN	3645
ADRN	5452
MES	56938
ADRN	286
ADRN	3149
MES	578
MES	22807
MES	2896
MES	54480
MES	2530
MES	55236
ADRN	9846
ADRN	321
MES	5606
MES	8504
MES	7414
ADRN	55789
MES	7077
ADRN	6570
MES	3224
MES	175
MES	7092
MES	7204
MES	1462
MES	1767
MES	26064
MES	54908
ADRN	65078
MES	1008
MES	10039
MES	3371
MES	84883
MES	54884
MES	822
MES	7038
MES	23338
MES	1495
MES	3309
MES	1829
ADRN	2824
MES	116984
MES	23247
ADRN	27146
MES	57545
MES	50484
ADRN	55885
ADRN	1298
MES	4254
MES	11174
MES	9563
MES	9341
MES	3604
MES	55040
MES	4052
MES	5954
ADRN	5982
MES	3074
ADRN	340533
MES	27122
MES	9603
MES	51474
MES	9564
MES	9709
MES	9454
ADRN	5888
MES	5291
MES	1535
ADRN	23105
ADRN	4826
MES	3909
ADRN	23095
ADRN	23224
ADRN	140689
MES	25884
ADRN	3757
MES	116254
MES	114800
ADRN	112885
MES	7185
ADRN	55540
MES	131566
ADRN	57458
MES	23200
MES	3918
MES	5218
MES	29927
MES	4659
MES	5923
ADRN	816
MES	493
ADRN	55706
MES	84256
MES	64761
MES	6515
ADRN	5662
MES	8531
ADRN	23504
ADRN	11178
MES	93166
ADRN	6676
ADRN	84649
ADRN	5424
ADRN	124925
ADRN	770
MES	57491
MES	2817
MES	841
ADRN	22998
ADRN	10402
ADRN	9170
MES	5476
MES	28966
ADRN	2139
MES	1265
ADRN	9627
MES	10203
MES	9697
ADRN	55388
MES	1606
ADRN	91526
MES	10954
ADRN	23013
ADRN	9892
ADRN	7089
MES	51665
MES	84679
MES	5141
ADRN	1496
MES	7075
MES	25791
ADRN	259266
MES	64834
ADRN	744
MES	2263
ADRN	26153
ADRN	10734
MES	6672
MES	1316
MES	8611
MES	23471
MES	7813
MES	5315
MES	89795
ADRN	57595
ADRN	492
MES	2261
MES	3430
MES	4205
MES	7030
MES	2182
ADRN	55771
ADRN	65055
MES	9741
MES	286749
ADRN	10235
MES	27248
MES	5526
MES	54549
MES	602
ADRN	8514
ADRN	51083
MES	7049
MES	4734
MES	10681
MES	5873
MES	4925
MES	5774
ADRN	6710
ADRN	2255
MES	23446
MES	8218
MES	10272
MES	55062
ADRN	22844
ADRN	1258
MES	26031
ADRN	2046
ADRN	11320
MES	9948
MES	79658
MES	6196
MES	29995
MES	6400
ADRN	28951
MES	79901
ADRN	55117
ADRN	22859
MES	87
MES	55679
ADRN	55515
MES	10290
MES	84708
MES	64398
ADRN	8243
ADRN	3161
MES	8974
MES	37
MES	6793
ADRN	1400
MES	2121
MES	51009
ADRN	79041
MES	5817
ADRN	4171
MES	54456
MES	80216
ADRN	1183
ADRN	4185
MES	5523
MES	10979
MES	5743
MES	8301
MES	4854
ADRN	5522
MES	8463
ADRN	6620
MES	771
MES	11343
MES	59277
MES	9891
MES	9187
MES	56005
ADRN	3785
ADRN	51512
MES	10512
ADRN	23151
MES	9620
ADRN	119
MES	9605
MES	64778
MES	2355
ADRN	27091
ADRN	27092
MES	60
MES	55034
MES	5337
ADRN	284403
MES	55973
ADRN	4175
MES	25996
MES	5939
ADRN	10615
MES	88455
ADRN	124188259
ADRN	7163
MES	3385
MES	4162
ADRN	55796
ADRN	57662
ADRN	5909
ADRN	51412
ADRN	7155
MES	4791
ADRN	29089
MES	54431
MES	3566
ADRN	5063
ADRN	1641
ADRN	6626
ADRN	56915
ADRN	143684
MES	7107
MES	203427
MES	2260
ADRN	2192
ADRN	4133
MES	273
MES	27074
MES	2191
ADRN	10529
ADRN	55728
MES	57103
MES	8871
MES	108
ADRN	54715
MES	1906
ADRN	117
MES	9452
ADRN	57690
ADRN	9139
MES	51150
ADRN	7161
MES	8569
MES	7145
ADRN	5050
ADRN	3835
ADRN	10590
MES	55604
ADRN	1653
MES	2037
ADRN	285220
ADRN	5991
MES	11043
MES	50509
ADRN	1136
MES	5891
ADRN	22997
ADRN	114819
ADRN	10403
ADRN	260425
MES	28962
ADRN	384
MES	9262
ADRN	22869
MES	5205
MES	6604
MES	58538
MES	55437
MES	22837
ADRN	1741
MES	3776
ADRN	7188
MES	4779
ADRN	54437
MES	3693
MES	5351
ADRN	5026
MES	1540
MES	2195
MES	25978
MES	5978
MES	54434
MES	334
ADRN	79570
MES	966
MES	3732
MES	57590
ADRN	57549
MES	2017
ADRN	4998
MES	4258
MES	2683
MES	54749
MES	3294
ADRN	5475
MES	7462
MES	23645
MES	51171
MES	7205
MES	2512
MES	54947
ADRN	2775
ADRN	57544
MES	22795
MES	5744
ADRN	116154
MES	51290
MES	55741
MES	111089941
ADRN	1789
ADRN	22974
MES	23348
MES	1795
MES	54498
MES	2280
MES	83959
ADRN	55857
ADRN	54997
MES	80024
MES	5829
ADRN	22895
MES	55614
ADRN	1114
ADRN	4842
MES	53827
ADRN	113540
ADRN	23415
ADRN	332
ADRN	393
MES	645
MES	6548
MES	3383
ADRN	7023
MES	55214
MES	2323
MES	2802
ADRN	24137
ADRN	10683
ADRN	4897
MES	54918
MES	3655
ADRN	11069
MES	23231
ADRN	51168
MES	22861
MES	83394
MES	79776
ADRN	285
ADRN	4345
MES	151887
ADRN	84502
MES	23428
ADRN	51310
ADRN	79968
MES	825
MES	8773
ADRN	1299
MES	4637
ADRN	63967
ADRN	1808
MES	7042
ADRN	8318
MES	1312
ADRN	9942
ADRN	23468
ADRN	4436
ADRN	4214
ADRN	1725
ADRN	54566
MES	5742
MES	1384
ADRN	10044
MES	55357
MES	25861
ADRN	10580
MES	3589
MES	3096
ADRN	2289
MES	3717
MES	51100
ADRN	8317
ADRN	6319
MES	79956
MES	8829
ADRN	56952
MES	54873
ADRN	55506
MES	9424
MES	80270
ADRN	1943
MES	51257
MES	610
MES	4616
ADRN	421
MES	4320
ADRN	27443
MES	9127
MES	83874
MES	23541
ADRN	29799
ADRN	5625
MES	29775
ADRN	157
ADRN	23544
MES	3956
MES	113791
MES	11078
ADRN	79019
ADRN	55964
MES	11015
ADRN	9567
MES	9609
MES	1727
ADRN	4744
ADRN	4174
MES	410
MES	706
MES	5155
ADRN	80832
MES	8542
MES	80339
MES	4627
MES	5372
ADRN	64781
MES	63874
ADRN	1690
ADRN	5427
MES	5836
MES	114088
ADRN	1033
MES	51382
MES	26499
MES	161394
MES	79890
MES	5641
ADRN	1113
MES	51804
ADRN	145508
MES	9766
ADRN	6547
MES	79038
MES	623
ADRN	7443
MES	89932
ADRN	9252
ADRN	60686
ADRN	57820
ADRN	10278
MES	394
ADRN	9985
MES	10548
MES	10484
MES	4776
MES	5360
MES	4318
MES	10544
ADRN	9837
ADRN	4605
MES	4773
ADRN	140730
MES	80336
MES	55816
ADRN	655
MES	7165
ADRN	11255
ADRN	28231
MES	4923
ADRN	128414
ADRN	1917
MES	57761
ADRN	343637
ADRN	128674
MES	9751
MES	10326
ADRN	140706
MES	23509
ADRN	57144
MES	182
ADRN	1869
MES	1471
ADRN	26051
ADRN	81610
MES	79953
MES	57136
ADRN	56853
MES	10627
ADRN	55125
MES	4092
MES	9388
MES	54941
ADRN	8715
ADRN	5932
ADRN	5422
MES	4281
MES	56180
MES	8406
MES	215
ADRN	6855
MES	5358
MES	5973
MES	2000
MES	140462
ADRN	10389
MES	7355
MES	84061
MES	5251
MES	83692
MES	8411
MES	7076
MES	56062
MES	27286
ADRN	158866
ADRN	2491
MES	51566
MES	80183
ADRN	2259
MES	3356
MES	688
MES	54
MES	5611
MES	55757
MES	1203
MES	8717
ADRN	3299
ADRN	11151
MES	10725
ADRN	869
MES	51090
ADRN	23090
ADRN	50855
ADRN	55565
MES	29070
MES	55238
MES	3038
ADRN	55512
MES	23659
MES	4350
MES	54550
MES	51172
MES	23406
MES	83716
MES	64788
MES	8140
MES	79006
MES	10273
MES	1428
MES	9780
ADRN	27324
MES	64131
ADRN	4150
MES	6810
MES	50615
ADRN	9738
ADRN	6530
MES	64799
MES	114294
MES	10391
ADRN	8120
MES	57722
MES	1512
MES	2184
MES	57214
ADRN	9455
MES	30844
MES	64397
ADRN	22995
ADRN	29106
MES	57617
ADRN	11339
ADRN	50804
MES	23678
MES	5157
MES	51201
ADRN	7976
MES	8767
ADRN	793
MES	79815
MES	3551
MES	5327
ADRN	56704
MES	6788
ADRN	54332
ADRN	11075
MES	7227
MES	6674
ADRN	83988
ADRN	4741
ADRN	4173
MES	427
MES	3783
MES	4924
ADRN	10382
MES	5971
MES	2217
MES	10848
ADRN	84444
ADRN	10535
ADRN	8175
ADRN	268
ADRN	79816
ADRN	4858
MES	9466
ADRN	55723
ADRN	7138
ADRN	93145
MES	85360
ADRN	2091
ADRN	56961
ADRN	79187
ADRN	23217
MES	6510
ADRN	333
MES	7040
MES	10226
ADRN	29997
ADRN	478
MES	2906
ADRN	3978
MES	8605
MES	57664
ADRN	59284
MES	1777
ADRN	22983
ADRN	3780
ADRN	5864
ADRN	5143
MES	1311
MES	6324
ADRN	80714
ADRN	2901
ADRN	7639
MES	23474
ADRN	199731
ADRN	154661
MES	79846
ADRN	1021
MES	7980
MES	5445
ADRN	3696
ADRN	6671
ADRN	1749
MES	401312
MES	256227
MES	1687
MES	858
MES	857
MES	4233
MES	79974
MES	11112
MES	8887
MES	2887
MES	55033
ADRN	84725
ADRN	6804
MES	2051
MES	3315
ADRN	4885
ADRN	7036
MES	5054
MES	56913
MES	8985
ADRN	6119
ADRN	113263
ADRN	9678
MES	54664
ADRN	2146
MES	4232
MES	57037
MES	196
MES	2737
MES	51422
MES	58498
MES	3984
ADRN	83856
MES	54981
MES	158471
ADRN	7464
MES	54829
MES	1842
MES	22949
ADRN	1759
MES	2022
ADRN	6019
MES	57589
ADRN	1993
ADRN	57582
MES	7306
MES	10488
MES	23586
MES	169792
ADRN	6456
MES	6461
MES	9124
ADRN	2625
MES	5264
MES	83937
MES	23268
MES	6387
MES	10613
MES	8029
ADRN	27143
MES	64115
MES	59
MES	3988
MES	57584
ADRN	22849
ADRN	79176
MES	64077
ADRN	9148
MES	10531
MES	1326
MES	22943
ADRN	253738
ADRN	9126
ADRN	27338
ADRN	57178
ADRN	56521
ADRN	10900
ADRN	51195
MES	5216
MES	9144
MES	3959
MES	6347
MES	4669
MES	3292
MES	1277
MES	10493
MES	8714
ADRN	4355
MES	64750
MES	1845
ADRN	3131
ADRN	23531
ADRN	5608
MES	54868
MES	7448
MES	7126
ADRN	27346
MES	5376
ADRN	8929
MES	6783
MES	26511
ADRN	10874
ADRN	57482
MES	4790
MES	4126
MES	8821
MES	7466
MES	51809
ADRN	55247
MES	55296
ADRN	7468
MES	683
MES	83891
ADRN	64151
ADRN	29118
MES	1410
MES	1075
ADRN	91057
ADRN	7007
ADRN	116804918
ADRN	27087
ADRN	5024
MES	4013
MES	54414
MES	23220
MES	10938
MES	81622
ADRN	9379
MES	79073
MES	2352
MES	50862
ADRN	5818
MES	10114
ADRN	6506
MES	5002
MES	2965
ADRN	84867
MES	5715
MES	10536
MES	8496
MES	6404
MES	23603
ADRN	1594
MES	3875
MES	23371
MES	2735
MES	57460
MES	2004
MES	81029
MES	59341
ADRN	2305
ADRN	57097
ADRN	10635
ADRN	23316
MES	10019
ADRN	80824
MES	83445
ADRN	4940
MES	420
MES	4256
MES	397
MES	7421
ADRN	5985
ADRN	23329
ADRN	8914
ADRN	84519
MES	56994
MES	79158
MES	84727
MES	105369632
ADRN	2026
ADRN	113246
MES	51026
ADRN	6489
MES	1303
MES	10384
MES	29940
ADRN	2651
ADRN	57150
ADRN	63914
MES	4739
MES	84830
ADRN	79632
MES	4121
MES	7164
MES	9750
MES	23328
MES	10090
ADRN	26271
ADRN	4988
ADRN	2178
ADRN	4172
ADRN	221692
MES	266727
ADRN	2740
ADRN	60468
MES	221662
MES	10486
MES	9532
MES	51715
ADRN	81491
ADRN	1297
ADRN	2822
MES	202
MES	55856
ADRN	135152
MES	2070
ADRN	55084
MES	10475
MES	64065
ADRN	117247
MES	57211
MES	9749
MES	7922
ADRN	135138
MES	4188
MES	5754
MES	56940
MES	124907782
MES	55754
ADRN	7272
ADRN	2030
MES	55603
MES	59084
MES	9096
MES	55914
ADRN	55722
MES	4124
MES	9037
ADRN	11044
MES	2690
MES	1611
MES	8382
ADRN	10112
MES	1839
MES	4015
MES	6678
ADRN	9421
MES	56129
ADRN	8622
MES	411
MES	7060
ADRN	57472
MES	5924
MES	1004
ADRN	4001
MES	4883
MES	4012
MES	5144
ADRN	7903
MES	2246
MES	2908
MES	56951
MES	3977
ADRN	9555
MES	5159
MES	8992
ADRN	90249
MES	5067
ADRN	10051
MES	604
ADRN	84100
MES	27031
MES	51421
ADRN	5947
MES	590
MES	7474
MES	1294
MES	3280
MES	2771
MES	2632
MES	79669
ADRN	23150
MES	80325
ADRN	50512
ADRN	10675
MES	79858
MES	57088
MES	7867
ADRN	93
ADRN	51555
MES	84836
MES	26084
MES	6747
MES	92999
MES	3552
ADRN	30818
MES	80255
MES	10096
MES	55240
MES	9540
MES	10254
ADRN	1058
MES	90
ADRN	7781
MES	29959
MES	3694
MES	3676
MES	5136
ADRN	10297
MES	64135
MES	2888
ADRN	3196
MES	57142
MES	84141
MES	2202
ADRN	55120
MES	2335
MES	6772
MES	2744
MES	3488
MES	80219
MES	8869
MES	3554
ADRN	7475
MES	8809
MES	2274
MES	79083
MES	80146
MES	60482
ADRN	23178
MES	55041
MES	151393
MES	5334
MES	8942
MES	390
MES	66008
MES	51449
MES	2034
MES	4780
ADRN	2956
MES	65977
MES	2043
MES	117583
ADRN	7840
ADRN	7143
ADRN	2882
MES	6342
MES	9068
MES	5768
MES	6814
MES	54206
ADRN	4985
MES	3749
MES	10067
ADRN	58512
MES	26270
ADRN	81563
ADRN	9829
MES	3953
MES	23169
MES	1647
MES	79971
MES	56944
MES	1429
MES	965
MES	64121
MES	4811
ADRN	84618
ADRN	51440
ADRN	656
ADRN	4610
ADRN	9132
ADRN	9783
MES	81849
MES	11240
MES	1486
MES	2635
MES	2633
MES	8934
MES	1889
MES	3155
MES	4179
MES	64175
ADRN	8503
MES	10103
ADRN	2166
MES	50999
MES	2152
ADRN	58155
MES	7292
ADRN	163404
ADRN	9890
ADRN	55758
ADRN	3925
ADRN	4751
ADRN	6195
ADRN	5629
ADRN	1063
MES	57488
ADRN	1143
MES	1509
ADRN	78989
ADRN	6543
ADRN	9928
MES	7139
ADRN	55686
ADRN	8609
MES	9331
MES	79630
MES	27145
ADRN	9994
ADRN	1268
MES	5325
MES	7128
MES	9465
MES	10981
ADRN	4602
MES	1490
ADRN	83449
MES	9194
MES	103910
ADRN	2309
ADRN	84071
ADRN	118427
MES	5311
MES	6696
MES	8987
MES	64747
MES	5493
ADRN	11278
ADRN	27253
MES	64342
MES	22936
MES	56171
MES	9414
MES	80212
MES	84886
ADRN	440730
ADRN	11064
MES	10783
MES	79695
ADRN	9480
MES	112752
MES	10577
MES	83544
MES	4053
MES	55640
MES	57718
MES	7043
MES	23433
ADRN	10936
MES	114818
ADRN	1788
MES	54867
MES	51646
MES	25940
ADRN	25927
MES	26503
MES	3437
MES	3433
MES	5507
MES	84795
ADRN	26507
ADRN	3070
MES	60370
MES	159686
MES	1843
MES	4488
MES	29126
ADRN	2891
MES	84918
MES	80177
MES	84418
MES	56128
MES	56126
ADRN	56124
MES	8995
ADRN	84930
MES	56243
MES	84898
ADRN	440073
MES	1997
ADRN	4093
MES	7045
MES	64374
MES	1958
ADRN	22835
ADRN	7112
MES	400
MES	83468
ADRN	1846
MES	1191
MES	8795
MES	10174
MES	64236
ADRN	2053
MES	4879
MES	83690
ADRN	8165
MES	59342
ADRN	23397
ADRN	84057
MES	117854
ADRN	57616
ADRN	3764
MES	64091
ADRN	81930
ADRN	9479
ADRN	7852
ADRN	22987
MES	387496
MES	5412
ADRN	7512
MES	311
MES	11155
ADRN	343099
ADRN	30010
MES	84668
MES	3624
MES	11328
ADRN	7291
MES	152007
MES	8434
MES	48
ADRN	1271
ADRN	8805
MES	800
ADRN	170685
MES	5328
MES	9469
MES	1959
MES	5033
ADRN	11130
ADRN	11113
MES	23389
MES	79365
MES	8082
MES	3709
MES	23597
ADRN	10212
MES	976
MES	10755
ADRN	64105
MES	10133
MES	80760
MES	4327
ADRN	3164
MES	4035
MES	60673
ADRN	1621
MES	5354
MES	9367
MES	9111
MES	3759
MES	5208
MES	23682
ADRN	1164
MES	164781
MES	79586
MES	23549
MES	6560
MES	3787
MES	6385
MES	8202
MES	51604
ADRN	78997
MES	57169
MES	57403
ADRN	6615
MES	55653
MES	60598
MES	4109
ADRN	64377
MES	23096
MES	6845
MES	7499
MES	55577
ADRN	400961
ADRN	10396
MES	27076
MES	5269
MES	4835
MES	1026
ADRN	6659
MES	6239
MES	6745
MES	10799
MES	6310
MES	860
MES	9208
MES	745
MES	79026
MES	4502
ADRN	55715
ADRN	84899
MES	3659
ADRN	23157
MES	5732
MES	6662
MES	9953
ADRN	10485
MES	79143
MES	56731
MES	3553
MES	2892
MES	9322
MES	2354
ADRN	6253
ADRN	24139
MES	7408
ADRN	63908
MES	55317
MES	6238
MES	631
MES	11034
ADRN	24141
ADRN	6939
ADRN	84515
ADRN	55321
ADRN	83541
ADRN	4435
MES	3397
MES	101410538
MES	2925
MES	826
ADRN	84063
MES	83786
MES	83596
MES	6237
ADRN	23769
MES	51119
MES	65266
MES	8678
ADRN	5582
MES	2537
MES	6495
MES	57381
ADRN	9787
MES	112849
MES	3306
ADRN	26030
MES	2123
MES	8273
MES	79717
ADRN	64919
ADRN	92797
MES	5908
MES	7103
MES	117177
MES	5787
ADRN	65999
MES	3425
MES	53834
MES	10365
ADRN	9088
ADRN	63922
ADRN	6597
MES	55504
MES	6049
ADRN	90485
MES	2791
MES	8910
ADRN	64921
ADRN	163131
ADRN	57622
MES	7538
ADRN	65997
ADRN	5471
MES	79924
ADRN	57168
ADRN	25775
ADRN	2781
ADRN	4248
MES	53947
MES	11135
MES	80833
MES	2847
MES	8459
MES	7263
MES	23780
MES	5880
MES	3976
ADRN	7732
MES	92521
MES	51200
ADRN	9732
MES	5420
MES	2318
ADRN	64101
MES	813
ADRN	64753
MES	10234
ADRN	3231
ADRN	3232
MES	50940
ADRN	1123
MES	2571
ADRN	3235
ADRN	3236
ADRN	3237
ADRN	3239
MES	57045
ADRN	90417
ADRN	1854
ADRN	54982
ADRN	91860
MES	4016
MES	23022
MES	60559
ADRN	3746
ADRN	79733
MES	1635
ADRN	54478
MES	968
ADRN	482
MES	10749
ADRN	3609
MES	57153
MES	10053
ADRN	1032
MES	84962
MES	25938
ADRN	55320
ADRN	4901
MES	7011
MES	7905
MES	81533
MES	79651
MES	9459
ADRN	1028
ADRN	151648
MES	58986
ADRN	79948
ADRN	6861
ADRN	79057
MES	9754
ADRN	27112
MES	6303
MES	23677
MES	158747
MES	57572
ADRN	51295
MES	1264
ADRN	51337
MES	5819
MES	348
ADRN	10912
ADRN	1463
ADRN	547
ADRN	84705
MES	684
MES	376497
MES	79709
MES	51429
MES	83861
MES	81
MES	65975
MES	10095
ADRN	23149
ADRN	23025
MES	7837
MES	9518
MES	54858
MES	54795
ADRN	25830
ADRN	10439
MES	1289
ADRN	50632
ADRN	64793
MES	84929
MES	4861
MES	83667
MES	6249
MES	55337
ADRN	1786
ADRN	139728
ADRN	1852
ADRN	55422
MES	22927
MES	5638
MES	9590
MES	23345
MES	79465
ADRN	54869
ADRN	10882
ADRN	7700
ADRN	23199
ADRN	51659
MES	6451
ADRN	2161
MES	4772
MES	10487
ADRN	84440
MES	117248
ADRN	3748
MES	7376
ADRN	29893
ADRN	10266
MES	55107
ADRN	79412
MES	4814
MES	3597
ADRN	7153
MES	2330
MES	10401
ADRN	10742
ADRN	2643
MES	3958
ADRN	79173
ADRN	83546
MES	6737
ADRN	6538
MES	5468
ADRN	23225
MES	85363
MES	10346
MES	23167
MES	79781
ADRN	10267
MES	84674
ADRN	23108
ADRN	63979
ADRN	1644
MES	3691
MES	91107
MES	4147
MES	92154
ADRN	6616
ADRN	5111
MES	54453
ADRN	57127
ADRN	63827
ADRN	23208
ADRN	9633
ADRN	4678
MES	64900
ADRN	128434
MES	10955
MES	29958
MES	8546
MES	10207
ADRN	6860
MES	93611
MES	79363
MES	23281
ADRN	10208
ADRN	2835
ADRN	1131
ADRN	9911
ADRN	8900
MES	7223
MES	10631
ADRN	5983
MES	90627
MES	79710
ADRN	84707
ADRN	55859
MES	201266
ADRN	84787
ADRN	28992
MES	5920
ADRN	23037
ADRN	84700
MES	114904
ADRN	57180
MES	79572
MES	80195
MES	83857
MES	272
MES	9645
MES	22800
ADRN	56154
ADRN	79845
ADRN	78986
ADRN	145258
ADRN	57578
MES	4017
MES	8932
ADRN	891
MES	1022
MES	3656
MES	8553
MES	9695
ADRN	10100
ADRN	84722
MES	7482
MES	5738
MES	4853
ADRN	9398
MES	4803
MES	54407
ADRN	29841
ADRN	4613
MES	3572
MES	10468
ADRN	23418
ADRN	91768
MES	1794
MES	2012
ADRN	9363
MES	90853
ADRN	55143
ADRN	51361
MES	1573
ADRN	51444
ADRN	29015
MES	87769
MES	1284
MES	26578
MES	301
MES	1514
MES	23670
ADRN	23287
MES	9413
MES	8728
ADRN	4440
ADRN	6926
ADRN	84900
ADRN	92558
ADRN	1840
MES	948
MES	29969
ADRN	577
MES	3351
MES	4907
ADRN	112609
ADRN	2045
MES	79899
MES	967
ADRN	5630
ADRN	10024
ADRN	2583
ADRN	23017
ADRN	9700
MES	3855
ADRN	3178
ADRN	91
MES	10956
ADRN	9053
MES	8763
MES	8676
MES	7006
MES	26056
MES	8291
MES	2799
MES	1368
MES	79786
MES	9764
MES	29109
MES	92922
ADRN	2752
ADRN	85397
MES	6041
ADRN	57710
MES	116496
MES	3915
MES	3431
MES	55619
ADRN	57695
MES	3357
MES	5270
MES	64114
MES	80210
MES	55654
ADRN	50649
MES	23479
MES	10970
MES	55332
MES	84102
MES	2317
ADRN	79621
ADRN	26586
MES	55901
ADRN	79866
MES	4008
MES	3936
MES	79020
MES	64759
MES	10457
ADRN	85446
MES	58489
MES	10241
ADRN	10238
ADRN	83990
MES	11227
MES	3142
MES	64215
MES	25934
MES	27348
MES	9314
ADRN	9649
MES	64855
ADRN	7111
ADRN	6812
ADRN	7539
MES	1318
MES	7099
ADRN	84253
ADRN	5168
ADRN	79075
MES	4609
MES	4856
MES	90865
MES	7094
ADRN	84904
ADRN	347252
MES	116113
MES	63971
MES	2766
ADRN	10817
MES	9856
MES	55227
MES	8737
ADRN	347733
MES	10211
MES	8870
MES	7172
MES	255488
MES	132864
MES	7097
MES	84709
ADRN	408
MES	11309
MES	338699
MES	54843
MES	2615
MES	5547
ADRN	81796
MES	23213
MES	6386
MES	55601
MES	7225
MES	85016
MES	10413
MES	5519
ADRN	53826
MES	57569
MES	834
MES	58472
MES	7057
ADRN	51203
MES	22801
ADRN	57082
ADRN	56965
MES	54852
MES	55075
ADRN	106821730
ADRN	56924
MES	53905
ADRN	64220
ADRN	80031
MES	8412
MES	79739
MES	10964
MES	10561
ADRN	204962
MES	9635
ADRN	10669
ADRN	3795
MES	11117
ADRN	6496
ADRN	79172
ADRN	57159
ADRN	79847
MES	26509
MES	84171
ADRN	3832
ADRN	10579
MES	1847
ADRN	9585
MES	51196
MES	5950
MES	310
MES	22891
ADRN	80312
ADRN	1763
MES	84665
MES	316
MES	65061
MES	57520
MES	6744
ADRN	150864
MES	3685
MES	84925
MES	83666
MES	29766
MES	84888
MES	26035
ADRN	90525
MES	83478
MES	8916
MES	55008
MES	57575
ADRN	55345
MES	5593
MES	2250
MES	84803
MES	2247
ADRN	658
MES	8654
MES	27163
MES	55752
MES	80144
MES	950
MES	306
MES	839
ADRN	3033
MES	64116
MES	2201
MES	85352
ADRN	283358
MES	23710
ADRN	55605
ADRN	58516
MES	254013
MES	51279
ADRN	10219
MES	55080
MES	55089
MES	347902
ADRN	8499
MES	11010
MES	22822
MES	4060
ADRN	429
ADRN	283431
MES	114795
MES	113675
MES	51228
ADRN	84915
ADRN	121643
MES	283537
ADRN	90634
MES	23344
MES	283373
ADRN	122060
ADRN	84530
MES	10150
MES	55647
ADRN	64403
ADRN	161253
MES	643866
ADRN	4857
MES	161357
MES	122786
ADRN	57161
ADRN	6252
ADRN	83851
MES	145389
MES	8747
MES	27133
ADRN	85439
MES	122953
ADRN	122481
MES	10516
MES	122616
MES	7453
ADRN	11001
MES	2252
ADRN	85455
ADRN	7090
MES	92912
MES	7168
MES	3480
ADRN	80119
ADRN	170691
ADRN	5046
ADRN	80125
ADRN	60677
ADRN	55215
ADRN	90381
MES	4916
MES	4240
ADRN	8128
MES	55784
MES	5045
MES	8826
ADRN	6457
MES	7041
MES	91807
ADRN	463
MES	84166
MES	3801
MES	123920
MES	1009
MES	81631
MES	1012
MES	57707
MES	29948
MES	2588
ADRN	162494
MES	10351
ADRN	6875
ADRN	3613
MES	2589
ADRN	80816
MES	80000
MES	4864
ADRN	409
ADRN	55135
MES	9123
MES	6398
ADRN	114804
ADRN	494470
ADRN	5596
ADRN	147381
MES	2064
ADRN	342667
MES	3487
MES	60681
ADRN	90378
MES	8612
MES	91039
ADRN	57677
MES	80162
ADRN	30811
MES	1291
MES	1292
MES	150094
MES	2014
ADRN	114783
MES	126374
ADRN	81794
MES	57140
MES	59283
ADRN	25888
ADRN	402665
MES	51702
MES	29943
MES	1969
MES	79180
MES	83442
ADRN	10256
MES	55194
ADRN	10733
MES	9064
MES	3339
MES	8915
MES	3491
MES	10026
MES	113451
ADRN	11004
MES	148932
MES	8543
ADRN	22823
ADRN	3321
ADRN	1952
MES	8515
ADRN	481
MES	8804
MES	55827
ADRN	5451
ADRN	1805
ADRN	83540
ADRN	1382
ADRN	6004
ADRN	148753
MES	83872
MES	23179
MES	127018
MES	7286
MES	1893
MES	54507
ADRN	3756
ADRN	51514
MES	8444
ADRN	79805
MES	5872
ADRN	148327
MES	6016
ADRN	57657
MES	2590
MES	1130
MES	3707
MES	149111
ADRN	142
ADRN	3930
MES	7483
MES	2052
ADRN	22874
ADRN	127833
MES	130497
MES	151449
MES	388
MES	130589
ADRN	27436
ADRN	23020
MES	23233
MES	94097
MES	4867
MES	7851
MES	128966597
MES	5899
MES	129804
MES	339745
ADRN	6323
ADRN	80856
ADRN	83879
ADRN	493911
ADRN	284992
ADRN	285175
MES	65065
ADRN	26154
MES	100130207
MES	285362
ADRN	57624
MES	57007
ADRN	55502
ADRN	2177
ADRN	80852
ADRN	27303
MES	64651
ADRN	3680
MES	10217
MES	5793
ADRN	54756
MES	10550
MES	26018
MES	8994
ADRN	285349
MES	64332
MES	1295
MES	90102
ADRN	29114
MES	91653
ADRN	66000
ADRN	116931
MES	57552
MES	4026
MES	6988
MES	90226
ADRN	9515
ADRN	55840
MES	9353
ADRN	9718
ADRN	90113
MES	2044
MES	57205
ADRN	201780
ADRN	57563
MES	6622
MES	817
MES	115265
ADRN	287
MES	54532
ADRN	285533
MES	56034
MES	285440
MES	1016
MES	170690
MES	4651
ADRN	54491
ADRN	6502
MES	9180
MES	10769
ADRN	5295
MES	5066
MES	85480
MES	25816
MES	81555
ADRN	91975
ADRN	23138
ADRN	10814
ADRN	84249
ADRN	2676
ADRN	22838
MES	170954
MES	107987457
ADRN	54511
MES	222663
ADRN	84630
MES	7162
MES	167681
ADRN	84553
ADRN	134829
MES	93663
MES	58527
ADRN	113115
MES	154091
MES	7432
ADRN	221935
MES	1956
ADRN	113130
MES	3486
ADRN	168374
MES	55281
ADRN	54892
ADRN	57502
ADRN	357
ADRN	57393
MES	30011
MES	83604
MES	347404
MES	4478
ADRN	7712
MES	56548
ADRN	10682
ADRN	7552
MES	5631
ADRN	158763
ADRN	27316
MES	7739
MES	1069
ADRN	79618
MES	80005
ADRN	6770
MES	6867
MES	84513
ADRN	84296
MES	84675
MES	51110
ADRN	51059
ADRN	4781
MES	1030
MES	1029
ADRN	203228
ADRN	53358
MES	7357
MES	2040
MES	2934
ADRN	2649
ADRN	23245
ADRN	26301
MES	4851
ADRN	774
MES	138151
MES	254427
MES	6251
MES	29982
ADRN	92211
MES	26091
MES	83938
MES	3363
ADRN	1979
MES	6934
ADRN	4288
ADRN	9118
MES	196743
ADRN	6877
MES	85450
MES	8038
MES	133
MES	57689
MES	25891
MES	85456
MES	5795
MES	60494
MES	23052
ADRN	26011
MES	871
MES	726
ADRN	4684
ADRN	1813
ADRN	89944
MES	283208
ADRN	2900
MES	80332
MES	51524
ADRN	3619
ADRN	9651
ADRN	1111
MES	51092
MES	6876
MES	57158
ADRN	79980
ADRN	140894
MES	84304
MES	10435
ADRN	83723
ADRN	8448
ADRN	8479
MES	8091
MES	4314
ADRN	22866
MES	3688
MES	65217
MES	1489
MES	84159
MES	55002
MES	26524
ADRN	220108
MES	3176
MES	116372
MES	130576
ADRN	150
ADRN	116966
MES	7424
MES	79839
MES	11098
MES	1793
MES	5305
MES	51232
MES	196383
ADRN	3708
MES	23657
ADRN	57512
ADRN	3742
MES	7068
MES	55293
MES	90488
ADRN	121551
MES	288
MES	196463
MES	5756
MES	64067
MES	283635
MES	145282
MES	2132
MES	81792
MES	140609
ADRN	132320
MES	55691
MES	2059
ADRN	23310
MES	57700
MES	121601
MES	1909
MES	1646
ADRN	10570
ADRN	9781
MES	2313
MES	80014
ADRN	79682
ADRN	2180
MES	291
MES	160857
ADRN	51594
ADRN	55835
MES	64417
MES	2674
MES	221336
MES	9531
ADRN	144423
ADRN	29970
MES	23704
MES	130340
ADRN	460
MES	5784
MES	26353
MES	57105
ADRN	6014
ADRN	26040
MES	57724
MES	9050
ADRN	57405
ADRN	5163
ADRN	5140
MES	83439
MES	10618
MES	56659
MES	127933
MES	6695
ADRN	117143
MES	2977
ADRN	79723
MES	9397
ADRN	55521
MES	678
MES	130271
ADRN	2893
MES	79925
MES	4154
MES	133686
MES	2697
MES	25780
ADRN	53354
MES	651
MES	5796
ADRN	85445
MES	25859
MES	55351
ADRN	140767
ADRN	152789
ADRN	55203
MES	3140
ADRN	64946
MES	1601
ADRN	10018
ADRN	1047
ADRN	221711
MES	10461
MES	84910
MES	130940
MES	22925
ADRN	6328
ADRN	9481
MES	221393
MES	50807
ADRN	153478
ADRN	64795
ADRN	925
MES	286343
MES	55625
MES	55022
MES	23576
ADRN	124540
MES	9955
ADRN	284161
MES	223117
MES	26289
MES	147463
ADRN	83539
MES	7070
MES	404550
ADRN	57338
MES	84959
ADRN	4900
MES	25890
ADRN	26207
MES	200014
MES	79705
MES	201134
MES	23460
MES	10349
MES	23043
ADRN	83648
ADRN	84033
ADRN	126731
MES	57630
ADRN	2849
ADRN	135295
MES	27295
ADRN	1525
ADRN	140578
ADRN	5651
ADRN	91133
MES	5137
MES	27342
MES	11096
ADRN	152273
MES	201163
ADRN	23228
ADRN	220134
MES	63895
ADRN	146956
MES	2047
ADRN	56934
MES	81552
ADRN	129684
ADRN	5799
ADRN	23097
MES	158219
ADRN	55326
ADRN	401647
MES	65983
MES	4343
MES	389
MES	333926
MES	2890
ADRN	342357
ADRN	118788
MES	9601
MES	8324
MES	64798
ADRN	9844
ADRN	92370
MES	51643
ADRN	23426
MES	137492
ADRN	3798
MES	90550
MES	118491
MES	3778
MES	9508
MES	56911
MES	100379661
MES	571
ADRN	7102
ADRN	7074
ADRN	22986
MES	8817
ADRN	5097
MES	153769
MES	392255
MES	3788
ADRN	286151
MES	80201
MES	135228
ADRN	57497
MES	27020
ADRN	137970
ADRN	55093
ADRN	29028
MES	114907
MES	391059
ADRN	163786
ADRN	93010
ADRN	701
ADRN	23057
ADRN	491
MES	11030
MES	134285
ADRN	6854
MES	3084
MES	55707
ADRN	23648
MES	4323
MES	115817
MES	415
MES	55799
ADRN	9133
MES	4643
MES	134265
MES	2078
ADRN	90139
MES	150082
MES	4599
MES	90993
MES	124565
MES	445815
ADRN	9162
ADRN	79856
ADRN	9478
ADRN	150946
ADRN	56896
ADRN	55698
MES	26119
ADRN	116987
MES	5051
MES	2134
MES	9577
MES	144406
MES	63875
MES	127262
MES	195827
MES	55113
ADRN	11013
ADRN	105376156
ADRN	2176
ADRN	83850
MES	115572
MES	81035
ADRN	388591
MES	8450
ADRN	100528062
ADRN	114928
MES	57477
ADRN	995
MES	8365
ADRN	286527
ADRN	340348
ADRN	1780
ADRN	9753
MES	8407
MES	2005
MES	85414
ADRN	3362
MES	50848
MES	65018
ADRN	9507
ADRN	51735
ADRN	2035
MES	6781
MES	1465
MES	1827
MES	65264
MES	54102
MES	149473
MES	100506403
MES	861
ADRN	10642
MES	874
ADRN	57369
ADRN	8208
MES	3141
ADRN	80274
MES	51706
MES	715
ADRN	11189
ADRN	57519
MES	267
ADRN	1636
MES	9813
MES	10417
MES	29800
MES	57732
ADRN	146206
MES	7791
ADRN	284348
MES	203260
ADRN	7638
ADRN	115650
MES	56063
ADRN	252995
ADRN	27151
ADRN	9619
MES	54020
ADRN	875
ADRN	102724560
MES	2539
MES	1476
MES	139716
ADRN	7617
ADRN	5900
ADRN	54058
ADRN	5116
ADRN	7757
MES	138162
ADRN	148206
ADRN	29941
ADRN	57731
ADRN	84446
MES	284086
MES	116238
MES	51043
MES	79671
MES	3570
ADRN	1141
MES	55129
ADRN	79957
MES	4000
ADRN	23218
MES	5745
ADRN	4796
MES	5731
ADRN	9401
ADRN	136227
ADRN	10603
MES	8878
MES	11282
MES	222235
ADRN	60680
MES	1173
MES	5130
ADRN	622
ADRN	84911
MES	2232
ADRN	114757
MES	3678
ADRN	4356
MES	126119
ADRN	50944
ADRN	284069
ADRN	80174
MES	113026
ADRN	29127
MES	160622
ADRN	147841
MES	58191
ADRN	255877
ADRN	2256
ADRN	80178
ADRN	899
ADRN	4917
ADRN	124222
ADRN	22941
MES	220002
ADRN	80150
ADRN	2785
MES	3699
MES	8986
MES	51727
ADRN	79656
ADRN	1996
MES	6512
MES	8613
MES	9903
ADRN	57643
MES	3716
ADRN	55225
MES	54751
ADRN	284723
MES	9249
MES	9672
MES	81493
MES	255104
MES	249
ADRN	54361
MES	1953
MES	115209
ADRN	7398
MES	91624
MES	11080
MES	8707
MES	2634
ADRN	164045
ADRN	343450
MES	7412
MES	148867
MES	25893
ADRN	3765
MES	4921
MES	8682
MES	23385
ADRN	57216
MES	25903
ADRN	28982
ADRN	64783
MES	79961
MES	126859
MES	51278
MES	79762
ADRN	55083
ADRN	91461
MES	9261
MES	824
MES	130814
ADRN	4760
ADRN	2487
ADRN	165055
ADRN	150726
MES	72
ADRN	7447
ADRN	3020
ADRN	56997
ADRN	151473
MES	2019
ADRN	130367
MES	129446
MES	1520
MES	4487
MES	6282
MES	3713
MES	151195
MES	118429
ADRN	151556
MES	57326
MES	9076
MES	1293
ADRN	55765
MES	285203
MES	11167
MES	25802
ADRN	92691
MES	3490
MES	10109
MES	152110
ADRN	54738
ADRN	57650
MES	7048
MES	2199
ADRN	23122
MES	81788
MES	3428
MES	56648
MES	200916
ADRN	151742
MES	8618
MES	166336
ADRN	56999
MES	25976
MES	5806
ADRN	85443
MES	54502
MES	323
MES	84818
MES	26577
ADRN	441024
MES	2992
ADRN	11073
ADRN	285126
ADRN	56992
MES	64866
MES	79443
MES	79442
MES	151636
ADRN	349565
ADRN	2899
MES	80149
ADRN	28999
ADRN	94032
ADRN	5984
ADRN	116832
MES	4043
MES	4241
ADRN	84448
MES	114625
MES	166929
MES	79982
MES	10424
ADRN	993
ADRN	51385
MES	51246
MES	10252
ADRN	8927
ADRN	79012
ADRN	2912
MES	132160
ADRN	3148
MES	11341
ADRN	9464
ADRN	4085
MES	308
MES	132332
ADRN	80817
MES	55314
MES	51313
MES	3600
MES	3673
MES	4338
MES	2151
MES	651746
MES	2150
MES	493869
MES	256987
MES	51752
MES	64167
ADRN	133584
MES	7098
ADRN	7015
MES	134549
MES	10370
MES	153222
MES	285761
MES	154075
MES	114801
MES	134957
MES	133396
ADRN	23366
MES	9263
MES	55568
ADRN	91977
ADRN	9232
MES	168667
ADRN	285613
ADRN	8645
MES	221458
ADRN	222962
ADRN	55536
ADRN	54468
ADRN	222223
ADRN	25862
MES	94120
ADRN	619279
MES	1278
MES	84624
MES	25798
MES	1508
MES	10395
ADRN	107
MES	157773
ADRN	90390
MES	114788
ADRN	157753
ADRN	115330
MES	79778
MES	6522
ADRN	154791
MES	8323
MES	115908
MES	94241
MES	2669
MES	54704
ADRN	11168
MES	19
ADRN	79698
MES	116328
ADRN	158158
ADRN	80318
MES	79987
ADRN	2203
ADRN	84302
MES	6990
MES	155368
ADRN	158405
MES	57526
ADRN	5277
ADRN	55342
MES	84270
ADRN	65268
ADRN	538
ADRN	195828
MES	360
MES	220213
ADRN	84889
ADRN	203522
MES	1073
MES	219654
ADRN	84457
MES	3636
ADRN	401
MES	51084
ADRN	221150
ADRN	220042
MES	11067
ADRN	161436
ADRN	57156
ADRN	89890
ADRN	644168
MES	51339
ADRN	6571
ADRN	138311
ADRN	219736
ADRN	5979
MES	57608
MES	840
MES	53349
ADRN	143379
ADRN	259217
MES	80019
MES	143872
MES	91252
ADRN	4745
MES	9200
MES	5654
MES	255394
MES	11245
ADRN	55530
MES	121457
MES	2200
ADRN	1152
MES	55323
ADRN	2562
MES	146562
ADRN	55800
MES	54838
MES	102724307
MES	717
ADRN	55273
MES	6609
MES	3611
MES	1200
MES	81832
MES	8710
MES	5271
ADRN	7275
ADRN	79608
ADRN	4004
ADRN	1381
MES	9866
MES	124359
ADRN	222865
MES	114780
ADRN	50810
ADRN	4176
ADRN	80323
MES	7084
MES	23423
MES	81565
ADRN	201161
MES	6236
ADRN	89832
MES	4319
ADRN	780776
MES	144100
ADRN	80095
MES	567
MES	4837
MES	162394
MES	5479
MES	63901
ADRN	9768
MES	197257
MES	348093
ADRN	9880
ADRN	10369
ADRN	6866
ADRN	23306
MES	6778
MES	6809
MES	79837
ADRN	222950
MES	4088
MES	4130
MES	245812
MES	2923
ADRN	375607
ADRN	129049
MES	150290
MES	162461
MES	399665
MES	80221
MES	51148
ADRN	2021
ADRN	51450
ADRN	57611
MES	51704
ADRN	7644
MES	4645
MES	6786
ADRN	6240
MES	55128
ADRN	112476
ADRN	94235
MES	7171
ADRN	81620
ADRN	124923
ADRN	147011
ADRN	147015
MES	90313
MES	29946
MES	53916
MES	558
MES	148170
ADRN	284339
ADRN	10653
ADRN	85300
MES	1613
ADRN	10036
MES	144501
ADRN	283248
MES	51129
MES	84926
MES	3489
ADRN	7001
ADRN	7775
ADRN	283987
ADRN	146664
MES	83986
ADRN	57524
ADRN	21
ADRN	220001
MES	2495
MES	6520
MES	9881
MES	199223
MES	283234
MES	51435
ADRN	55872
MES	114990
ADRN	79725
ADRN	2786
ADRN	64943
ADRN	3800
MES	4247
ADRN	84684
MES	11259
MES	6890
MES	624
MES	197259
ADRN	55806
MES	11031
MES	7148
ADRN	203190
MES	649
ADRN	9796
ADRN	2237
MES	8436
MES	23255
MES	2637
MES	347735
ADRN	1128
ADRN	2675
MES	6774
MES	8754
MES	2668
ADRN	8313
MES	157638
MES	9122
MES	3575
MES	53353
MES	2948
ADRN	80319
MES	116236
ADRN	9925
MES	6645
ADRN	27065
ADRN	3354
MES	84913
MES	79155
MES	129303
MES	10791
ADRN	375704
ADRN	57507
ADRN	80723
MES	5480
MES	10251
MES	29091
ADRN	10815
MES	221749
MES	54951
MES	3667
MES	345651
ADRN	4920
MES	22809
ADRN	126129
MES	4330
MES	5865
MES	7059
MES	11238
MES	79628
MES	154
ADRN	114787
MES	8988
MES	7881
MES	190
MES	11141
MES	9197
MES	4881
ADRN	51305
MES	3576
MES	6335
MES	83877
MES	59339
MES	25932
MES	9839
MES	285605
MES	9022
MES	84168
ADRN	150468
ADRN	23119
MES	7798
ADRN	699
ADRN	1138
MES	10555
MES	4493
MES	9079
ADRN	5881
MES	3987
MES	7360
ADRN	84894
MES	686
MES	55454
MES	5099
MES	6091
ADRN	1501
MES	81844
MES	8460
MES	4071
ADRN	161725
MES	131616
MES	4648
MES	201799
ADRN	25924
ADRN	9196
ADRN	375484
ADRN	51617
ADRN	123606
MES	23235
ADRN	57484
ADRN	3233
ADRN	2172
ADRN	84140
MES	10826
MES	10491
ADRN	983
MES	2167
MES	2353
MES	10972
ADRN	6419
MES	4086
MES	9723
MES	7779
ADRN	222008
MES	3856
MES	136
ADRN	152518
MES	4862
MES	57228
MES	1000
MES	133418
MES	6773
MES	6444
MES	83787
ADRN	347273
ADRN	162979
MES	2861
ADRN	1056
ADRN	2850
ADRN	9788
MES	79188
MES	54360
ADRN	85315
MES	3037
MES	80310
ADRN	90161
MES	80131
MES	9637
ADRN	83595
MES	53838
ADRN	238
MES	4534
ADRN	3643
ADRN	170850
MES	9655
MES	29071
ADRN	81831
ADRN	55561
MES	140738
MES	4884
ADRN	90594
MES	2548
ADRN	3777
ADRN	55636
ADRN	157570
MES	3866
ADRN	11076
MES	9
ADRN	4163
ADRN	8941
MES	92126
ADRN	65989
MES	84525
ADRN	23566
MES	598
ADRN	1826
MES	51523
MES	5293
MES	80176
ADRN	284307
ADRN	10243
MES	57687
ADRN	55092
ADRN	2628
ADRN	596
MES	85442
MES	719
MES	5621
MES	146
MES	84978
MES	51030
MES	7857
ADRN	2596
MES	3913
MES	8462
MES	131578
MES	55106
ADRN	257019
MES	6641
ADRN	27085
MES	154141
ADRN	2845
MES	1051
ADRN	375444
ADRN	114900
ADRN	140733
ADRN	253782
MES	55304
MES	55352
MES	8708
MES	8801
MES	80765
MES	27254
MES	55970
ADRN	83886
MES	55277
ADRN	10690
MES	57571
MES	348938
MES	10125
ADRN	5883
MES	30008
MES	80194
MES	64393
ADRN	148203
ADRN	91607
MES	57175
MES	221468
ADRN	79612
MES	339122
ADRN	254122
ADRN	9420
MES	5916
MES	54961
MES	51162
MES	55191
MES	26579
MES	541471
MES	344558
MES	727936
MES	257236
ADRN	340252
ADRN	54674
ADRN	80070
MES	54625
ADRN	1163
MES	22885
MES	81839
MES	91683
ADRN	158399
ADRN	56977
MES	1605
ADRN	3642
MES	1600
MES	254102
ADRN	256130
MES	5797
MES	79834
MES	1464
MES	257364
MES	64859
MES	27284
MES	11163
ADRN	5091
MES	64802
MES	26032
MES	57493
ADRN	124857
MES	57674
ADRN	220359
ADRN	81033
MES	23333
ADRN	84733
ADRN	6712
MES	114897
MES	115123
ADRN	353189
MES	128344
ADRN	80311
MES	253512
MES	253827
MES	10333
MES	285704
ADRN	344191
MES	57659
ADRN	8711
MES	23612
MES	127435
MES	219833
ADRN	9156
ADRN	400986
ADRN	148014
ADRN	162968
ADRN	7368
MES	6578
ADRN	3177
ADRN	9024
MES	9610
MES	152816
MES	8322
MES	57124
ADRN	254263
MES	155185
MES	9435
ADRN	11065
ADRN	149420
ADRN	92369
ADRN	5897
MES	55690
ADRN	65108
ADRN	200197
ADRN	253559
ADRN	22843
MES	1649
ADRN	4878
MES	392
MES	1474
ADRN	162655
ADRN	1139
MES	56674
MES	56675
ADRN	5122
MES	79772
MES	57804
MES	23529
MES	10589
MES	79836
MES	83638
ADRN	51642
MES	8061
MES	79783
ADRN	116028
MES	146691
ADRN	58492
MES	205251
ADRN	145270
ADRN	169841
MES	375757
ADRN	797
MES	200407
ADRN	3234
MES	79666
MES	379
ADRN	63893
MES	93129
ADRN	400224
MES	84617
MES	116068
MES	26471
MES	8877
ADRN	79915
ADRN	25914
ADRN	414149
ADRN	7694
ADRN	79369
ADRN	3291
MES	63951
MES	84277
MES	284346
MES	11145
ADRN	148252
MES	222171
ADRN	100128398
ADRN	9920
MES	4642
MES	666
ADRN	8851
ADRN	284424
MES	284207
ADRN	2902
ADRN	6664
ADRN	7298
MES	56892
ADRN	284358
MES	51301
ADRN	4062
MES	387758
MES	147912
ADRN	54503
ADRN	5426
ADRN	57453
MES	391
MES	64787
ADRN	283576
MES	196527
ADRN	403341
MES	440672
ADRN	284716
ADRN	157807
MES	6197
MES	374907
MES	11253
ADRN	3738
MES	253461
ADRN	8541
MES	219285
MES	5074
MES	7050
ADRN	266812
MES	203111
MES	284119
ADRN	51046
MES	79874
MES	475
MES	401474
ADRN	83903
MES	3725
ADRN	79605
MES	2629
MES	57104
MES	57085
ADRN	283316
ADRN	222183
MES	254827
MES	977
MES	5441
MES	25945
MES	2314
ADRN	10949
MES	648987
MES	66005
ADRN	253639
MES	8269
MES	1176
ADRN	30832
MES	92949
MES	254228
MES	259173
ADRN	163071
ADRN	205147
ADRN	285676
ADRN	57191
MES	5339
ADRN	114798
ADRN	348654
MES	282679
ADRN	152573
MES	79962
MES	100653515
ADRN	2731
MES	767
MES	4094
ADRN	80034
MES	84875
ADRN	54913
MES	2907
MES	22882
MES	389336
MES	9242
ADRN	285346
ADRN	5198
ADRN	399668
MES	51341
ADRN	80010
ADRN	9212
ADRN	317761
MES	286499
ADRN	84667
MES	59344
MES	2517
MES	811
ADRN	100506127
MES	440087
ADRN	256472
ADRN	23302
ADRN	54734
ADRN	2624
ADRN	10620
MES	2262
MES	24147
MES	3352
ADRN	201164
ADRN	2918
MES	144811
MES	91523
ADRN	729614
MES	727957
MES	9792
MES	126326
ADRN	9378
MES	55017
MES	284297
ADRN	401097
ADRN	100289137
ADRN	253650
ADRN	255043
ADRN	1731
ADRN	7054
ADRN	200150
MES	386618
ADRN	222166
MES	90411
MES	2619
MES	8334
ADRN	387640
MES	8347
MES	151963
MES	84333
ADRN	4081
MES	79642
ADRN	389840
ADRN	10224
MES	64388
MES	404093
ADRN	283554
MES	166379
MES	1728
ADRN	1129
MES	2149
ADRN	55526
ADRN	389197
ADRN	92293
MES	284114
MES	91351
ADRN	9625
ADRN	23109
MES	6657
ADRN	339500
MES	5912
MES	6448
MES	7262
ADRN	285973
ADRN	575
MES	285195
MES	55343
ADRN	6517
ADRN	55228
ADRN	3418
MES	375061
ADRN	11022
MES	64764
ADRN	8633
MES	7318
MES	2131
MES	10159
MES	23336
MES	338322
ADRN	55137
ADRN	338707
MES	716
MES	2055
ADRN	55344
MES	11247
ADRN	400629
ADRN	128553
ADRN	402415
MES	633
MES	439921
MES	3985
MES	84975
ADRN	6304
ADRN	2049
ADRN	9951
MES	83882
ADRN	283870
MES	302
ADRN	340146
MES	5069
ADRN	2894
MES	1397
MES	345557
MES	80781
MES	6734
ADRN	389114
ADRN	124976
ADRN	18
MES	150084
MES	2621
ADRN	57596
MES	10082
ADRN	163933
ADRN	2842
ADRN	83698
ADRN	80164
MES	754
ADRN	5343
MES	147372
ADRN	27439
ADRN	284656
ADRN	54880
MES	126075
MES	54101
MES	4600
ADRN	84206
MES	54855
ADRN	54039
MES	388121
MES	128989
ADRN	441061
ADRN	64410
MES	5678
MES	9241
MES	7378
MES	4978
MES	10186
MES	29110
ADRN	10293
ADRN	11200
MES	668
MES	10317
MES	80139
ADRN	90187
ADRN	286826
ADRN	29944
MES	2863
ADRN	100129543
MES	55243
ADRN	128239
ADRN	6331
MES	340075
ADRN	130502
ADRN	219527
ADRN	131096
MES	71
ADRN	6900
MES	79174
ADRN	54328
ADRN	11066
MES	5101
MES	220323
MES	5587
ADRN	401145
MES	254887
ADRN	256714
MES	1435
MES	84517
MES	84441
ADRN	26039
ADRN	9735
ADRN	5454
MES	348013
MES	5627
ADRN	340542
ADRN	1850
MES	9021
MES	340061
ADRN	5142
MES	284467
ADRN	90134
ADRN	4753
ADRN	81931
ADRN	157313
ADRN	139285
MES	8349
ADRN	5413
ADRN	389816
MES	25923
ADRN	6991
ADRN	340562
MES	51334
MES	54732
MES	9823
ADRN	8971
ADRN	140597
ADRN	3714
MES	11274
ADRN	140707
ADRN	6092
MES	2157
MES	23764
MES	10519
MES	56899
MES	100130771
MES	23768
MES	51065
ADRN	149175
MES	387263
ADRN	4887
MES	283820
ADRN	353274
MES	285755
ADRN	7625
ADRN	147111
MES	8651
MES	6948
MES	10634
MES	266722
MES	93349
MES	123283
MES	64754
MES	25840
MES	374395
ADRN	55010
MES	4582
MES	5592
MES	7026
ADRN	8788
MES	113146
MES	169611
ADRN	389119
ADRN	64714
MES	89782
MES	5034
MES	399694
MES	677
ADRN	6490
ADRN	8224
MES	3434
MES	339366
MES	80333
MES	5833
ADRN	339983
MES	339512
ADRN	374899
MES	3916
ADRN	5727
ADRN	84924
ADRN	157567
MES	283149
ADRN	146909
ADRN	89958
ADRN	64757
MES	345079
ADRN	388567
ADRN	2558
MES	7058
MES	353322
MES	200035
ADRN	115560
MES	4674
MES	11118
ADRN	27445
ADRN	23040
MES	4771
MES	221491
MES	7328
MES	84981
ADRN	84842
ADRN	5138
ADRN	90668
MES	55615
ADRN	139599
MES	25794
ADRN	654254
MES	10614
MES	105374836
MES	129293
ADRN	79955
MES	23275
ADRN	4137
ADRN	54821
ADRN	338761
ADRN	349667
ADRN	55893
MES	64800
MES	138428
MES	5333
MES	957
MES	4286
ADRN	6585
MES	130574
MES	1645
ADRN	342865
MES	4501
MES	2650
MES	23048
MES	79659
MES	4059
ADRN	349136
MES	1630
MES	338645
ADRN	387763
ADRN	3767
MES	1282
ADRN	5757
ADRN	200424
ADRN	57335
MES	9636
ADRN	404037
MES	79875
ADRN	2175
ADRN	79048
ADRN	10507
ADRN	389421
ADRN	64170
ADRN	375033
MES	57048
ADRN	342979
ADRN	100288637
MES	7373
ADRN	222696
MES	6274
MES	10123
ADRN	65998
ADRN	346007
MES	375790
ADRN	199777
ADRN	374383
ADRN	390927
ADRN	57801
ADRN	401541
ADRN	388228
ADRN	10991
ADRN	282973
MES	6402
ADRN	375298
MES	389792
ADRN	3014
MES	644815
MES	388115
ADRN	345630
MES	144535
ADRN	728833
ADRN	653820
ADRN	340719
ADRN	340784
MES	1806
MES	140576
ADRN	340277
ADRN	130612
ADRN	388336
ADRN	79844
ADRN	389206
ADRN	149297
ADRN	346689
MES	642938
ADRN	23036
MES	51136
ADRN	374393
ADRN	3005
MES	219348
MES	1364
MES	100129583
MES	6284
ADRN	7581
ADRN	4128
MES	654433
ADRN	9729
ADRN	3146
MES	8510
MES	400745
ADRN	440519
MES	3556
ADRN	11122
ADRN	5079
MES	23424
ADRN	4661
MES	8644
MES	6275
MES	79633
ADRN	148213
MES	83931
MES	9725
ADRN	64218
ADRN	9687
ADRN	51427
ADRN	131034
ADRN	1995
ADRN	55190
ADRN	79754
MES	388324
ADRN	51466
MES	2050
ADRN	7678
ADRN	284739
ADRN	2104
MES	6817
MES	27010
MES	6536
MES	60312
ADRN	165679
MES	4311
ADRN	728833
ADRN	729533
ADRN	8912
MES	3908
MES	23654
ADRN	55966
ADRN	7516
MES	4312
ADRN	6925
MES	3269
ADRN	55532
MES	100287569
ADRN	643836
ADRN	7442
ADRN	7582
ADRN	170959
ADRN	147686
MES	2760
MES	6273
ADRN	7088
ADRN	55534
ADRN	80345
ADRN	89853
MES	100
MES	10865
MES	3914
MES	9260
MES	2316
MES	219623
MES	10447
MES	837
MES	307
ADRN	642968
ADRN	7697
MES	29950
ADRN	163227
MES	309
MES	284266
MES	85379
MES	3482
MES	79690
ADRN	80055
ADRN	6714
ADRN	113835
MES	124905135
MES	400931
MES	6583
MES	25959
MES	135398
ADRN	100190938
MES	128486
ADRN	641
ADRN	399717
MES	6840
MES	26020
ADRN	401898
ADRN	148198
ADRN	171392
MES	104
MES	728
ADRN	1735
MES	79674
ADRN	55753
MES	373156
ADRN	50861
MES	5154
MES	1305
ADRN	57116
MES	81031
MES	64078
MES	26037
MES	23556
MES	11147
MES	5167
MES	8076
MES	80380
MES	55742
MES	92689
MES	5660
MES	6281
ADRN	222662
MES	6884
ADRN	9719
MES	4641
MES	85236
ADRN	342926
MES	105369213
MES	5336
MES	89848
MES	6277
ADRN	26052
MES	4155
ADRN	54898
ADRN	440295
MES	51135
MES	57089
ADRN	147741
ADRN	10793
MES	140885
ADRN	5557
ADRN	27233
MES	23607
MES	337876
MES	54863
ADRN	27300
ADRN	84775
ADRN	55713
ADRN	83694
MES	642489
MES	6815
ADRN	5178
ADRN	219844
MES	444
ADRN	200734
MES	50618
ADRN	4914
MES	7296
ADRN	441478
MES	7169
MES	7975
ADRN	7594
MES	9358
ADRN	343035
ADRN	23237
ADRN	9745
MES	26112
ADRN	6262
MES	9060
MES	24
MES	112770
ADRN	124930
ADRN	64093
MES	164284
MES	25829
ADRN	192683
MES	25925
MES	115701
MES	113402
ADRN	3151
MES	140606
MES	92235
MES	11153
ADRN	100129792
ADRN	57713
ADRN	150771
MES	149345
ADRN	9055
ADRN	3897
ADRN	9722
MES	158511
ADRN	134548
MES	84456
MES	9848
MES	101928198
MES	7052
MES	54470
ADRN	6096
MES	259230
ADRN	109729141
ADRN	375057
MES	388722
MES	389432
ADRN	387103
MES	92565
MES	196051
ADRN	154442
ADRN	100113403
ADRN	100505933
ADRN	134701
ADRN	286411
ADRN	109729184
MES	221424
MES	124900275
ADRN	340543
ADRN	257407
ADRN	340527
ADRN	57683
MES	3108
MES	100507463
MES	1290
MES	5696
MES	6891
ADRN	4855
ADRN	177
MES	400743
ADRN	221527
MES	143903
MES	4758
ADRN	4439
ADRN	55937
MES	4277
ADRN	90233
MES	100507436
MES	3107
MES	170679
ADRN	80742
MES	780
MES	3133
ADRN	57540
ADRN	147081
ADRN	554235
MES	100268168
MES	100131897
ADRN	554251
ADRN	401431
MES	57126
MES	5673
MES	56114
ADRN	56140
ADRN	56146
MES	93035
MES	100130958
MES	79583
ADRN	149837
ADRN	201725
MES	5699
ADRN	5150
ADRN	100113407
ADRN	56953
MES	9289
MES	54458
MES	388135
MES	3426
MES	54809
MES	255919
MES	3887
MES	7114
ADRN	100144603
ADRN	8110
ADRN	339674
MES	162073
MES	192668
ADRN	653082
MES	57194
MES	3136
MES	131873
MES	3105
ADRN	348801
MES	389136
ADRN	131405
MES	152098
MES	23243
ADRN	8292
MES	23012
ADRN	338799
ADRN	84258
ADRN	400798
ADRN	2532
ADRN	151230
ADRN	100526832
ADRN	83463
ADRN	84986
MES	3931
MES	4111
ADRN	221914
MES	286467
ADRN	594855
MES	3073
MES	54741
MES	81606
MES	1903
MES	1192
ADRN	534
MES	147040
MES	10379
ADRN	730087
MES	30851
ADRN	7643
ADRN	101060200
MES	7106
ADRN	768206
MES	401397
MES	283
ADRN	344167
ADRN	387104
ADRN	54492
MES	100528020
MES	64506
ADRN	400954
ADRN	442319
MES	4515
MES	196913
MES	283551
MES	64283
MES	729920
ADRN	392862
ADRN	134111
MES	4636
ADRN	388815
ADRN	85508
ADRN	407975
ADRN	114044
ADRN	3166
ADRN	728833
MES	10437
MES	648791
MES	101929145
ADRN	2189
ADRN	91584
MES	4102
MES	4105
MES	1052
MES	5676
ADRN	23467
MES	10626
ADRN	388759
MES	84561
MES	80830
MES	3995
MES	149478
MES	112597
ADRN	378881
ADRN	100507257
ADRN	124905179
ADRN	284391
ADRN	548596
ADRN	1159
ADRN	3115
MES	114902
ADRN	100129175
MES	285954
ADRN	285878
MES	92340
ADRN	199800
ADRN	642659
MES	283050
MES	100302401
ADRN	100129845
ADRN	101927300
ADRN	401399
MES	9842
ADRN	400765
ADRN	124904228
MES	139281638
ADRN	102723305
MES	84627
ADRN	440823
MES	2074
ADRN	26082
ADRN	101929329
ADRN	100129215
MES	100506834
MES	79134
ADRN	105373984
ADRN	107986806
MES	401014
MES	440498
ADRN	100288413
ADRN	57291
MES	100499467
MES	400619
ADRN	56967
MES	107985194
MES	100287225
ADRN	100505538
MES	102723834
ADRN	122152331
ADRN	122152326
MES	643723
ADRN	100507057
ADRN	386597
ADRN	1719
ADRN	100996635
MES	101927482
MES	100507347
ADRN	100128640
MES	401093
ADRN	57615
ADRN	102723775
ADRN	400604
ADRN	104169671
ADRN	139198561
MES	404281
MES	105378305
ADRN	100132948
ADRN	8847
ADRN	643749
MES	5669
MES	5672
MES	6892
ADRN	114821
MES	643382
MES	389813
MES	107985200
MES	100996732
MES	100507507
ADRN	102723508
MES	100506697
ADRN	127814295
ADRN	107985040
MES	100129434
MES	2876
MES	117581
MES	728431
ADRN	105376748
ADRN	10408
ADRN	101927289
ADRN	102723927
ADRN	105372840
ADRN	338651
ADRN	440567
MES	101928820
ADRN	730130
ADRN	101927554
ADRN	728927
ADRN	390940
ADRN	8629
ADRN	107985882
ADRN	101927043
MES	3106
MES	441389
ADRN	101929445
MES	387882
ADRN	255031
MES	109729169
MES	100132891
ADRN	107984875
ADRN	400242
MES	646324
ADRN	90271
MES	8705
ADRN	100874238
ADRN	100509894
ADRN	284900
ADRN	84968
ADRN	128966702
ADRN	112935969
ADRN	401491
ADRN	100506108
ADRN	101927973
MES	100506922
MES	100506881
MES	618
ADRN	81571
ADRN	79804
MES	100131213
MES	84752
MES	441094
MES	150142
ADRN	1159
ADRN	548596
ADRN	100129842
ADRN	150051
ADRN	3833
MES	100507516
ADRN	439949
ADRN	101929337
ADRN	100506215
MES	81567
MES	652968
ADRN	723809
ADRN	400793
MES	5698
ADRN	102724019
MES	5098
ADRN	100287482
MES	84129
MES	105374003
ADRN	10687
MES	56097
ADRN	285286
MES	101927111
MES	374286
ADRN	57026
MES	9936
ADRN	8577
MES	80301
MES	541565
MES	112817
MES	23600
ADRN	51537
ADRN	398
MES	5670
MES	26286
ADRN	23089
ADRN	102723672
ADRN	107986119
MES	728591
ADRN	340526
MES	9907
ADRN	163051
MES	5680
MES	5672
MES	11037
MES	1945
MES	3588
MES	629
MES	344595
MES	100506144
MES	9054
MES	91179
MES	27350
MES	442213
MES	440028
MES	283131
MES	101927204
ADRN	100652791
ADRN	101927074
MES	100507053
ADRN	124903670
ADRN	121233925
MES	284080
MES	55766
ADRN	124906712
MES	105369147
ADRN	283596
MES	729013
ADRN	85364
ADRN	101928847
MES	11344
MES	257396
MES	100506668
ADRN	101928509
ADRN	100507602
ADRN	101928649
MES	285505
ADRN	654790
ADRN	283731
MES	342184
ADRN	23354
ADRN	4671
MES	100292680
ADRN	653125
MES	25907
MES	641364
MES	283140
ADRN	255403
ADRN	105377623
ADRN	105374425
ADRN	101928595
MES	100526761
MES	100302736
ADRN	105377543
ADRN	100526694
MES	100507487
MES	101928893
MES	2297
MES	378938
ADRN	677768
ADRN	157627
MES	168455
MES	388610
MES	105375751
MES	100750225
ADRN	100507341
MES	107986952
ADRN	552889
ADRN	101928058
MES	56106
ADRN	8641
MES	137075
MES	107986951
ADRN	441381
MES	728975
ADRN	388015
ADRN	129810502
ADRN	92312
ADRN	692247
MES	399959
ADRN	56145
ADRN	254559
ADRN	9865
ADRN	23642
MES	493913
MES	1519
MES	85027
MES	100288695
ADRN	56242
MES	96626
ADRN	100128191
MES	100506606
MES	105369848
MES	8972
MES	8693
ADRN	151534
MES	255783
ADRN	105369758
ADRN	101927267
ADRN	283624
ADRN	64150
MES	53840
MES	102724814
ADRN	112268124
MES	6038
ADRN	90799
ADRN	388021
MES	102724015
MES	3690
ADRN	109729181
MES	105370876
MES	145694
ADRN	107985879
ADRN	101929560
MES	101929690
ADRN	642366
MES	100131315
MES	100507588
MES	124903667
ADRN	23732
ADRN	100527963
ADRN	119863870
MES	101927809
ADRN	102723166
MES	197187
ADRN	150967
ADRN	343702
MES	9236
MES	101927155
ADRN	100507421
MES	83481
ADRN	401720
ADRN	105274304
MES	112806053
ADRN	124906037
ADRN	124906033
ADRN	83482
ADRN	100506083
ADRN	728498
MES	100534599
MES	100287616
ADRN	730183
MES	124900372
MES	100129781
ADRN	110806279
MES	56111
ADRN	100294362
MES	9641
ADRN	100287042
MES	728113
MES	653145
MES	653145
MES	9554
ADRN	57597
ADRN	2662
ADRN	101927720
ADRN	342892
ADRN	110806298
ADRN	728485
ADRN	103689912
ADRN	101927855
MES	400617
ADRN	100507433
ADRN	26974
ADRN	400685
ADRN	126568845
ADRN	56936
ADRN	105372321
ADRN	644656
ADRN	54553
MES	100652739
ADRN	100073347
MES	389903
MES	102723547
MES	388630
ADRN	101669766
MES	8517
ADRN	104472717
ADRN	100505761
ADRN	10984
ADRN	122539214
MES	152048
MES	25832
ADRN	91608
MES	339929
MES	100132406
ADRN	79148
ADRN	115308161
MES	105377023
MES	389332
MES	404672
MES	100129461
ADRN	105374971
ADRN	11165
ADRN	100133941
MES	100631383
ADRN	123706533
ADRN	152687
ADRN	8447
ADRN	105377540
ADRN	26220
ADRN	107984262
ADRN	112441426
ADRN	105375517
ADRN	105375519
MES	25786
ADRN	118568803
ADRN	100170841
ADRN	79159
ADRN	30837
ADRN	283683
ADRN	102724560
ADRN	102724701
ADRN	102724219
ADRN	389831
ADRN	139189
MES	79873
MES	157285
ADRN	389610
ADRN	8345
MES	57636
ADRN	102724594
MES	102724428
MES	11072
ADRN	29128
MES	101929494
MES	338382
ADRN	1602
MES	653145
ADRN	102724701
ADRN	102724843
ADRN	389831
ADRN	100287808
ADRN	101928991
ADRN	150384
ADRN	80725
ADRN	93474
ADRN	110806277
ADRN	4747
MES	105371267
ADRN	201299
ADRN	7554
ADRN	7772
ADRN	124905527
ADRN	144486
ADRN	105379487
MES	100130890
ADRN	102724859
ADRN	100132249
ADRN	100130148
ADRN	124905527
ADRN	105379499
ADRN	285097
ADRN	124905527
ADRN	102724701
MES	105379507
ADRN	110806272
MES	103611157
ADRN	100507173
ADRN	105372705
MES	100507747
ADRN	89839
MES	643650
ADRN	145783
MES	128706666
MES	645485
MES	124900388
MES	728392
MES	114841035
ADRN	107985206
ADRN	101927505
MES	105377663
ADRN	119545628
MES	105369250
ADRN	122319436
MES	101927423
