gs_id	gene_id
MES	57185
MES	4267
ADRN	9957
MES	3927
MES	4074
ADRN	90293
ADRN	3382
ADRN	79007
MES	8837
ADRN	9108
MES	23129
ADRN	115703
MES	3052
ADRN	221981
MES	80256
MES	51226
ADRN	9256
MES	54677
ADRN	7748
MES	3675
MES	3920
ADRN	3674
MES	9244
ADRN	6833
MES	64847
MES	51330
ADRN	1750
ADRN	4293
MES	55971
ADRN	80853
MES	221
MES	85477
ADRN	8842
MES	64285
ADRN	9254
MES	7005
MES	29116
ADRN	1870
ADRN	6853
ADRN	3720
ADRN	7021
MES	9940
MES	9265
ADRN	53616
MES	6856
ADRN	1534
ADRN	1951
MES	10157
MES	4257
MES	4784
MES	64386
ADRN	23542
MES	9690
ADRN	10178
ADRN	2696
MES	9902
MES	10867
ADRN	54799
ADRN	8193
ADRN	9066
MES	5329
MES	1634
ADRN	23177
MES	57146
MES	7869
MES	30845
MES	23324
ADRN	57709
MES	5010
MES	9961
MES	9604
ADRN	1663
MES	50865
MES	9052
MES	10046
MES	23376
MES	10903
ADRN	440193
MES	64132
ADRN	3670
ADRN	55349
ADRN	22902
ADRN	1272
MES	25937
MES	55622
MES	23187
ADRN	56981
ADRN	57586
MES	6591
MES	23034
MES	1373
MES	6050
MES	1244
MES	2730
MES	30846
ADRN	3298
MES	7431
MES	355
MES	960
ADRN	3645
ADRN	7444
ADRN	5452
MES	56938
ADRN	286
ADRN	3149
MES	578
MES	2896
MES	54480
MES	55236
ADRN	9846
ADRN	321
MES	5606
MES	8504
MES	7414
ADRN	55789
MES	7077
ADRN	6570
MES	3224
MES	175
MES	1462
MES	26064
MES	54908
MES	54896
MES	1497
ADRN	65078
MES	1008
MES	5874
MES	3371
ADRN	140876
MES	84883
MES	54884
MES	23338
MES	1495
ADRN	54875
MES	3309
MES	1829
ADRN	2824
ADRN	27146
MES	50484
ADRN	55885
MES	23196
ADRN	1298
MES	11174
MES	9341
MES	4052
MES	5954
MES	3074
ADRN	340533
MES	27122
MES	9603
MES	51474
MES	9564
MES	9709
MES	9454
ADRN	5888
ADRN	23105
ADRN	1112
ADRN	4826
ADRN	83714
MES	3909
ADRN	3784
ADRN	23095
ADRN	2296
ADRN	23224
ADRN	57475
ADRN	140689
ADRN	3757
ADRN	26999
MES	116254
MES	114800
ADRN	112885
MES	131566
MES	6646
ADRN	57458
MES	5218
MES	29927
MES	4659
ADRN	816
MES	493
MES	64761
MES	6515
ADRN	5662
ADRN	23504
MES	1301
ADRN	84649
MES	81671
ADRN	5424
ADRN	124925
ADRN	770
MES	2817
MES	841
ADRN	22998
ADRN	10402
ADRN	9170
MES	5476
MES	1265
ADRN	9627
MES	10203
MES	9697
ADRN	55388
MES	1606
ADRN	91526
MES	10954
ADRN	23013
MES	4638
ADRN	9892
ADRN	51167
ADRN	123956252
MES	84679
ADRN	1496
MES	25791
ADRN	259266
MES	64834
ADRN	744
MES	2263
ADRN	26153
ADRN	10734
MES	5214
MES	6672
MES	1316
MES	8611
MES	23471
MES	7132
ADRN	782
MES	7813
MES	5315
ADRN	6857
MES	89795
ADRN	57595
ADRN	492
MES	2261
MES	3430
MES	7030
MES	2182
ADRN	65055
MES	9741
ADRN	10235
MES	27248
MES	54549
MES	602
ADRN	8514
ADRN	51083
MES	4734
MES	10681
MES	5873
MES	4925
MES	5774
ADRN	6710
ADRN	2255
MES	23446
MES	8218
MES	10272
MES	55062
ADRN	22844
MES	26031
ADRN	11320
MES	9948
MES	79658
MES	6400
ADRN	28951
MES	79901
ADRN	55117
ADRN	22859
MES	87
MES	55679
ADRN	55515
MES	10290
MES	64398
ADRN	8243
MES	8974
MES	37
MES	6793
ADRN	1400
MES	2121
ADRN	79041
MES	5817
ADRN	4171
MES	54456
MES	80216
ADRN	1183
ADRN	4185
MES	5523
MES	10979
ADRN	6480
MES	8301
MES	4854
ADRN	5522
MES	8463
ADRN	54825
ADRN	6620
MES	771
MES	11343
MES	59277
MES	9891
MES	56005
ADRN	3785
ADRN	51512
MES	10512
ADRN	23151
MES	9620
ADRN	119
MES	64778
MES	2355
ADRN	27091
MES	60
MES	5337
ADRN	284403
ADRN	4175
MES	25996
MES	5939
ADRN	5362
ADRN	10615
MES	88455
ADRN	124188259
ADRN	7163
MES	4162
MES	2239
ADRN	55796
ADRN	57662
ADRN	5909
ADRN	51412
ADRN	7155
MES	4791
ADRN	29089
ADRN	4660
MES	54431
MES	3566
ADRN	5063
ADRN	1641
ADRN	143684
MES	7107
ADRN	10003
MES	203427
ADRN	4133
MES	273
MES	2191
ADRN	10529
ADRN	55728
MES	57103
MES	8871
ADRN	54715
MES	1906
ADRN	117
ADRN	57690
ADRN	9139
MES	51150
ADRN	7161
MES	7145
ADRN	5050
ADRN	3835
ADRN	10590
ADRN	1653
MES	8417
ADRN	285220
ADRN	5991
MES	11043
MES	50509
ADRN	1136
MES	5891
ADRN	22997
ADRN	114819
ADRN	10403
ADRN	260425
MES	28962
ADRN	1005
MES	9262
ADRN	22869
MES	5205
MES	58538
MES	22837
ADRN	1741
MES	3776
MES	4779
ADRN	54437
MES	3693
MES	5351
ADRN	5026
MES	1540
MES	2195
MES	25978
MES	5978
MES	54434
MES	334
ADRN	79570
MES	966
MES	3732
MES	57590
ADRN	57549
ADRN	5243
MES	2017
MES	4258
MES	55624
MES	2683
MES	54749
ADRN	5475
MES	23645
MES	51171
MES	7205
MES	43
MES	2512
MES	4313
MES	54947
ADRN	2775
ADRN	57544
MES	22795
MES	5744
ADRN	116154
MES	51290
MES	5990
MES	55741
MES	111089941
ADRN	1789
MES	54498
MES	2280
MES	83959
ADRN	54997
MES	80024
MES	5829
ADRN	22895
ADRN	1114
ADRN	4842
MES	53827
ADRN	23415
MES	645
MES	6548
MES	3383
ADRN	7023
ADRN	24137
ADRN	10683
ADRN	4897
MES	3912
MES	54918
MES	3655
ADRN	11069
MES	23231
MES	22861
ADRN	4345
MES	151887
MES	23428
ADRN	57556
ADRN	79968
MES	8773
ADRN	1299
MES	4637
ADRN	1808
MES	7042
MES	1312
ADRN	9942
ADRN	23468
ADRN	4436
ADRN	4214
ADRN	1725
ADRN	54566
MES	1384
ADRN	10044
MES	55357
MES	25861
ADRN	10580
ADRN	55118
MES	3589
MES	3096
ADRN	2289
MES	3710
ADRN	8317
MES	5125
ADRN	6319
MES	79956
MES	8829
ADRN	56952
MES	54873
ADRN	55506
MES	9424
ADRN	1943
MES	610
MES	4616
ADRN	421
MES	51586
MES	4320
ADRN	27443
MES	9127
MES	83874
MES	23541
ADRN	29799
MES	29775
ADRN	157
ADRN	23544
MES	3956
MES	11078
ADRN	55964
MES	11015
ADRN	11144
ADRN	9567
MES	9609
MES	1727
ADRN	4744
MES	3162
MES	410
MES	706
MES	80339
MES	4627
MES	5372
MES	63874
MES	5836
MES	114088
ADRN	1033
MES	51382
MES	161394
MES	79890
MES	5641
ADRN	1113
MES	51804
ADRN	6547
MES	79038
ADRN	79882
MES	623
MES	51527
MES	89932
ADRN	9252
ADRN	57820
MES	394
ADRN	9985
MES	10484
MES	5360
MES	10544
ADRN	22981
ADRN	4605
ADRN	140730
ADRN	655
MES	7165
ADRN	11255
ADRN	28231
MES	4923
ADRN	1917
MES	57761
ADRN	343637
ADRN	128674
MES	81502
MES	9751
MES	10326
ADRN	5332
MES	23509
ADRN	57144
MES	182
ADRN	1869
MES	1471
ADRN	26051
ADRN	81610
MES	79953
MES	57136
ADRN	56853
MES	10627
MES	4092
MES	9388
ADRN	8715
MES	25878
ADRN	5422
MES	4281
ADRN	100101490
MES	56180
MES	8406
ADRN	6855
MES	5355
MES	5358
MES	2000
ADRN	10389
MES	7355
MES	84061
MES	83692
MES	8411
MES	7076
ADRN	27328
MES	51566
MES	259232
MES	688
MES	5611
MES	55757
MES	6445
MES	1203
MES	8717
ADRN	3299
ADRN	79153
ADRN	869
ADRN	23090
ADRN	50855
ADRN	55565
MES	55238
ADRN	55512
MES	23659
MES	4350
MES	51172
MES	23406
MES	8140
MES	79006
MES	9780
MES	64131
ADRN	4150
MES	6810
ADRN	84148
MES	23420
MES	50615
ADRN	6530
MES	64799
MES	114294
MES	10391
ADRN	8120
MES	23205
MES	57722
MES	2184
MES	57214
ADRN	9455
MES	30844
ADRN	22995
ADRN	29106
MES	57617
ADRN	11339
ADRN	50804
MES	5157
MES	51201
ADRN	79752
ADRN	7976
MES	8767
MES	8989
ADRN	793
MES	79815
MES	3551
MES	5327
ADRN	56704
MES	6788
ADRN	54332
ADRN	11075
MES	6674
ADRN	83988
MES	79792
MES	23516
ADRN	4741
MES	54793
MES	427
MES	3783
MES	4924
ADRN	10382
MES	5971
MES	2217
MES	10848
ADRN	8175
ADRN	268
ADRN	79816
ADRN	4858
MES	9466
ADRN	93145
MES	85360
ADRN	56961
ADRN	79187
MES	6510
ADRN	333
MES	7040
MES	10226
ADRN	29997
ADRN	478
ADRN	3978
MES	8605
ADRN	54922
MES	57664
ADRN	59284
MES	1777
ADRN	22983
ADRN	3780
ADRN	5864
MES	6324
ADRN	7639
MES	23474
ADRN	199731
ADRN	154661
ADRN	1021
MES	10135
MES	5445
ADRN	3696
ADRN	6671
ADRN	1749
MES	256227
MES	401312
MES	1687
MES	79974
MES	11112
MES	8887
MES	2887
MES	55033
ADRN	84725
ADRN	6804
MES	2051
MES	3315
ADRN	4885
ADRN	7036
ADRN	26261
MES	3268
MES	5054
MES	1174
MES	8985
ADRN	113263
ADRN	9678
ADRN	2146
MES	4232
MES	653857
MES	196
MES	51422
MES	165
MES	3984
ADRN	83856
MES	158471
MES	1842
MES	22949
MES	2022
ADRN	1993
ADRN	57582
MES	23586
MES	169792
MES	6461
MES	9124
ADRN	2625
MES	5264
MES	83937
MES	23268
MES	6387
MES	10613
ADRN	27143
MES	64115
MES	59
MES	3988
ADRN	22849
MES	64077
ADRN	9148
MES	10531
MES	1326
MES	22943
ADRN	253738
ADRN	9126
ADRN	27338
ADRN	57178
ADRN	56521
ADRN	10900
ADRN	51195
ADRN	2027
MES	5216
MES	9144
ADRN	64149
MES	3959
MES	4669
MES	1277
MES	10493
MES	8714
ADRN	51747
ADRN	4355
MES	64750
MES	1845
ADRN	3131
ADRN	23531
ADRN	5608
ADRN	9368
MES	54868
MES	7448
MES	7126
ADRN	27346
ADRN	8929
MES	6783
MES	26511
ADRN	10874
ADRN	57482
MES	4790
MES	4126
MES	8821
MES	7466
MES	51809
ADRN	55247
MES	55296
ADRN	7468
MES	152503
MES	683
ADRN	3083
MES	83891
ADRN	64151
ADRN	29118
MES	1075
ADRN	116804918
ADRN	7007
ADRN	27087
ADRN	5024
MES	4013
MES	10938
MES	81622
ADRN	9379
MES	79073
ADRN	3587
MES	329
MES	10114
ADRN	6506
MES	5002
MES	975
MES	2965
ADRN	84867
MES	5715
MES	10536
MES	8496
MES	6404
MES	23603
ADRN	8825
MES	3875
ADRN	79611
MES	23371
MES	2735
MES	2004
MES	81029
ADRN	2305
ADRN	23316
MES	10019
ADRN	54682
ADRN	80824
ADRN	4940
MES	4256
MES	397
MES	7421
ADRN	23329
ADRN	8914
MES	11103
MES	56994
MES	79158
MES	105369632
MES	84727
ADRN	2026
ADRN	113246
MES	51026
MES	29915
ADRN	6489
MES	1303
MES	10384
MES	29940
ADRN	2651
ADRN	57150
ADRN	63914
MES	4739
ADRN	79632
MES	4121
MES	9750
MES	23328
MES	10090
ADRN	4988
ADRN	2178
ADRN	4172
ADRN	221692
MES	266727
ADRN	60468
MES	10486
MES	9532
MES	51715
ADRN	2822
MES	202
ADRN	55084
MES	10475
ADRN	117247
MES	57211
MES	7922
MES	896
MES	56940
MES	124907782
MES	55754
ADRN	7272
ADRN	2030
MES	3910
MES	55603
ADRN	55722
MES	4124
MES	9037
ADRN	11044
MES	1611
ADRN	10112
MES	1839
MES	4015
MES	6678
ADRN	9421
MES	411
MES	7060
MES	5924
MES	1004
ADRN	4001
MES	4883
MES	4012
ADRN	7903
MES	2246
MES	2908
MES	56951
ADRN	9555
MES	8992
ADRN	90249
MES	5067
ADRN	10051
MES	604
ADRN	84100
MES	27031
MES	51421
ADRN	5947
MES	7474
MES	1294
MES	2771
MES	2632
MES	79669
ADRN	23150
MES	80325
ADRN	50512
MES	7867
ADRN	93
ADRN	51555
MES	84836
MES	26084
MES	6747
MES	3552
MES	10096
MES	55240
MES	9540
MES	10254
MES	2820
ADRN	1058
MES	90
ADRN	7781
MES	29959
MES	3676
ADRN	10297
MES	2888
MES	79745
ADRN	3196
MES	57142
MES	84141
MES	2202
ADRN	55120
MES	2335
MES	6772
MES	2744
MES	80219
MES	8869
ADRN	84812
MES	3554
MES	2274
MES	79083
ADRN	23178
MES	3241
MES	55041
MES	6382
MES	5334
MES	66008
MES	51449
MES	2034
ADRN	50489
MES	117583
ADRN	7840
ADRN	7143
MES	6342
ADRN	26038
MES	5768
MES	6814
MES	54206
ADRN	4985
ADRN	58512
ADRN	58480
ADRN	81563
MES	23169
MES	5321
MES	1647
MES	79971
MES	56944
MES	1429
MES	64121
MES	4811
ADRN	51440
ADRN	656
ADRN	9132
ADRN	9783
ADRN	10000
MES	11240
MES	1486
MES	2635
MES	2633
MES	100861548
MES	8934
MES	1889
MES	3155
MES	2582
MES	4179
MES	64175
ADRN	8503
ADRN	2166
MES	50999
MES	2152
ADRN	58155
ADRN	163404
ADRN	9890
ADRN	3925
ADRN	4751
ADRN	6195
ADRN	5629
ADRN	1063
MES	57488
ADRN	1143
MES	1509
ADRN	78989
MES	11181
ADRN	6543
ADRN	11133
ADRN	8609
MES	9331
ADRN	1268
MES	7128
MES	9465
MES	10981
ADRN	4602
MES	6446
MES	1490
MES	9194
MES	103910
ADRN	2309
ADRN	84071
ADRN	118427
MES	5311
ADRN	10983
MES	64747
ADRN	11278
MES	22936
ADRN	440730
MES	10783
MES	79695
MES	2531
ADRN	9480
MES	10577
MES	4053
MES	55640
MES	7043
ADRN	1788
MES	54867
MES	51646
MES	25940
MES	26503
MES	3437
MES	3433
MES	5507
MES	84795
ADRN	26507
ADRN	4601
ADRN	2834
MES	60370
MES	159686
ADRN	79946
MES	1843
MES	29126
ADRN	2891
MES	57480
MES	80177
MES	84418
MES	56126
MES	56243
MES	84898
ADRN	440073
MES	1997
ADRN	4093
MES	7045
MES	64374
ADRN	22835
ADRN	7112
MES	400
MES	83468
ADRN	1846
MES	1191
MES	10174
ADRN	148
MES	64236
MES	157506
ADRN	8288
ADRN	8165
MES	59342
ADRN	23397
ADRN	84057
ADRN	89884
ADRN	81930
ADRN	9479
MES	113452
ADRN	7852
ADRN	22987
MES	5412
MES	311
ADRN	84293
MES	100505741
ADRN	30010
MES	84668
MES	3624
MES	11328
ADRN	7291
MES	152007
MES	8434
MES	48
ADRN	1271
ADRN	8805
MES	800
ADRN	170685
MES	5328
MES	9469
MES	5033
ADRN	11113
MES	79365
MES	8082
MES	23597
MES	976
MES	10755
MES	10133
MES	4035
MES	60673
ADRN	1621
MES	3598
MES	9367
MES	9111
MES	3759
MES	5208
MES	23682
MES	79586
MES	6560
MES	6385
MES	51604
ADRN	78997
MES	57169
MES	57403
ADRN	5740
MES	55653
MES	23096
MES	6845
MES	7499
MES	55577
ADRN	400961
ADRN	10396
MES	5269
MES	4835
MES	1026
ADRN	6659
MES	6239
MES	6745
MES	6310
MES	860
MES	9208
MES	79026
ADRN	55715
MES	3659
ADRN	23157
MES	5732
MES	6662
MES	9953
ADRN	10485
MES	79143
MES	56731
ADRN	79025
MES	9322
ADRN	6253
MES	7408
ADRN	63908
MES	6238
MES	11034
ADRN	24141
ADRN	6939
ADRN	84515
MES	3397
MES	101410538
MES	2925
MES	826
MES	83786
MES	83596
MES	6237
ADRN	23769
MES	51119
MES	65266
ADRN	5582
MES	6495
ADRN	9787
MES	112849
MES	3306
MES	8273
MES	79717
ADRN	64919
MES	5908
MES	3425
MES	53834
MES	10365
ADRN	9088
ADRN	63922
ADRN	6597
ADRN	7429
MES	6049
ADRN	90485
ADRN	57622
MES	7538
MES	3791
MES	79924
ADRN	5988
ADRN	2781
ADRN	4248
MES	53947
MES	11135
MES	2847
MES	8459
MES	23780
MES	5880
MES	3976
MES	200316
ADRN	7732
MES	92521
MES	51200
ADRN	9732
ADRN	222256
MES	5420
MES	2318
MES	813
ADRN	64753
MES	10234
ADRN	3232
ADRN	1123
ADRN	3235
ADRN	3236
ADRN	3237
ADRN	3239
MES	57045
MES	440275
ADRN	91860
MES	4016
MES	25870
MES	23022
ADRN	3746
ADRN	79733
MES	1635
ADRN	54478
ADRN	482
MES	10749
MES	57153
MES	10053
MES	84962
MES	25938
ADRN	4901
MES	7011
MES	81533
ADRN	84074
MES	79651
MES	9459
ADRN	1028
ADRN	151648
MES	58986
ADRN	79948
ADRN	6861
ADRN	27112
MES	6303
MES	23677
MES	158747
MES	57572
ADRN	51295
MES	55908
MES	1264
ADRN	51337
MES	5819
MES	348
ADRN	1804
ADRN	1463
ADRN	547
ADRN	84705
MES	79709
MES	51429
MES	83861
MES	81
MES	10095
ADRN	23149
ADRN	23025
MES	7837
MES	9518
MES	54858
ADRN	80726
MES	54795
ADRN	25830
ADRN	10439
MES	1289
ADRN	50632
ADRN	64793
MES	4861
MES	83667
MES	6249
MES	83854
MES	55337
ADRN	55422
ADRN	56301
MES	11046
MES	5638
MES	23345
MES	60401
ADRN	10882
MES	2670
MES	529
ADRN	7700
ADRN	23199
MES	6451
MES	10487
MES	5538
ADRN	84440
MES	117248
ADRN	3748
MES	7376
MES	4245
ADRN	10266
ADRN	79412
ADRN	79228
MES	4814
MES	3597
ADRN	7153
MES	10401
ADRN	10742
ADRN	2643
MES	3958
ADRN	79173
MES	4148
MES	6737
ADRN	6538
MES	5468
ADRN	23225
MES	85363
MES	23167
ADRN	8864
ADRN	1644
MES	3691
MES	91107
ADRN	2874
MES	92154
ADRN	6616
ADRN	5111
MES	54453
ADRN	57127
ADRN	23208
ADRN	9633
ADRN	4678
ADRN	64900
ADRN	128434
MES	10955
ADRN	6860
ADRN	10208
ADRN	2835
ADRN	1131
ADRN	9911
ADRN	9201
MES	7223
MES	90627
MES	79710
ADRN	84707
ADRN	55859
ADRN	84787
ADRN	28992
ADRN	23037
ADRN	84700
MES	114904
ADRN	57180
MES	79572
MES	83857
MES	85444
MES	272
MES	9645
MES	22800
ADRN	56154
ADRN	79845
ADRN	78986
ADRN	145258
ADRN	57578
MES	4017
MES	8932
MES	1022
MES	3656
MES	8553
MES	9695
MES	56851
ADRN	10100
MES	4853
MES	4803
MES	54407
ADRN	4613
MES	3572
MES	10468
ADRN	91768
MES	1794
MES	8933
ADRN	9363
MES	90853
ADRN	55143
ADRN	51361
MES	1573
MES	55858
MES	1284
ADRN	9315
MES	26578
MES	301
MES	1514
MES	23670
ADRN	23287
MES	8728
ADRN	4440
ADRN	84900
ADRN	92558
ADRN	1840
ADRN	577
MES	4907
ADRN	112609
MES	79899
MES	967
ADRN	5630
ADRN	10024
ADRN	23017
ADRN	9924
ADRN	9700
ADRN	3178
ADRN	91
MES	10956
MES	8763
MES	8676
MES	26056
MES	8291
MES	2799
MES	79786
MES	10200
MES	9764
MES	29109
MES	92922
MES	54583
ADRN	85397
MES	116496
MES	3915
MES	3431
MES	55619
ADRN	57695
MES	5270
MES	64114
MES	55654
ADRN	375248
MES	23479
MES	10970
ADRN	10154
MES	55332
MES	84102
MES	2317
ADRN	79621
MES	4008
MES	10457
ADRN	85446
MES	58489
ADRN	53346
MES	10241
ADRN	10238
ADRN	83990
MES	11227
ADRN	640
ADRN	2626
MES	64215
MES	25934
MES	9314
ADRN	9649
MES	64855
ADRN	7111
ADRN	6812
ADRN	55755
ADRN	7539
MES	1318
MES	7099
ADRN	84253
ADRN	158427
ADRN	1515
ADRN	5168
MES	4609
MES	4856
MES	7094
ADRN	347252
MES	63971
MES	2766
MES	55227
MES	8737
ADRN	347733
MES	10211
MES	8870
MES	7172
MES	255488
MES	132864
MES	7097
MES	84709
ADRN	408
MES	338699
MES	54843
MES	2615
MES	5547
ADRN	81796
MES	23213
MES	6386
MES	55601
ADRN	6653
MES	85016
MES	10413
ADRN	2542
MES	5519
ADRN	53826
MES	834
MES	58472
MES	7057
MES	22801
ADRN	57082
ADRN	56965
MES	54852
MES	55075
ADRN	106821730
ADRN	56924
ADRN	64220
ADRN	80031
MES	8412
MES	79739
MES	10964
ADRN	204962
MES	8634
ADRN	3795
MES	10097
MES	11117
ADRN	6496
ADRN	79847
MES	26509
MES	84171
ADRN	3832
ADRN	10579
MES	1847
MES	51063
MES	310
MES	22891
ADRN	80312
ADRN	1763
MES	84665
MES	316
MES	65061
MES	57520
MES	6744
ADRN	150864
MES	3685
MES	29766
MES	26035
ADRN	90525
ADRN	8482
ADRN	10144
MES	57575
ADRN	55345
MES	2250
MES	84803
MES	2247
ADRN	658
MES	8654
MES	80144
MES	950
MES	306
ADRN	1062
MES	839
ADRN	3033
MES	2201
MES	85352
ADRN	283358
MES	23710
ADRN	55605
ADRN	58516
ADRN	144165
ADRN	10219
MES	347902
ADRN	8499
MES	11010
MES	22822
ADRN	8549
MES	160418
MES	4060
ADRN	429
MES	114795
MES	113675
MES	51228
ADRN	84915
ADRN	121643
MES	283537
ADRN	79035
ADRN	90634
MES	23344
MES	283373
ADRN	122060
ADRN	84530
MES	10150
ADRN	64403
ADRN	4857
MES	122786
ADRN	57161
ADRN	6252
MES	145407
ADRN	83851
MES	27133
MES	122953
MES	10516
MES	7453
MES	2252
ADRN	85455
MES	92912
ADRN	49855
MES	7168
ADRN	80119
ADRN	170691
ADRN	5046
ADRN	80125
ADRN	90381
MES	4916
MES	4240
ADRN	8128
MES	55784
MES	5045
MES	8826
ADRN	6457
MES	7041
ADRN	85407
ADRN	463
MES	84166
MES	3801
MES	123920
MES	81631
MES	1012
MES	57707
MES	29948
MES	2588
MES	93649
ADRN	85464
MES	22901
MES	10351
ADRN	6875
ADRN	3613
MES	2589
ADRN	80816
MES	4864
ADRN	409
MES	9123
MES	6398
ADRN	114804
ADRN	22994
ADRN	494470
ADRN	5596
ADRN	147381
ADRN	5409
ADRN	342667
MES	3487
MES	60681
ADRN	90378
MES	8612
MES	91039
ADRN	57677
MES	10410
MES	80162
ADRN	30811
MES	1291
MES	1292
ADRN	114783
MES	126374
ADRN	81794
MES	57140
ADRN	402665
MES	1969
MES	79180
MES	83442
MES	55194
ADRN	10733
MES	9064
MES	3339
MES	8915
MES	3491
MES	10026
MES	113451
ADRN	11004
MES	5792
MES	148932
ADRN	3321
ADRN	1952
MES	8515
ADRN	481
MES	8804
MES	55827
ADRN	5451
ADRN	83540
ADRN	1382
ADRN	6004
ADRN	148753
MES	83872
MES	23179
MES	127018
MES	1893
ADRN	9869
MES	54507
ADRN	10500
ADRN	51514
MES	8444
ADRN	79805
MES	8751
MES	5872
ADRN	27173
ADRN	148327
MES	6016
ADRN	5313
ADRN	57657
MES	2590
MES	1130
ADRN	142
ADRN	3930
MES	2052
ADRN	22874
MES	388
MES	130589
ADRN	27436
ADRN	23020
ADRN	165545
MES	4867
MES	5899
MES	129804
ADRN	6323
ADRN	83879
ADRN	493911
ADRN	151194
ADRN	285175
MES	65065
ADRN	26154
MES	285362
MES	100130207
ADRN	57624
MES	57007
ADRN	55502
ADRN	2177
MES	57574
ADRN	80852
ADRN	152330
ADRN	27303
MES	64651
ADRN	3680
MES	5793
ADRN	54756
MES	10550
MES	26018
ADRN	285349
MES	64332
MES	90102
ADRN	29114
ADRN	66000
ADRN	116931
MES	57552
MES	4026
MES	6988
ADRN	9515
ADRN	55840
MES	9353
ADRN	90113
ADRN	201780
MES	6622
MES	817
ADRN	287
MES	54532
MES	56034
MES	1016
MES	4651
ADRN	54491
ADRN	6502
MES	9180
ADRN	5295
MES	5066
MES	25816
MES	81555
ADRN	23092
ADRN	91975
ADRN	23138
ADRN	10814
ADRN	26045
ADRN	54540
ADRN	22838
MES	107987457
MES	170954
ADRN	54511
ADRN	84630
ADRN	202500
MES	7162
ADRN	84553
ADRN	134829
MES	93663
MES	51390
ADRN	9586
MES	1956
ADRN	113130
MES	3486
ADRN	168374
ADRN	57502
ADRN	357
MES	30011
MES	83604
MES	94122
MES	4478
ADRN	7712
MES	56548
ADRN	7552
MES	5631
ADRN	158763
ADRN	27316
MES	7739
MES	1069
ADRN	79618
MES	80005
ADRN	6770
MES	6867
MES	84675
MES	51110
ADRN	51059
ADRN	4781
MES	1030
MES	1029
ADRN	203228
ADRN	53358
MES	7357
MES	2934
ADRN	2649
ADRN	23245
ADRN	26301
MES	4851
ADRN	774
MES	138151
MES	254427
MES	6251
ADRN	220965
MES	29982
MES	26091
MES	3363
ADRN	120
ADRN	1979
MES	6934
ADRN	4288
ADRN	9118
ADRN	6877
MES	85450
MES	8038
MES	25891
MES	85456
MES	5795
ADRN	143686
MES	23052
ADRN	26011
MES	871
MES	726
ADRN	4684
ADRN	1813
ADRN	89944
MES	283208
MES	80332
ADRN	3619
MES	51092
MES	6876
MES	57158
ADRN	83723
ADRN	8479
MES	8091
MES	4314
ADRN	22866
MES	3688
MES	1489
MES	84159
ADRN	55208
MES	55002
MES	26524
ADRN	220108
MES	3176
MES	116372
MES	130576
ADRN	116966
MES	7424
MES	79839
MES	10666
MES	11098
MES	1793
MES	2308
MES	51232
MES	196383
ADRN	3708
MES	23657
ADRN	57512
MES	55293
MES	90488
ADRN	121551
MES	196463
MES	5756
MES	64067
MES	283635
MES	2132
MES	4718
MES	140609
ADRN	83643
MES	55691
ADRN	5800
MES	2059
MES	57700
MES	121601
ADRN	10570
ADRN	9781
MES	2313
MES	80014
ADRN	79682
MES	160857
ADRN	51594
ADRN	55835
MES	64417
MES	221336
MES	9531
ADRN	144423
ADRN	29970
MES	23704
MES	130340
ADRN	460
MES	5784
MES	26353
ADRN	130733
ADRN	26040
MES	57724
MES	9050
ADRN	57405
ADRN	5163
ADRN	5140
MES	83439
MES	10618
MES	127933
MES	6695
MES	167555
ADRN	117143
ADRN	79723
ADRN	284312
ADRN	55521
MES	130271
ADRN	2893
MES	79925
MES	4154
MES	2697
MES	25780
ADRN	53354
MES	7402
MES	5796
ADRN	85445
ADRN	115827
MES	5352
MES	55351
ADRN	140767
ADRN	152789
MES	3140
ADRN	64946
ADRN	23589
MES	1601
ADRN	10018
MES	831
ADRN	1047
ADRN	221711
MES	654
MES	84910
ADRN	6328
MES	221393
ADRN	153478
ADRN	64795
ADRN	925
MES	286343
MES	55625
MES	55022
MES	23576
ADRN	124540
MES	9955
ADRN	284161
MES	223117
MES	26289
ADRN	83539
MES	7070
MES	404550
ADRN	57338
MES	84959
ADRN	26207
MES	200014
MES	201134
MES	84976
MES	23043
ADRN	83648
ADRN	84033
ADRN	126731
MES	57630
ADRN	2849
MES	27295
ADRN	8470
ADRN	1525
ADRN	140578
ADRN	91133
MES	9510
MES	11096
MES	201163
MES	2047
ADRN	56934
MES	81552
ADRN	221264
ADRN	5799
ADRN	23097
MES	158219
MES	83742
ADRN	401647
MES	4343
MES	389
MES	2890
ADRN	342357
MES	9601
MES	8324
MES	64798
ADRN	9844
ADRN	92370
ADRN	116442
ADRN	3798
MES	138199
MES	9630
MES	3778
MES	9508
ADRN	257
MES	56911
ADRN	7102
ADRN	7074
ADRN	22986
ADRN	5097
MES	392255
ADRN	286151
MES	80201
ADRN	57497
MES	25921
MES	27020
ADRN	137970
ADRN	55093
ADRN	29028
MES	114907
MES	391059
ADRN	163786
ADRN	375323
ADRN	255027
ADRN	701
ADRN	23057
ADRN	491
MES	11030
ADRN	6854
MES	3084
MES	55707
ADRN	23648
ADRN	776
MES	415
ADRN	9133
MES	4643
MES	134265
ADRN	90139
MES	347734
MES	4599
MES	90993
MES	124565
MES	445815
MES	79856
ADRN	9478
ADRN	150946
ADRN	56896
ADRN	55698
MES	26119
ADRN	116987
MES	5051
MES	2134
MES	9577
MES	144406
MES	63875
MES	91544
MES	127262
MES	195827
MES	7498
ADRN	11013
ADRN	105376156
ADRN	2176
MES	115572
MES	8450
MES	8365
ADRN	340348
ADRN	9753
MES	8407
MES	85414
MES	4681
MES	100532736
ADRN	3362
MES	65018
ADRN	4359
ADRN	57685
ADRN	2035
MES	6781
MES	1465
MES	1827
MES	54102
MES	149473
MES	861
MES	100506403
MES	874
ADRN	80274
MES	51706
MES	715
ADRN	11189
ADRN	57519
MES	267
ADRN	1636
MES	9813
MES	29800
MES	9114
MES	57732
ADRN	146206
MES	7791
ADRN	7638
ADRN	115650
ADRN	252995
ADRN	27151
ADRN	126549
ADRN	9619
MES	54020
ADRN	5152
MES	2539
MES	1476
MES	139716
ADRN	7617
ADRN	5900
ADRN	54058
ADRN	7757
MES	138162
ADRN	148206
MES	286207
ADRN	57731
ADRN	84446
MES	116238
MES	9159
MES	643
MES	51043
MES	79671
MES	3570
ADRN	1141
MES	55129
ADRN	79957
MES	4000
ADRN	23218
ADRN	4796
ADRN	9401
ADRN	136227
ADRN	10603
MES	51149
MES	8878
MES	11282
MES	222235
ADRN	60680
MES	1173
MES	5130
ADRN	622
ADRN	84911
MES	2232
ADRN	114757
MES	3678
ADRN	4356
MES	126119
ADRN	50944
MES	113026
ADRN	147841
ADRN	80178
ADRN	4917
ADRN	124222
ADRN	22941
ADRN	81570
MES	220002
ADRN	80150
ADRN	2785
ADRN	283130
MES	8986
MES	51727
ADRN	79656
ADRN	1996
MES	6512
MES	9903
ADRN	57643
MES	54751
MES	9672
MES	255104
MES	91624
MES	11080
MES	2634
ADRN	164045
MES	148867
MES	10092
MES	25893
ADRN	3765
MES	4921
MES	8682
MES	23385
ADRN	57216
MES	25903
ADRN	28982
ADRN	467
ADRN	64783
MES	79961
MES	51278
ADRN	91461
MES	574431
MES	9261
MES	824
MES	130814
ADRN	165055
ADRN	150726
ADRN	3020
ADRN	56997
ADRN	151473
ADRN	130367
MES	1520
MES	6282
MES	3713
MES	118429
ADRN	151556
MES	57326
MES	9076
MES	1293
ADRN	375295
MES	285203
MES	11167
MES	25802
ADRN	92691
MES	3490
MES	10109
MES	152110
ADRN	54738
MES	7048
MES	2199
ADRN	23122
MES	81788
MES	3428
MES	56648
MES	200916
ADRN	151742
ADRN	56999
MES	25976
MES	5806
ADRN	85443
MES	54502
MES	323
MES	84818
ADRN	115795
MES	26577
ADRN	441024
ADRN	56992
MES	64866
MES	79443
MES	79442
ADRN	2899
ADRN	28999
ADRN	94032
ADRN	116832
MES	4043
MES	200931
MES	4241
ADRN	84448
MES	166929
MES	79982
ADRN	993
ADRN	51385
MES	51246
ADRN	8927
ADRN	79012
ADRN	2912
ADRN	3148
MES	11341
ADRN	9464
ADRN	4085
MES	308
MES	132332
ADRN	80817
MES	51313
MES	3600
MES	3673
MES	4338
MES	2151
MES	2150
MES	493869
MES	51752
MES	64167
ADRN	133584
ADRN	1879
MES	7098
ADRN	7015
ADRN	23305
MES	134549
MES	10370
MES	285761
MES	154075
MES	114801
MES	134957
MES	133396
MES	9263
MES	55568
ADRN	91977
ADRN	8645
ADRN	222962
ADRN	55536
ADRN	54468
ADRN	222223
ADRN	25862
MES	94120
ADRN	619279
MES	84624
MES	25798
MES	1508
MES	10395
ADRN	107
ADRN	90390
ADRN	157753
MES	202915
MES	79778
MES	6522
ADRN	154791
MES	8323
MES	115908
MES	2669
MES	54704
ADRN	203259
ADRN	11168
MES	19
ADRN	79698
ADRN	158158
ADRN	80318
ADRN	2203
MES	6990
MES	155368
ADRN	158405
ADRN	55342
MES	84270
ADRN	65268
ADRN	538
ADRN	22829
MES	360
MES	26050
MES	220213
ADRN	203522
MES	1073
MES	219654
ADRN	84457
MES	3636
ADRN	401
MES	51084
MES	11067
ADRN	161436
MES	382
ADRN	57156
ADRN	89890
MES	51339
ADRN	138311
ADRN	219736
ADRN	5979
MES	57608
ADRN	57447
MES	840
ADRN	6297
ADRN	143379
MES	80019
MES	143872
MES	91252
ADRN	79789
MES	9200
MES	5654
ADRN	112937
ADRN	55530
MES	121457
MES	2200
ADRN	1152
MES	55323
ADRN	2562
MES	79827
ADRN	55800
ADRN	717
MES	6609
MES	3611
MES	6881
MES	1200
MES	8710
MES	5271
ADRN	7275
ADRN	79608
ADRN	4004
MES	3419
ADRN	1381
MES	122618
ADRN	84460
MES	124359
ADRN	222865
MES	54495
ADRN	7465
ADRN	50810
ADRN	4176
MES	7084
MES	81565
ADRN	201161
MES	6236
ADRN	89832
MES	4319
MES	567
MES	162394
ADRN	117155
ADRN	219539
MES	5479
MES	63901
ADRN	124491
MES	290
MES	348093
ADRN	9880
ADRN	10369
ADRN	6866
MES	6778
MES	6809
MES	79837
MES	26585
ADRN	222950
MES	4130
MES	245812
MES	4824
ADRN	129049
MES	150290
MES	399665
MES	80221
MES	51148
ADRN	2021
ADRN	51450
ADRN	57611
ADRN	146378
ADRN	7644
ADRN	146713
MES	55128
ADRN	112476
ADRN	94235
MES	7171
ADRN	81620
ADRN	124923
ADRN	147015
MES	90313
ADRN	84940
MES	29946
MES	558
ADRN	284339
ADRN	10653
ADRN	85300
MES	1613
ADRN	10036
MES	144501
ADRN	283248
MES	51129
MES	84926
MES	3489
ADRN	7001
ADRN	7775
ADRN	283987
ADRN	92162
MES	83986
ADRN	25837
ADRN	21
MES	7439
MES	2495
MES	6520
MES	51435
ADRN	55872
MES	114990
ADRN	79725
ADRN	2786
ADRN	3800
MES	4247
MES	54899
ADRN	84684
MES	378
MES	11259
MES	6890
MES	624
MES	197259
ADRN	55806
MES	11031
MES	7148
ADRN	203190
MES	649
ADRN	9796
MES	8436
MES	23255
ADRN	1128
MES	1281
ADRN	2675
MES	8754
ADRN	8313
MES	157638
MES	9122
MES	3575
MES	53353
MES	2948
ADRN	80319
MES	116236
ADRN	9925
MES	6645
ADRN	27065
MES	84913
MES	79155
MES	129303
MES	10791
ADRN	375704
ADRN	57507
MES	5480
MES	29091
ADRN	10815
MES	221749
MES	54951
MES	3667
MES	345651
ADRN	84632
ADRN	126129
MES	4330
MES	5865
MES	7059
MES	79628
ADRN	114787
MES	7881
MES	190
MES	4881
MES	3576
MES	83877
MES	59339
MES	25932
MES	9839
MES	285605
MES	9022
MES	84168
ADRN	23119
MES	7798
ADRN	1138
MES	10555
MES	9079
MES	3987
MES	22871
MES	7360
ADRN	84894
MES	55454
MES	5099
ADRN	1501
MES	81844
MES	4071
ADRN	161725
MES	201799
ADRN	9196
ADRN	375484
ADRN	51617
ADRN	123606
MES	23235
ADRN	57484
ADRN	3233
ADRN	6419
MES	4086
MES	285966
MES	9723
MES	7779
MES	55890
ADRN	222008
MES	3856
MES	136
ADRN	152518
MES	4862
MES	57228
MES	133418
ADRN	9229
MES	6773
MES	6444
MES	83787
ADRN	347273
MES	284076
MES	2861
ADRN	9788
MES	79188
MES	54360
ADRN	85315
MES	11162
MES	3037
MES	80310
MES	1901
ADRN	90161
ADRN	203062
MES	9637
MES	53838
ADRN	238
MES	4534
ADRN	3643
MES	9655
MES	29071
ADRN	55561
MES	4884
ADRN	90594
MES	2548
ADRN	3777
ADRN	50515
ADRN	55636
ADRN	11076
MES	9
ADRN	4163
ADRN	8941
MES	92126
ADRN	65989
MES	598
MES	51523
MES	5293
MES	80176
ADRN	10243
MES	57687
ADRN	23261
ADRN	2628
ADRN	596
MES	85442
ADRN	163255
MES	5621
MES	84978
MES	51030
MES	7857
ADRN	2596
MES	3913
MES	55106
ADRN	257019
MES	6641
MES	10892
MES	154141
MES	1051
ADRN	114900
ADRN	140733
MES	55352
MES	27254
MES	55970
ADRN	83886
MES	55277
ADRN	10690
MES	30008
MES	64393
ADRN	148203
MES	57175
ADRN	79612
MES	339122
ADRN	167227
ADRN	9420
MES	5916
ADRN	26960
MES	541471
MES	344558
MES	727936
MES	257236
ADRN	340252
ADRN	283450
ADRN	54674
ADRN	80070
MES	54625
ADRN	1163
MES	22885
ADRN	158399
ADRN	56977
MES	254102
ADRN	256130
ADRN	147687
MES	5797
MES	79834
MES	1464
MES	64859
ADRN	5091
ADRN	286205
MES	64802
MES	100128327
MES	27129
MES	57493
ADRN	124857
MES	57674
ADRN	220359
ADRN	81033
MES	23333
ADRN	84733
ADRN	6712
MES	114897
MES	115123
MES	128344
ADRN	80311
MES	2787
MES	253512
MES	10333
MES	285704
MES	387849
ADRN	344191
MES	57659
MES	23612
MES	127435
MES	219833
ADRN	9156
ADRN	400986
ADRN	148014
MES	6578
ADRN	3177
ADRN	9024
MES	9610
MES	8322
MES	57124
ADRN	254263
ADRN	11065
ADRN	149420
ADRN	92369
ADRN	5897
MES	55690
ADRN	65108
ADRN	200197
ADRN	253559
MES	5708
ADRN	22843
ADRN	4878
MES	392
ADRN	89792
ADRN	8534
ADRN	162655
ADRN	1139
MES	56675
MES	57758
MES	23529
ADRN	144245
MES	10589
MES	83638
MES	8061
MES	79783
MES	11007
ADRN	100128782
ADRN	116028
MES	146691
ADRN	58492
MES	205251
ADRN	145270
ADRN	169841
MES	4482
MES	375757
MES	200407
ADRN	3234
MES	79666
MES	379
MES	93129
MES	84617
MES	26471
ADRN	9832
MES	8877
ADRN	79915
ADRN	414149
MES	159371
ADRN	7694
MES	84277
ADRN	1196
MES	284346
MES	11145
ADRN	148252
MES	222171
ADRN	2788
MES	124817
ADRN	100128398
ADRN	9920
MES	4642
MES	666
ADRN	8851
ADRN	284424
MES	284207
ADRN	2902
ADRN	6664
ADRN	5827
ADRN	284358
MES	51301
ADRN	4524
MES	147912
ADRN	5426
ADRN	57453
MES	391
ADRN	283576
ADRN	403341
ADRN	284716
MES	157807
MES	6197
MES	11253
MES	8325
MES	253461
ADRN	8541
MES	219285
MES	5074
MES	7050
MES	203111
MES	284119
ADRN	51046
MES	79874
MES	401474
MES	3725
ADRN	79605
MES	2629
MES	57104
MES	57085
ADRN	222183
MES	254827
MES	977
MES	5441
MES	25945
MES	2314
ADRN	10949
MES	56127
ADRN	253639
MES	1176
ADRN	30832
MES	92949
MES	254228
MES	259173
ADRN	4729
ADRN	163071
ADRN	205147
ADRN	254251
ADRN	57191
MES	143888
MES	5339
ADRN	441151
ADRN	114798
ADRN	348654
MES	282679
ADRN	152573
MES	79962
ADRN	2731
ADRN	157777
MES	4094
ADRN	80034
ADRN	349075
MES	84875
MES	2907
MES	22882
MES	389336
ADRN	284485
MES	9242
ADRN	399668
MES	51341
ADRN	80169
ADRN	9212
ADRN	317761
MES	59344
MES	2517
MES	811
ADRN	100506127
MES	440087
ADRN	256472
ADRN	54734
ADRN	2624
ADRN	10620
MES	2262
MES	64856
MES	24147
ADRN	242
ADRN	85474
ADRN	201164
ADRN	2918
MES	144811
ADRN	729614
MES	9792
ADRN	9378
MES	55017
MES	284297
ADRN	100289137
ADRN	253650
ADRN	200150
ADRN	222166
MES	90411
MES	2619
MES	8334
ADRN	387640
MES	8347
MES	151963
ADRN	6752
MES	84333
ADRN	4081
MES	79642
ADRN	10224
MES	64388
MES	404093
ADRN	283554
MES	166379
MES	1728
MES	25994
ADRN	1129
MES	2149
ADRN	55526
ADRN	389197
MES	91351
ADRN	9625
ADRN	23109
ADRN	339500
MES	5912
MES	6448
MES	7262
ADRN	575
MES	55343
ADRN	6517
MES	91050
ADRN	3418
ADRN	11022
MES	64764
ADRN	8633
MES	7318
MES	2131
MES	10159
ADRN	338707
MES	716
MES	2055
ADRN	55344
ADRN	785
ADRN	128553
MES	147968
MES	633
MES	439921
MES	3985
MES	84975
ADRN	6304
ADRN	2049
MES	114042
ADRN	348235
MES	50863
ADRN	283870
MES	302
ADRN	340146
MES	5069
ADRN	2894
MES	1397
MES	80781
MES	6734
ADRN	389114
ADRN	23705
ADRN	18
ADRN	57118
MES	2621
ADRN	57596
ADRN	163933
ADRN	2842
ADRN	83698
ADRN	91689
MES	390637
ADRN	80164
ADRN	84536
MES	147372
ADRN	27439
ADRN	284656
ADRN	54880
MES	2275
MES	54101
MES	54855
ADRN	54039
MES	128989
MES	399949
ADRN	441061
MES	5678
MES	9241
MES	7378
MES	10186
MES	23585
ADRN	10293
ADRN	11200
MES	10317
ADRN	90187
ADRN	29944
MES	2863
ADRN	100129543
MES	55243
ADRN	6331
MES	340075
ADRN	131096
MES	6525
ADRN	6900
ADRN	3786
MES	79174
ADRN	54328
MES	5101
MES	220323
ADRN	220
ADRN	56660
ADRN	401145
ADRN	256714
MES	1435
MES	84517
MES	84441
ADRN	26039
MES	9276
ADRN	9735
ADRN	253769
ADRN	11156
MES	348013
MES	5627
ADRN	1850
MES	9021
MES	340061
ADRN	5142
ADRN	4753
ADRN	124751
ADRN	139285
MES	8349
MES	25923
MES	644538
MES	51334
MES	54732
MES	9823
ADRN	8971
ADRN	140597
ADRN	3714
MES	11274
ADRN	6092
MES	23764
MES	10519
MES	56899
ADRN	137868
MES	23768
MES	51065
ADRN	149175
MES	387263
ADRN	4887
MES	102723728
MES	283820
ADRN	353274
ADRN	7625
MES	8651
MES	6948
MES	10634
MES	93349
MES	25840
MES	4582
MES	5592
MES	7026
ADRN	8788
MES	727910
MES	113146
MES	169611
ADRN	389119
ADRN	64714
MES	89782
MES	5034
MES	677
ADRN	6490
ADRN	8224
ADRN	105
MES	3434
ADRN	339983
ADRN	51326
ADRN	100506084
MES	3916
ADRN	5727
MES	22821
ADRN	84924
ADRN	157567
MES	283149
ADRN	146909
ADRN	89958
MES	128178
ADRN	64757
ADRN	388567
MES	7058
MES	200035
ADRN	115560
MES	4674
MES	11118
ADRN	27445
ADRN	23040
MES	4771
MES	221491
MES	7328
MES	84981
ADRN	84842
ADRN	5138
ADRN	90668
ADRN	84307
MES	10614
MES	23275
ADRN	4137
ADRN	55893
MES	64800
ADRN	129080
MES	138428
MES	5333
MES	957
MES	4286
ADRN	6585
MES	1645
ADRN	342865
MES	388282
MES	4501
ADRN	91404
MES	23048
MES	79659
MES	4059
ADRN	349136
MES	1630
MES	338645
ADRN	387763
ADRN	3767
MES	1282
ADRN	5757
ADRN	342977
ADRN	200424
ADRN	57335
MES	9636
MES	79875
ADRN	10507
ADRN	389421
MES	3006
ADRN	729956
MES	401944
ADRN	100288637
MES	6274
MES	10123
ADRN	65998
ADRN	346007
MES	375790
ADRN	376940
ADRN	374383
ADRN	390927
ADRN	643338
ADRN	57801
ADRN	401541
ADRN	388228
ADRN	284338
ADRN	283652
MES	389792
MES	84570
MES	644815
MES	388115
ADRN	345630
ADRN	344838
ADRN	653820
ADRN	340719
MES	1806
MES	140576
ADRN	340277
ADRN	10811
MES	5549
ADRN	389206
ADRN	149297
ADRN	346689
MES	642938
ADRN	23036
MES	283219
MES	51136
ADRN	3005
MES	6284
ADRN	7581
ADRN	4128
ADRN	3146
ADRN	440519
MES	3556
ADRN	5079
ADRN	4661
MES	8644
ADRN	58500
MES	6275
ADRN	148213
MES	9725
MES	646962
ADRN	9687
ADRN	1995
ADRN	55190
ADRN	79754
ADRN	222553
ADRN	80778
ADRN	342132
MES	2050
ADRN	7678
ADRN	284739
ADRN	2104
MES	6536
MES	4311
MES	3908
MES	23654
ADRN	55966
ADRN	7516
MES	4312
ADRN	6925
ADRN	55532
ADRN	643836
ADRN	7442
ADRN	7582
ADRN	170959
ADRN	147686
MES	85301
MES	2760
MES	6273
ADRN	7088
ADRN	55534
ADRN	80345
ADRN	89853
MES	10865
ADRN	3841
MES	9260
MES	2316
MES	10447
MES	837
MES	307
ADRN	642968
ADRN	7697
MES	29950
MES	309
MES	284266
ADRN	147923
MES	85379
MES	3482
ADRN	80055
ADRN	113835
ADRN	8356
MES	6583
MES	25959
ADRN	100190938
MES	128486
ADRN	641
ADRN	399717
MES	6840
MES	26020
MES	104
MES	79674
ADRN	55753
MES	373156
ADRN	50861
MES	5154
ADRN	57116
MES	81031
MES	26037
MES	23556
MES	80380
MES	55742
MES	92689
MES	5660
MES	6281
ADRN	222662
MES	6884
ADRN	284323
ADRN	55924
ADRN	9719
MES	4641
ADRN	342926
MES	6277
ADRN	26052
ADRN	54898
ADRN	9228
MES	57089
ADRN	147741
ADRN	10793
ADRN	7637
MES	140885
ADRN	5557
ADRN	27233
MES	23607
ADRN	57209
MES	337876
MES	54863
ADRN	27300
ADRN	84775
ADRN	83694
MES	6815
ADRN	5178
ADRN	219844
MES	444
ADRN	200734
ADRN	4914
ADRN	441478
MES	7169
MES	7975
ADRN	343035
ADRN	23237
ADRN	9745
ADRN	4194
ADRN	6262
MES	9060
MES	112770
ADRN	124930
ADRN	64093
MES	5365
MES	164284
ADRN	26049
MES	25829
ADRN	192683
MES	25925
MES	115701
MES	113402
ADRN	3151
MES	140606
MES	11153
ADRN	57713
ADRN	150771
MES	149345
ADRN	9055
ADRN	3897
ADRN	6721
ADRN	9722
ADRN	9737
MES	84456
MES	7052
MES	259230
ADRN	109729141
ADRN	2812
ADRN	375057
MES	389432
MES	92565
MES	196051
ADRN	154442
ADRN	100113403
ADRN	206412
ADRN	134701
ADRN	100133077
MES	124900275
ADRN	340543
ADRN	732253
ADRN	257407
ADRN	340527
ADRN	57683
MES	100507463
MES	5696
MES	6891
ADRN	4855
ADRN	177
ADRN	221527
MES	143903
MES	4758
MES	3303
MES	4277
ADRN	90233
MES	100507436
MES	3107
ADRN	80742
MES	780
MES	3133
ADRN	57540
ADRN	147081
ADRN	554235
MES	100131897
ADRN	401431
MES	57126
MES	5673
ADRN	56143
ADRN	56146
MES	79583
ADRN	645121
ADRN	65986
ADRN	201725
MES	5699
ADRN	5150
ADRN	100113407
ADRN	56953
MES	54458
MES	388135
MES	3426
MES	54809
MES	7114
ADRN	100144603
ADRN	339674
MES	162073
ADRN	440021
ADRN	23617
MES	131873
MES	201475
MES	3105
ADRN	348801
MES	23243
ADRN	677805
ADRN	692201
ADRN	338799
MES	339263
ADRN	84258
ADRN	400798
ADRN	100526832
ADRN	151230
ADRN	286827
ADRN	84986
ADRN	79037
ADRN	221914
MES	3073
MES	54741
MES	81606
MES	63940
MES	1903
MES	54978
MES	1192
MES	147040
ADRN	147699
ADRN	730087
MES	30851
ADRN	7643
ADRN	101060200
MES	7106
ADRN	768206
MES	79729
MES	401397
ADRN	54492
ADRN	400954
ADRN	442319
MES	196913
MES	283551
ADRN	134111
ADRN	388815
ADRN	85508
ADRN	407975
ADRN	606495
MES	4102
MES	4105
MES	1052
ADRN	200765
ADRN	388759
MES	84561
MES	80830
MES	3995
MES	112597
MES	414236
ADRN	124905179
ADRN	548596
ADRN	1159
ADRN	100505783
MES	285954
ADRN	100996485
ADRN	285878
ADRN	642659
MES	100129836
MES	105374888
ADRN	439994
ADRN	101927300
ADRN	401399
MES	9842
MES	100506599
MES	196993
MES	84627
ADRN	730811
ADRN	138948
ADRN	440823
ADRN	26082
MES	50652
MES	392617
ADRN	101929329
ADRN	647310
MES	65072
ADRN	107986806
ADRN	57291
MES	100499467
MES	400619
ADRN	56967
MES	101928222
ADRN	100505538
MES	100507086
MES	102724009
MES	102723834
ADRN	122152331
MES	729867
ADRN	122152326
MES	643723
ADRN	386597
MES	55009
ADRN	1719
MES	100131635
MES	389199
ADRN	100996635
MES	401093
ADRN	57615
ADRN	105372971
MES	100874111
ADRN	102723775
ADRN	400604
MES	404281
MES	105371450
ADRN	100132169
ADRN	101928099
MES	6892
ADRN	114821
MES	389813
MES	107985200
MES	100996732
MES	124900513
MES	101929947
ADRN	100127888
MES	100873947
MES	100885778
ADRN	84973
ADRN	124900276
MES	100129434
MES	2876
ADRN	388564
MES	117581
ADRN	105376748
ADRN	10408
ADRN	344065
ADRN	102723927
ADRN	101927289
ADRN	105372840
ADRN	338651
ADRN	399697
ADRN	101927554
ADRN	728927
ADRN	390940
ADRN	8629
MES	3106
ADRN	101929445
ADRN	101928537
MES	126568849
MES	387882
MES	100874085
MES	128385376
MES	109729169
MES	149775
ADRN	400242
ADRN	90271
MES	100507582
MES	57000
ADRN	100874238
MES	101927661
MES	374987
ADRN	284900
MES	101929328
ADRN	101927973
ADRN	414245
MES	618
ADRN	81571
ADRN	220930
ADRN	79804
MES	84752
MES	441094
ADRN	1159
ADRN	548596
MES	100507034
ADRN	100129842
ADRN	3833
MES	100861518
ADRN	474170
ADRN	9884
ADRN	101929337
ADRN	100506215
MES	81567
MES	100506826
MES	8742
ADRN	400793
ADRN	58496
MES	5698
ADRN	100287482
MES	100048912
ADRN	10687
ADRN	101929335
ADRN	285286
MES	101927111
ADRN	8577
MES	80301
MES	541565
MES	23600
ADRN	398
MES	26286
ADRN	128977
ADRN	23089
MES	110806300
MES	5672
MES	1945
MES	642819
MES	344595
ADRN	100131176
MES	692099
MES	105377105
MES	91179
MES	27350
MES	255130
MES	386627
MES	101928646
ADRN	100996419
MES	101927204
ADRN	101927480
ADRN	1050
ADRN	100505648
ADRN	100652791
ADRN	101927074
MES	101929524
ADRN	283856
ADRN	124903670
ADRN	121233925
MES	55766
ADRN	100505678
MES	105369147
ADRN	283596
ADRN	440288
ADRN	85364
ADRN	100289274
ADRN	101928847
MES	100852407
MES	11344
ADRN	100507266
ADRN	100533182
ADRN	285512
ADRN	101928509
MES	285505
ADRN	283731
MES	124906789
MES	348808
MES	342184
MES	116435303
MES	101927096
ADRN	121232368
ADRN	677770
MES	105379054
MES	25907
MES	641364
ADRN	56139
MES	283140
ADRN	100507043
ADRN	101928478
ADRN	105377543
MES	2297
ADRN	100287592
ADRN	157627
MES	168455
ADRN	399474
MES	388610
MES	100750225
MES	105375751
ADRN	100507341
ADRN	56110
ADRN	106144529
ADRN	552889
ADRN	56109
ADRN	101928058
MES	100507156
ADRN	105375666
ADRN	8641
MES	100128750
MES	728975
ADRN	388015
MES	126568847
ADRN	92312
MES	128385375
ADRN	102724064
ADRN	254559
ADRN	9865
ADRN	23642
MES	493913
MES	1519
MES	85027
ADRN	56242
ADRN	388327
MES	105369340
ADRN	124902683
ADRN	57189
ADRN	100128191
MES	120766149
ADRN	90589
ADRN	151534
ADRN	100286844
ADRN	101927267
MES	64146
ADRN	283624
MES	105370578
MES	105370458
ADRN	100507118
ADRN	90799
MES	3690
ADRN	109729181
MES	145694
ADRN	101929560
MES	101929690
ADRN	642366
MES	100131315
MES	102724163
ADRN	23732
ADRN	101930452
MES	101928167
MES	124904304
ADRN	100289092
MES	197187
ADRN	119863861
ADRN	150967
ADRN	343702
MES	9236
ADRN	100507421
ADRN	401720
MES	102723692
MES	145788
ADRN	83482
MES	100287616
ADRN	100422854
MES	9641
MES	104968399
ADRN	101927688
MES	643542
MES	9554
MES	100287082
ADRN	100500861
ADRN	2662
ADRN	101927720
MES	100505549
ADRN	342892
ADRN	147727
ADRN	100507373
ADRN	110806298
ADRN	728485
ADRN	80054
MES	400617
MES	105371849
ADRN	105372244
ADRN	386758
ADRN	26974
ADRN	56936
ADRN	54553
ADRN	100073347
MES	91370
ADRN	101669766
MES	8517
ADRN	104472717
ADRN	100505761
ADRN	10984
ADRN	102191832
ADRN	91608
MES	339929
ADRN	118732298
ADRN	126568845
ADRN	79148
MES	105377023
ADRN	101928965
MES	105379695
ADRN	11165
ADRN	100133941
ADRN	8447
MES	100506394
ADRN	105377540
ADRN	112441426
ADRN	105375519
ADRN	202781
ADRN	100170841
ADRN	30837
ADRN	283683
ADRN	139189
ADRN	4302
MES	79873
MES	157285
ADRN	389610
ADRN	8345
MES	57636
MES	11072
MES	101929494
MES	338382
ADRN	101928991
ADRN	80725
ADRN	93474
ADRN	110806277
MES	105371267
ADRN	201299
ADRN	7554
ADRN	7772
MES	79922
ADRN	105379428
ADRN	102724859
ADRN	100132249
ADRN	102659353
ADRN	153469
ADRN	116828
ADRN	100507178
MES	103021294
ADRN	100507173
MES	100507747
ADRN	100302182
ADRN	100422885
ADRN	101928718
ADRN	101926888
MES	643650
ADRN	55056
MES	645485
MES	124903342
ADRN	105378268
ADRN	124904288
ADRN	646719
MES	124900388
MES	728392
ADRN	105373289
ADRN	107985206
MES	124902301
ADRN	100630918
ADRN	101927505
ADRN	124903658
ADRN	105375216
ADRN	124907726
ADRN	119545628
ADRN	101928357
ADRN	101928737
ADRN	101929609
