"se_id","chr","start","end","control_accessibility","h24_accessibility","h48_accessibility","log2fc_24h","log2fc_48h","cell_line","change_24h","change_48h"
"SE_1",1,15876747,15919451,0.10506671306883,0.101860389990069,0.132779721175815,-0.0442844373794035,0.334887477410864,"CLB_Ma","No change","No change"
"SE_2",1,36342397,36377001,0.30231563567228,0.290062714824227,0.331695917155697,-0.0594898277714633,0.13338429195059,"CLB_Ma","No change","No change"
"SE_3",1,39102947,39272851,0.130200802731938,0.115177782890728,0.171241294839184,-0.175442343707164,0.392654523355476,"CLB_Ma","No change","No change"
"SE_4",1,39375747,39427701,0.166375834598183,0.163953446504245,0.209888321418017,-0.0210323277830077,0.333387954337696,"CLB_Ma","No change","No change"
"SE_5",1,51619871,51673751,0.154079497176115,0.136175896765169,0.166559281217014,-0.176980955246215,0.111663638097944,"CLB_Ma","No change","No change"
"SE_6",1,85313097,85385301,0.128592173850909,0.104527453619853,0.141429467869985,-0.296360221832523,0.136269067184659,"CLB_Ma","No change","No change"
"SE_7",1,85427447,85462205,0.0559657649501667,0.0505492648636144,0.0691938792704704,-0.14414330112321,0.301250081834971,"CLB_Ma","No change","No change"
"SE_8",1,85548747,85585701,0.269421091615126,0.227342658509725,0.312760403431801,-0.24400727357311,0.214455615995548,"CLB_Ma","No change","No change"
"SE_9",1,115298747,115335151,0.170896218962371,0.131557271985016,0.161829984001358,-0.374921994111993,-0.0781714253178064,"CLB_Ma","No change","No change"
"SE_10",1,156086247,156141351,0.538487719437855,0.514564118529125,0.627144113316401,-0.0654382588440653,0.219505471033397,"CLB_Ma","No change","No change"
"SE_11",1,157996270,158050551,0.215737408178363,0.219584013988105,0.250482739611591,0.0253800612831325,0.214511205358333,"CLB_Ma","No change","No change"
"SE_12",1,162653747,162723901,0.140446480871834,0.132036560232879,0.178077933810393,-0.0884335113618765,0.340331294185277,"CLB_Ma","No change","No change"
"SE_13",1,163033097,163057701,0.273326335386723,0.223438961570346,0.331681956622938,-0.289569984962506,0.278250494301254,"CLB_Ma","No change","No change"
"SE_14",1,181092697,181117901,0.303628459303364,0.261377396647521,0.317139607293025,-0.215407289352514,0.0626092646425842,"CLB_Ma","No change","No change"
"SE_15",1,183026457,183071551,0.144566246759517,0.153214791596361,0.185708533118077,0.0832652800381789,0.359111995654283,"CLB_Ma","No change","No change"
"SE_16",1,198254597,198295951,0.0854401114713896,0.0731730541896367,0.106906116721669,-0.220805757242434,0.320003809379404,"CLB_Ma","No change","No change"
"SE_17",1,203506147,203560001,0.278515935616387,0.336511970335734,0.426238370815636,0.272008134686762,0.612110687512508,"CLB_Ma","No change","Increased"
"SE_18",1,203663097,203697401,0.255996964667992,0.239092402847259,0.278851297241213,-0.098161566541477,0.122909115132431,"CLB_Ma","No change","No change"
"SE_19",1,204408247,204440051,0.338927202484694,0.313090997272575,0.443913723519355,-0.114043225461751,0.388299782268091,"CLB_Ma","No change","No change"
"SE_20",1,218449847,218501301,0.277968566466727,0.21350376340478,0.294911546468066,-0.379099612066969,0.0850634199187552,"CLB_Ma","No change","No change"
"SE_21",1,223704647,223734151,0.406339060340146,0.408505451287976,0.427232049542558,0.00765249386043731,0.0721626101520025,"CLB_Ma","No change","No change"
"SE_22",1,223747397,223789651,0.136189997240252,0.12564613265181,0.157317031147598,-0.115372273302561,0.206641167544054,"CLB_Ma","No change","No change"
"SE_23",1,234956997,235001201,0.321671197207522,0.317353726271328,0.412302270707434,-0.0194341526215629,0.357132486567159,"CLB_Ma","No change","No change"
"SE_24",1,243246597,243291601,0.301041484131401,0.279944937673314,0.332555897922615,-0.104459306555899,0.143181839935733,"CLB_Ma","No change","No change"
"SE_25",2,36339747,36515551,0.152398265429202,0.135874015137712,0.167215308617437,-0.16443358547783,0.133026836130128,"CLB_Ma","No change","No change"
"SE_26",2,55096397,55115801,0.232526793202188,0.211191460108838,0.298512659190872,-0.138221489504621,0.359028897205245,"CLB_Ma","No change","No change"
"SE_27",2,62710647,62744101,0.0946531973376939,0.0679712855540243,0.148824688660399,-0.471817336029655,0.647390277427576,"CLB_Ma","No change","Increased"
"SE_28",2,68028247,68060026,0.119819494049426,0.101067884431627,0.149739120581805,-0.243324255272816,0.319200630882073,"CLB_Ma","No change","No change"
"SE_29",2,69116247,69192151,0.240196219522326,0.207596336095365,0.306185348656822,-0.209493477039421,0.348902112908239,"CLB_Ma","No change","No change"
"SE_30",2,117936997,117987701,0.148798956227179,0.157215950452153,0.189002534372153,0.0788674802466487,0.342991090863661,"CLB_Ma","No change","No change"
"SE_31",2,160204847,160243551,0.403058905116387,0.372242336910826,0.506179883944252,-0.114452988928037,0.327931896200569,"CLB_Ma","No change","No change"
"SE_32",2,160313747,160455451,0.0932733563963951,0.077403066752335,0.110533364235442,-0.265940006237414,0.242553346264844,"CLB_Ma","No change","No change"
"SE_33",2,177215997,177261130,0.152479567615065,0.167701835742948,0.179781919098612,0.136429066839031,0.236203788164698,"CLB_Ma","No change","No change"
"SE_34",2,189080997,189129951,0.0834430489771469,0.0855813218466391,0.106480253752307,0.0360771556252347,0.348021056564734,"CLB_Ma","No change","No change"
"SE_35",2,189247497,189288951,0.15780622260664,0.120125217115118,0.199452242881431,-0.390768191986965,0.335991116408338,"CLB_Ma","No change","No change"
"SE_36",2,189366697,189413251,0.128039612587735,0.120095014225806,0.141055620832748,-0.0916745452310802,0.138641904722904,"CLB_Ma","No change","No change"
"SE_37",2,207219797,207260201,0.389212790474437,0.289164157849808,0.323382245919385,-0.427391744292612,-0.26656620750564,"CLB_Ma","No change","No change"
"SE_38",2,223034497,223094701,0.260109347228274,0.205318969436088,0.263577454605651,-0.339777632378985,0.0190360263527377,"CLB_Ma","No change","No change"
"SE_39",2,233402847,233443401,0.204970653314571,0.165860684081926,0.249938815542651,-0.303794731779396,0.284896849000759,"CLB_Ma","No change","No change"
"SE_40",3,8442247,8465001,0.182483772827292,0.165715819036596,0.207798337871402,-0.138261475078073,0.186457749652753,"CLB_Ma","No change","No change"
"SE_41",3,8504804,8566501,0.106438155189026,0.0790823389261482,0.120125325445378,-0.423950421704578,0.172994104245437,"CLB_Ma","No change","No change"
"SE_42",3,8928147,8957701,0.144281998660295,0.114809648405203,0.173412011508763,-0.327100502153276,0.263643444714041,"CLB_Ma","No change","No change"
"SE_43",3,15766847,15817451,0.120503231543075,0.11291881406263,0.141355170695522,-0.0929886522694168,0.228500211550103,"CLB_Ma","No change","No change"
"SE_44",3,57998447,58082501,0.175630392177722,0.155643951988751,0.217466285867287,-0.17324453543059,0.306677053593324,"CLB_Ma","No change","No change"
"SE_45",3,71487997,71522851,0.167959429880481,0.128169451722744,0.18858671886226,-0.387411955410444,0.166181030779454,"CLB_Ma","No change","No change"
"SE_46",3,98954747,98983151,0.145084913836389,0.151512599992676,0.14996220730042,0.0621212384354341,0.047380223664753,"CLB_Ma","No change","No change"
"SE_47",3,100001947,100045201,0.148790444717011,0.126935709504877,0.141264166374887,-0.227526589285846,-0.0743732754573046,"CLB_Ma","No change","No change"
"SE_48",3,111850747,111917851,0.185158141717145,0.153665201675954,0.19266929878676,-0.267380075069639,0.0570665558764004,"CLB_Ma","No change","No change"
"SE_49",3,112629747,112658501,0.427269078836573,0.341003306468957,0.455327671940744,-0.324507244875141,0.0915526242437596,"CLB_Ma","No change","No change"
"SE_50",3,120406897,120448070,0.180991333511222,0.165915987617339,0.220458575433262,-0.124747604292486,0.283167112652349,"CLB_Ma","No change","No change"
"SE_51",3,123732947,123803701,0.249745527595793,0.195692570197394,0.29230646543753,-0.350281505800769,0.226184904638288,"CLB_Ma","No change","No change"
"SE_52",3,128758647,128806351,0.103114840107837,0.0797510993439735,0.107360942713272,-0.366621913328363,0.0576691305906017,"CLB_Ma","No change","No change"
"SE_53",3,134308647,134335151,0.416223549373349,0.286166208647498,0.359816237638942,-0.538934595589695,-0.209556325314309,"CLB_Ma","No change","No change"
"SE_54",3,134457747,134482731,0.187375209085421,0.203069653833822,0.213343622043482,0.115452549306176,0.186316376181161,"CLB_Ma","No change","No change"
"SE_55",3,136136147,136186501,0.0670940970060836,0.0489573053110861,0.0683735027769373,-0.446834077881838,0.026854992165114,"CLB_Ma","No change","No change"
"SE_56",3,159760747,159788351,0.366351818824343,0.372717553780972,0.362005097973358,0.0247859120477241,-0.017172608387763,"CLB_Ma","No change","No change"
"SE_57",3,160394897,160434051,0.113553327907142,0.107774002278616,0.119176397947902,-0.0746855872899375,0.0691342144579694,"CLB_Ma","No change","No change"
"SE_58",3,171345247,171395851,0.124881540845187,0.110741503151722,0.150275174560915,-0.171901610342504,0.265108506365486,"CLB_Ma","No change","No change"
"SE_59",3,172114947,172182951,0.19968777621524,0.168059130448078,0.23557860592428,-0.247424811018162,0.237366869406964,"CLB_Ma","No change","No change"
"SE_60",3,178168947,178207101,0.092520061765081,0.0966184751884474,0.139677720965055,0.0618783341548666,0.589046080225893,"CLB_Ma","No change","Increased"
"SE_61",3,188233597,188299051,0.243594578426011,0.198403966082875,0.262114184592586,-0.294698321309721,0.105296600789208,"CLB_Ma","No change","No change"
"SE_62",3,196773597,196808001,0.230662581497996,0.223776619595351,0.286959378616056,-0.0435330569236173,0.313840273606236,"CLB_Ma","No change","No change"
"SE_63",4,15676347,15693351,0.375625538123985,0.324368065032765,0.387558642841455,-0.211058172114888,0.0450015232851189,"CLB_Ma","No change","No change"
"SE_64",4,41142347,41206251,0.176298321451509,0.154827992574662,0.210973676467753,-0.186224458746743,0.257706239902122,"CLB_Ma","No change","No change"
"SE_65",4,48345947,48381151,0.168625730514885,0.0940282459496696,0.169587329382353,-0.835926723571231,0.00815546359194272,"CLB_Ma","Decreased","No change"
"SE_66",4,69763710,69800501,0.0712644935272686,0.0569831617821369,0.0945570004702135,-0.317652962036435,0.403074601620849,"CLB_Ma","No change","No change"
"SE_67",4,76579597,76591951,0.24176457582532,0.169382322108571,0.20954149939295,-0.510782261507808,-0.205453291170981,"CLB_Ma","No change","No change"
"SE_68",4,76687447,76709901,0.121727162555764,0.121308346801262,0.141655209132617,-0.0049317260346501,0.217077840249022,"CLB_Ma","No change","No change"
"SE_69",4,76722897,76784501,0.212571375831759,0.191185050271755,0.267806601873525,-0.152222185159116,0.331850270061132,"CLB_Ma","No change","No change"
"SE_70",4,76952711,77066251,0.186199430588723,0.166052987337739,0.207373119528657,-0.164270264623067,0.154593132982466,"CLB_Ma","No change","No change"
"SE_71",4,79996597,80039451,0.141795195009185,0.123609446670351,0.170636264950949,-0.196533990632205,0.265406977268532,"CLB_Ma","No change","No change"
"SE_72",4,113890697,113976721,0.089296073528892,0.0774713434479737,0.0917800344810681,-0.202497354640454,0.039151128022229,"CLB_Ma","No change","No change"
"SE_73",4,114242047,114284101,0.154160725711365,0.113228516994905,0.166412403527987,-0.441840566178462,0.10964299192093,"CLB_Ma","No change","No change"
"SE_74",4,122758547,122785001,0.227182487139907,0.177244011279573,0.233229762784591,-0.356334464769827,0.0377363359186591,"CLB_Ma","No change","No change"
"SE_75",4,122873447,122913301,0.0838890524084471,0.070359107973341,0.0872939830857837,-0.2504809298159,0.0567366160626584,"CLB_Ma","No change","No change"
"SE_76",4,150203097,150260401,0.160143893964298,0.130805518914445,0.177960645889497,-0.289938743458562,0.151292845281091,"CLB_Ma","No change","No change"
"SE_77",4,158802947,158826551,0.410833531794214,0.355052417817929,0.420739291007921,-0.209971650558035,0.0342901353604803,"CLB_Ma","No change","No change"
"SE_78",4,185340297,185363101,0.315317985405532,0.246310317816756,0.4044332797024,-0.355053157445654,0.358088928418774,"CLB_Ma","No change","No change"
"SE_79",5,9426847,9485051,0.170064983265795,0.163724318592409,0.225247724977661,-0.0544909137875162,0.4033588126902,"CLB_Ma","No change","No change"
"SE_80",5,65184147,65209951,0.196413802449704,0.16239028554216,0.221232670235069,-0.272900651452459,0.170848060412427,"CLB_Ma","No change","No change"
"SE_81",5,76488897,76543601,0.0754453509790912,0.072618244858935,0.0956724100734732,-0.0543654121404994,0.338675442127666,"CLB_Ma","No change","No change"
"SE_82",5,83501697,83567351,0.0803420915752821,0.0714553454159417,0.0936664780566093,-0.166909958767321,0.218851561768592,"CLB_Ma","No change","No change"
"SE_83",5,95711147,95794501,0.174853873334945,0.140518177159478,0.214489257601378,-0.313389741462052,0.293238839094485,"CLB_Ma","No change","No change"
"SE_84",5,140240947,140263301,0.32394555534412,0.293508580728772,0.410549644361183,-0.141888346038414,0.340868455678185,"CLB_Ma","No change","No change"
"SE_85",5,140280247,140335801,0.226750322488573,0.200652723507142,0.270504345283651,-0.175580206037122,0.253522190938896,"CLB_Ma","No change","No change"
"SE_86",5,147471147,147506901,0.215622385039848,0.18390317086212,0.245674798561675,-0.22841236857617,0.187427996791445,"CLB_Ma","No change","No change"
"SE_87",5,151660847,151701051,0.32096641643341,0.298001401904161,0.387912431279641,-0.106757963340938,0.272535138090166,"CLB_Ma","No change","No change"
"SE_88",5,169586631,169604651,0.0863426761663094,0.0883394892897393,0.119556563466604,0.0326112717293154,0.464951556927402,"CLB_Ma","No change","No change"
"SE_89",6,11161397,11228301,0.141602851185971,0.114393508097532,0.148355947727518,-0.305440765211193,0.0667518633600759,"CLB_Ma","No change","No change"
"SE_90",6,30725347,30784151,0.410650636692268,0.374960891938209,0.467638849273264,-0.130837859249072,0.187056098367156,"CLB_Ma","No change","No change"
"SE_91",6,37126147,37146201,0.402586515949975,0.375365473189297,0.429299280093922,-0.10074368904033,0.0924624526023266,"CLB_Ma","No change","No change"
"SE_92",6,44655047,44669401,0.272575606256517,0.268491679399366,0.334414534805664,-0.0216988658651919,0.294005611718086,"CLB_Ma","No change","No change"
"SE_93",6,52503197,52574063,0.194650985795114,0.181207078658429,0.208179139970697,-0.102703371086645,0.0964566091487111,"CLB_Ma","No change","No change"
"SE_94",6,140043647,140073501,0.271143758593673,0.226301302470797,0.25802728469344,-0.259762998309079,-0.0712648768477595,"CLB_Ma","No change","No change"
"SE_95",6,151022147,151071401,0.428695133252928,0.347314298875177,0.472158596024537,-0.302923738027297,0.139010398289146,"CLB_Ma","No change","No change"
"SE_96",6,152704947,152754551,0.131461026652399,0.114346125094096,0.160400933978834,-0.199598405803134,0.285080981944783,"CLB_Ma","No change","No change"
"SE_97",6,158008197,158058551,0.332611044374142,0.328829052576922,0.42092293724524,-0.0164485684240137,0.338812468996623,"CLB_Ma","No change","No change"
"SE_98",7,18492447,18592001,0.103687036116459,0.103131559104057,0.142314554352017,-0.00767542584515137,0.453102332682783,"CLB_Ma","No change","No change"
"SE_99",7,23449697,23478301,0.317940247055092,0.30749435071273,0.363739040185199,-0.0480420923623283,0.193578465456858,"CLB_Ma","No change","No change"
"SE_100",7,130355747,130375151,0.469124954273891,0.40777901218203,0.533580664082484,-0.201723134624592,0.185363394937338,"CLB_Ma","No change","No change"
"SE_101",7,130880747,130926401,0.389316540513178,0.336173182901366,0.419906897933616,-0.211154805449184,0.108856551725155,"CLB_Ma","No change","No change"
"SE_102",7,134809197,134848151,0.0900846279010866,0.087856569327804,0.103028030909162,-0.0357291536819536,0.191692822582617,"CLB_Ma","No change","No change"
"SE_103",7,134879597,134946501,0.121107344792717,0.111095562191099,0.139824365059305,-0.123420817789041,0.205746985386262,"CLB_Ma","No change","No change"
"SE_104",8,32685847,32716151,0.0924305604769065,0.0871945195656172,0.121773173479569,-0.0832055134364142,0.394028931830886,"CLB_Ma","No change","No change"
"SE_105",8,66505747,66560201,0.296676816677335,0.244815400865297,0.326662709713198,-0.276171561139389,0.138464625891497,"CLB_Ma","No change","No change"
"SE_106",8,117927647,117958551,0.126233222714563,0.102067871017249,0.133255172960378,-0.303880754961995,0.0775022459594222,"CLB_Ma","No change","No change"
"SE_107",8,117977047,118057451,0.143621036088437,0.128856762008155,0.16622062846466,-0.155356275934713,0.209475413250771,"CLB_Ma","No change","No change"
"SE_108",8,127798959,127929451,0.292599726842172,0.241191661372205,0.320490529258732,-0.277701431852081,0.130925612108016,"CLB_Ma","No change","No change"
"SE_109",9,12778010,12823051,0.183356593604224,0.14289844335835,0.194350601567069,-0.357448030445927,0.0835666821441896,"CLB_Ma","No change","No change"
"SE_110",9,33148547,33163301,0.341412113574673,0.334001894299091,0.378478049528842,-0.0315644876771778,0.148282695896749,"CLB_Ma","No change","No change"
"SE_111",9,33305747,33338851,0.163594889087045,0.152035010421734,0.204701102254646,-0.105057796955256,0.321629985946092,"CLB_Ma","No change","No change"
"SE_112",9,33820797,33878851,0.0635029390942695,0.0623585050673267,0.0779599885385305,-0.0258266031465028,0.29175688154697,"CLB_Ma","No change","No change"
"SE_113",9,35510497,35534101,0.285334095148834,0.170830187263484,0.294159794585342,-0.73671595650629,0.0437967479283956,"CLB_Ma","Decreased","No change"
"SE_114",9,36089347,36114801,0.277676857787617,0.245315633197553,0.327371478929637,-0.178085005504448,0.236735624240946,"CLB_Ma","No change","No change"
"SE_115",9,37929397,37979101,0.255534902028241,0.218725821374406,0.26525537792242,-0.22345070043859,0.0536555453051201,"CLB_Ma","No change","No change"
"SE_116",9,38008247,38049251,0.312752023196254,0.286206452903344,0.374070171073787,-0.127536598417669,0.257535769423254,"CLB_Ma","No change","No change"
"SE_117",9,112031947,112082301,0.432754049600265,0.31475398695772,0.43235030759978,-0.458076276267675,-0.00134349832094621,"CLB_Ma","No change","No change"
"SE_118",9,123036640,123103201,0.119328757837927,0.0993276176780129,0.143204897309216,-0.262262680623901,0.26113868142123,"CLB_Ma","No change","No change"
"SE_119",9,129480397,129503501,0.389501164665753,0.353312316154492,0.417676061938344,-0.140305235737394,0.100507582261933,"CLB_Ma","No change","No change"
"SE_120",10,4765947,4781801,0.249656096237617,0.223089817317384,0.303863758325653,-0.161632228500699,0.282455332949275,"CLB_Ma","No change","No change"
"SE_121",10,17198947,17218401,0.278214993159038,0.245966422949385,0.282158072171442,-0.177061503535822,0.020231245451913,"CLB_Ma","No change","No change"
"SE_122",10,28539747,28607351,0.0488592227482844,0.0445348071280578,0.0640926762376769,-0.130890619641195,0.38463483785644,"CLB_Ma","No change","No change"
"SE_123",10,32938556,32963651,0.19647374459971,0.184063276890844,0.225827989443045,-0.093642208673833,0.199937822154211,"CLB_Ma","No change","No change"
"SE_124",10,33210847,33241751,0.149583667678701,0.136555471243451,0.158759655192197,-0.130551779906696,0.0853378205116518,"CLB_Ma","No change","No change"
"SE_125",10,52516047,52542901,0.127388179484626,0.108399768582023,0.110951229231249,-0.23090269537351,-0.197642012557077,"CLB_Ma","No change","No change"
"SE_126",10,62224097,62264501,0.162970700640292,0.106936697823411,0.148263105234655,-0.603252591860759,-0.135580442626963,"CLB_Ma","Decreased","No change"
"SE_127",10,71835247,71861901,0.448245992100503,0.331502025575828,0.433019112236083,-0.434142503521208,-0.0497470591205762,"CLB_Ma","No change","No change"
"SE_128",10,74049647,74090251,0.0852033477509885,0.0721677242124473,0.106246339245709,-0.236536511812926,0.31511260019562,"CLB_Ma","No change","No change"
"SE_129",10,77494247,77535201,0.324358862615234,0.278484250139586,0.334312812691444,-0.219264867839711,0.0434757586663838,"CLB_Ma","No change","No change"
"SE_130",10,90913547,90937551,0.369998673348482,0.220057534536728,0.322779272297331,-0.746992119908094,-0.196403397792251,"CLB_Ma","Decreased","No change"
"SE_131",10,93435197,93479316,0.447955520585099,0.441370610062101,0.533335081713721,-0.0213169798784477,0.251172220484577,"CLB_Ma","No change","No change"
"SE_132",10,99945397,100006952,0.180430264098338,0.191324218994111,0.246870941193843,0.0841253201013071,0.450174019343269,"CLB_Ma","No change","No change"
"SE_133",10,126198347,126264901,0.228924265005137,0.222741571594451,0.250229702940028,-0.0393253918966249,0.127848315863814,"CLB_Ma","No change","No change"
"SE_134",11,8704047,8734001,0.291130080274375,0.267619854852389,0.374301108796981,-0.121044973825032,0.36143763421152,"CLB_Ma","No change","No change"
"SE_135",11,9564747,9593851,0.381676051354489,0.359676288822706,0.443866263757076,-0.0854190348432395,0.21724807945832,"CLB_Ma","No change","No change"
"SE_136",11,12156847,12238251,0.310750925667405,0.267742509326477,0.357572827633223,-0.214169300837201,0.201872322265187,"CLB_Ma","No change","No change"
"SE_137",11,57764759,57800701,0.228691054910441,0.182340518528174,0.267743552888329,-0.325169014615531,0.226535471623873,"CLB_Ma","No change","No change"
"SE_138",11,65471697,65503201,0.761028200632446,0.72488096150126,0.860963448735186,-0.0701114114895361,0.177782304617999,"CLB_Ma","No change","No change"
"SE_139",11,66066197,66134001,0.168975769933198,0.141858841112845,0.173157175769269,-0.250738781481778,0.035060812608959,"CLB_Ma","No change","No change"
"SE_140",11,74121747,74163301,0.12459159961064,0.0859552966372598,0.147451076700713,-0.530394157525579,0.241247586528167,"CLB_Ma","No change","No change"
"SE_141",11,86717847,86763301,0.270989421035225,0.251458837452515,0.310564068315857,-0.107502358720436,0.195978322322315,"CLB_Ma","No change","No change"
"SE_142",11,96045247,96167601,0.152955817047666,0.117787112324314,0.161436393633457,-0.374138057990153,0.0773585234014229,"CLB_Ma","No change","No change"
"SE_143",11,96186547,96338436,0.165996760091471,0.144822732877884,0.213967940173498,-0.195604468619379,0.364301402415096,"CLB_Ma","No change","No change"
"SE_144",11,111530747,111564401,0.28328707371341,0.227572859740359,0.302443767710943,-0.314694391261925,0.0940806876707058,"CLB_Ma","No change","No change"
"SE_145",11,120329347,120348301,0.264215880589794,0.23597921340003,0.330975296677265,-0.16240664482323,0.323908726410671,"CLB_Ma","No change","No change"
"SE_146",11,122156497,122199001,0.161373182130116,0.134002480024311,0.164272402378855,-0.266327463750633,0.0255324658375442,"CLB_Ma","No change","No change"
"SE_147",12,12816343,12845951,0.231420582364194,0.180102030573246,0.290974474051855,-0.359935112158907,0.329104412119576,"CLB_Ma","No change","No change"
"SE_148",12,29276997,29287551,0.115586472225818,0.103728784123502,0.115432089503894,-0.154742385829806,-0.0019116693387306,"CLB_Ma","No change","No change"
"SE_149",12,45223347,45314051,0.236125404234615,0.198783630457019,0.27689227267082,-0.247211854247144,0.228875485142231,"CLB_Ma","No change","No change"
"SE_150",12,67651729,67681601,0.246251468491275,0.161410295733511,0.27445676096966,-0.606335996853011,0.155846784123188,"CLB_Ma","Decreased","No change"
"SE_151",12,93775547,93788151,0.243935752673151,0.209059325144983,0.23140387689481,-0.221606543262715,-0.0757692403736957,"CLB_Ma","No change","No change"
"SE_152",12,121923247,121950951,0.146922444645803,0.154897636212554,0.166258166392187,0.0757580806295926,0.177235679471906,"CLB_Ma","No change","No change"
"SE_153",12,122068297,122123151,0.178945383350959,0.162537323772724,0.2211933695529,-0.137939152693565,0.304256676878809,"CLB_Ma","No change","No change"
"SE_154",13,33212947,33264201,0.117136132132951,0.0982100493965265,0.139601767992297,-0.251892113232182,0.251164452734986,"CLB_Ma","No change","No change"
"SE_155",13,45189747,45243251,0.136149201296491,0.113466171555394,0.190985622453004,-0.260824922108716,0.485252052969051,"CLB_Ma","No change","No change"
"SE_156",14,32444647,32524351,0.146266661794594,0.112981946905642,0.163704459990125,-0.369625529819335,0.161448751721933,"CLB_Ma","No change","No change"
"SE_157",14,51003797,51024851,0.310619599264683,0.262828701324652,0.379508139555097,-0.240184453685373,0.288141340822233,"CLB_Ma","No change","No change"
"SE_158",14,51521947,51555551,0.234099259898278,0.213776470461836,0.254922451024853,-0.130434047810117,0.122436717298563,"CLB_Ma","No change","No change"
"SE_159",14,52852497,52948096,0.106895484770865,0.0758770760799811,0.111075530847275,-0.489009120704115,0.0548368408149092,"CLB_Ma","No change","No change"
"SE_160",14,64917647,64937951,0.0908659412305698,0.0993667715303876,0.0681360092563641,0.127679719814943,-0.410092760552477,"CLB_Ma","No change","No change"
"SE_161",15,32818747,32879001,0.196020565335217,0.175788394691366,0.223182468083301,-0.156322656615784,0.186327229891048,"CLB_Ma","No change","No change"
"SE_162",15,33126697,33165451,0.210800120387069,0.220594821602651,0.310079849598856,0.0652207584218691,0.55458153702449,"CLB_Ma","No change","No change"
"SE_163",15,44028097,44116051,0.105208727338425,0.0916319539197978,0.121396081874688,-0.197320469216126,0.204655055891965,"CLB_Ma","No change","No change"
"SE_164",15,48532697,48575601,0.123249547404451,0.114249905426901,0.15496715176435,-0.108475029796287,0.328001618546141,"CLB_Ma","No change","No change"
"SE_165",15,60358047,60443901,0.294013264329868,0.283570476615835,0.347123291267609,-0.0519938280233202,0.238818519018226,"CLB_Ma","No change","No change"
"SE_166",15,67068854,67159051,0.325261501158382,0.293088691609069,0.385199337414124,-0.149777449199084,0.243316929592978,"CLB_Ma","No change","No change"
"SE_167",15,90399947,90424101,0.161872007779883,0.149585543721226,0.161254528458971,-0.113155397118473,-0.00547993058643174,"CLB_Ma","No change","No change"
"SE_168",15,90550547,90564101,0.543278821103192,0.480430360478625,0.585107208515647,-0.177018773753669,0.106818681890792,"CLB_Ma","No change","No change"
"SE_169",15,98718197,98736951,0.209054786691628,0.177325549569228,0.219381868628999,-0.23625224236986,0.0692398725588554,"CLB_Ma","No change","No change"
"SE_170",15,98842147,98928101,0.256934254146149,0.223716735191316,0.30442199795559,-0.198895808960848,0.243800597265175,"CLB_Ma","No change","No change"
"SE_171",16,24970997,25011251,0.162618490236745,0.129813131223944,0.18874444257583,-0.322828425853111,0.213721837258268,"CLB_Ma","No change","No change"
"SE_172",16,50183447,50211701,0.148175093155109,0.131447543740304,0.157196115592249,-0.171585588852072,0.0847074979510634,"CLB_Ma","No change","No change"
"SE_173",16,57168997,57204301,0.290542851473625,0.255819771754899,0.331630285916962,-0.182951673491888,0.190211582854278,"CLB_Ma","No change","No change"
"SE_174",16,75242947,75261051,0.670960784921911,0.511255801097852,0.647393769530589,-0.391512623676438,-0.051506813020113,"CLB_Ma","No change","No change"
"SE_175",17,40298047,40352151,0.454465870236183,0.437959073761445,0.478478200017197,-0.0532565148114688,0.0741222715468156,"CLB_Ma","No change","No change"
"SE_176",17,45287497,45322051,0.439325775522948,0.475225837835481,0.488537338438497,0.113074598411869,0.152847604224831,"CLB_Ma","No change","No change"
"SE_177",17,59745197,59860001,0.492759813086517,0.415045412839519,0.684766697816574,-0.247068408620424,0.4739084249708,"CLB_Ma","No change","No change"
"SE_178",19,13839657,13866051,0.666437054769251,0.65974216023246,0.719572370546254,-0.0145443820276898,0.110511550188951,"CLB_Ma","No change","No change"
"SE_179",19,17078947,17138251,0.242045066862247,0.226382405354834,0.287826879065631,-0.096103227623848,0.248981158116938,"CLB_Ma","No change","No change"
"SE_180",19,47094147,47123101,0.266051071494857,0.24338647290987,0.258667064930176,-0.127951240366691,-0.0404526325022622,"CLB_Ma","No change","No change"
"SE_181",20,35304047,35339601,0.391697164675594,0.2783234014881,0.388967688442919,-0.491480735094774,-0.0100625900689231,"CLB_Ma","No change","No change"
"SE_182",20,35864297,35902101,0.417894891784369,0.308035757160992,0.513660367403983,-0.438814515708949,0.297032397437559,"CLB_Ma","No change","No change"
"SE_183",20,49676197,49705301,0.106498142767301,0.0972371081016437,0.135202121128416,-0.12997173828652,0.341437436415456,"CLB_Ma","No change","No change"
"SE_184",20,53735247,53753451,0.248956477994132,0.167809039976064,0.272932452473478,-0.566284752508358,0.13214327355262,"CLB_Ma","No change","No change"
"SE_185",22,24132747,24175251,0.189919754246364,0.185566175008551,0.214450220640168,-0.0332789393727818,0.174388191443117,"CLB_Ma","No change","No change"
"SE_186",22,24283397,24334101,0.0969269536412216,0.082390096852227,0.106851409779297,-0.231829941327275,0.139267124484735,"CLB_Ma","No change","No change"
"SE_187",22,31217497,31253901,0.243316430471755,0.232321346314147,0.312247645230859,-0.0664325852940977,0.358552775208617,"CLB_Ma","No change","No change"
"SE_188",22,36307297,36398351,0.322893412139337,0.312412095098301,0.356494809112588,-0.0474582676937273,0.142403169258345,"CLB_Ma","No change","No change"
"SE_189",22,40484997,40529101,0.217146233725215,0.177856207826134,0.219426609064924,-0.286495372985187,0.015002825168401,"CLB_Ma","No change","No change"
"SE_190",22,41828897,41887951,0.132407595001028,0.125282767570768,0.138123086468789,-0.0791830189119962,0.0605210418988621,"CLB_Ma","No change","No change"
"SE_191",22,42956547,43011451,0.222637064536064,0.198098246563659,0.249593267605596,-0.167678797906353,0.164188342626318,"CLB_Ma","No change","No change"
"SE_192",22,46057142,46082995,0.498032711293278,0.474469829668677,0.54725996300229,-0.06978058683475,0.13572573739789,"CLB_Ma","No change","No change"
"SE_1",1,15876747,15919451,0.0861435548168156,0.0903654746289368,0.115179865311524,0.0682551339187396,0.414894191516691,"SK_N_SH","No change","No change"
"SE_2",1,36342397,36377001,0.316945352436462,0.261766590378619,0.328024061087576,-0.274996965439711,0.0494142697655388,"SK_N_SH","No change","No change"
"SE_3",1,39102947,39272851,0.156216137495359,0.118135762641425,0.156028560020982,-0.400142758958923,-0.00172233375039465,"SK_N_SH","No change","No change"
"SE_4",1,39375747,39427701,0.201491453507291,0.152183439529808,0.194342415607584,-0.402600680173829,-0.0518557755830339,"SK_N_SH","No change","No change"
"SE_5",1,51619871,51673751,0.17286875084324,0.15289867056825,0.209322409867714,-0.176017893431039,0.274603914883457,"SK_N_SH","No change","No change"
"SE_6",1,85313097,85385301,0.158987457599985,0.0995232543822572,0.107832979113705,-0.67042952431001,-0.555843012309042,"SK_N_SH","Decreased","No change"
"SE_7",1,85427447,85462205,0.0808848199956385,0.0709011448976683,0.10108626014406,-0.187581283189601,0.318120774521945,"SK_N_SH","No change","No change"
"SE_8",1,85548747,85585701,0.352996780733011,0.259871624933056,0.322052092276492,-0.440396210000732,-0.131969421598395,"SK_N_SH","No change","No change"
"SE_9",1,115298747,115335151,0.141233690895555,0.107357972500147,0.148623938306865,-0.392457932169019,0.0730777735875912,"SK_N_SH","No change","No change"
"SE_10",1,156086247,156141351,0.729306144450095,0.608090165741087,0.682568986807162,-0.261845557658435,-0.0954144246509097,"SK_N_SH","No change","No change"
"SE_11",1,157996270,158050551,0.199298808141543,0.156692075621321,0.191148774705689,-0.345043673255607,-0.0599300599082241,"SK_N_SH","No change","No change"
"SE_12",1,162653747,162723901,0.143609927634134,0.125119865253597,0.150281840370706,-0.197371064565604,0.065072220825227,"SK_N_SH","No change","No change"
"SE_13",1,163033097,163057701,0.451230581744841,0.37830031715276,0.451884427411874,-0.253717978584348,0.00208437614198958,"SK_N_SH","No change","No change"
"SE_14",1,181092697,181117901,0.297173612372478,0.244563726876723,0.255056009839789,-0.280055117682718,-0.219693167632961,"SK_N_SH","No change","No change"
"SE_15",1,183026457,183071551,0.0725943188127587,0.08365377501353,0.0690781191873003,0.201980004178673,-0.0706303450368365,"SK_N_SH","No change","No change"
"SE_16",1,198254597,198295951,0.123591589740395,0.0951387611735409,0.109274545052931,-0.374016567539198,-0.176106877462896,"SK_N_SH","No change","No change"
"SE_17",1,203506147,203560001,0.263132887612487,0.187185356744146,0.220886789598614,-0.489109572887628,-0.251440168151142,"SK_N_SH","No change","No change"
"SE_18",1,203663097,203697401,0.229689385974141,0.223840009162035,0.290576569250915,-0.0370528482899249,0.337923163947463,"SK_N_SH","No change","No change"
"SE_19",1,204408247,204440051,0.336206761035598,0.276623638474456,0.274794168254745,-0.280503050271479,-0.290041511794833,"SK_N_SH","No change","No change"
"SE_20",1,218449847,218501301,0.158253201448519,0.113266952744913,0.146792399363004,-0.47891415444429,-0.107750298333919,"SK_N_SH","No change","No change"
"SE_21",1,223704647,223734151,0.317513909071925,0.265695390706533,0.298628496129868,-0.256163483377784,-0.0881815367504836,"SK_N_SH","No change","No change"
"SE_22",1,223747397,223789651,0.119819141759828,0.0872118204491115,0.102670718219211,-0.453805147471985,-0.220840580860095,"SK_N_SH","No change","No change"
"SE_23",1,234956997,235001201,0.251092852497017,0.207525607390355,0.278064001699552,-0.273730653949962,0.146640819153029,"SK_N_SH","No change","No change"
"SE_24",1,243246597,243291601,0.276914331693174,0.224544983469752,0.347716794819712,-0.30122503617383,0.327415614112568,"SK_N_SH","No change","No change"
"SE_25",2,36339747,36515551,0.185054429507312,0.148709947900855,0.164496544249671,-0.313554649429288,-0.168923645678772,"SK_N_SH","No change","No change"
"SE_26",2,55096397,55115801,0.172134263796513,0.140816863612505,0.167913076288733,-0.287862171322401,-0.035610248990265,"SK_N_SH","No change","No change"
"SE_27",2,62710647,62744101,0.0625498659172459,0.14882723082502,0.21177115303691,1.23733886838198,1.74334158080273,"SK_N_SH","Increased","Increased"
"SE_28",2,68028247,68060026,0.132908718172185,0.113082308964336,0.131637195528937,-0.231174804307742,-0.0137644828349103,"SK_N_SH","No change","No change"
"SE_29",2,69116247,69192151,0.118403923230359,0.103739747873884,0.124963555913361,-0.189041202622786,0.0771561502903712,"SK_N_SH","No change","No change"
"SE_30",2,117936997,117987701,0.141420766520282,0.127400752999855,0.146255706943388,-0.149505859409979,0.0481640247517493,"SK_N_SH","No change","No change"
"SE_31",2,160204847,160243551,0.258034525284533,0.188002903865148,0.248015688090452,-0.454735999229437,-0.0569077640642799,"SK_N_SH","No change","No change"
"SE_32",2,160313747,160455451,0.091447607190412,0.0837335132481139,0.0927636214519368,-0.125703291232949,0.020392313326613,"SK_N_SH","No change","No change"
"SE_33",2,177215997,177261130,0.126226224005829,0.123450374380751,0.167454350562748,-0.0318255007770786,0.404961617379039,"SK_N_SH","No change","No change"
"SE_34",2,189080997,189129951,0.0911697496493178,0.0762025977500733,0.0927187310208181,-0.25564393928251,0.0240440877301625,"SK_N_SH","No change","No change"
"SE_35",2,189247497,189288951,0.154159161197837,0.121778458648093,0.109963513322678,-0.337691418107347,-0.483663509629887,"SK_N_SH","No change","No change"
"SE_36",2,189366697,189413251,0.114824177062862,0.089748581173305,0.123424995706602,-0.351989439684575,0.103339905253316,"SK_N_SH","No change","No change"
"SE_37",2,207219797,207260201,0.18919932461859,0.134432834536562,0.159967508440218,-0.4899345728849,-0.240742615993042,"SK_N_SH","No change","No change"
"SE_38",2,223034497,223094701,0.179013175160186,0.139988173716521,0.191051522189472,-0.352528348797337,0.0933908973969747,"SK_N_SH","No change","No change"
"SE_39",2,233402847,233443401,0.189790771751234,0.140916221194894,0.155071401163696,-0.426951891543844,-0.289785192943205,"SK_N_SH","No change","No change"
"SE_40",3,8442247,8465001,0.167899484131995,0.16227274463883,0.20016578718886,-0.0488809419591579,0.252220041209586,"SK_N_SH","No change","No change"
"SE_41",3,8504804,8566501,0.0982970903222049,0.0867843673074957,0.0951987105983402,-0.177787396801013,-0.0457338865128792,"SK_N_SH","No change","No change"
"SE_42",3,8928147,8957701,0.0895256007764051,0.0725992027543721,0.0928767440281561,-0.298635707510187,0.0524419588185332,"SK_N_SH","No change","No change"
"SE_43",3,15766847,15817451,0.0908726537809624,0.079066220122341,0.0993217492935863,-0.198441803098827,0.126927002241536,"SK_N_SH","No change","No change"
"SE_44",3,57998447,58082501,0.182789073291513,0.172988376218182,0.19845661429568,-0.0790600714371087,0.118023968820611,"SK_N_SH","No change","No change"
"SE_45",3,71487997,71522851,0.0875031230418183,0.0628899275067938,0.0752688057851423,-0.470139862329165,-0.214635254741827,"SK_N_SH","No change","No change"
"SE_46",3,98954747,98983151,0.107090358323996,0.0760218239942622,0.0777372557544731,-0.488898646329005,-0.457119504256711,"SK_N_SH","No change","No change"
"SE_47",3,100001947,100045201,0.0961948962100385,0.0845470970361183,0.0882049623366929,-0.184161659642239,-0.123756591313638,"SK_N_SH","No change","No change"
"SE_48",3,111850747,111917851,0.160522301080405,0.130820936252705,0.162414946803012,-0.293153846550254,0.0168065772422877,"SK_N_SH","No change","No change"
"SE_49",3,112629747,112658501,0.270127650939348,0.218845574646479,0.255920113750051,-0.302481761560773,-0.0776524135542414,"SK_N_SH","No change","No change"
"SE_50",3,120406897,120448070,0.247994057356949,0.216673168930534,0.26568287391484,-0.193947723047251,0.0990138690813185,"SK_N_SH","No change","No change"
"SE_51",3,123732947,123803701,0.181415762162778,0.151300550219864,0.19771775714196,-0.260309241242639,0.123490400430647,"SK_N_SH","No change","No change"
"SE_52",3,128758647,128806351,0.0780543751130573,0.0807446071672886,0.102420844896359,0.0482782486817568,0.387609782974922,"SK_N_SH","No change","No change"
"SE_53",3,134308647,134335151,0.330366157348932,0.161185865954474,0.185584386864265,-1.03077816846979,-0.828597998237487,"SK_N_SH","Decreased","Decreased"
"SE_54",3,134457747,134482731,0.224053860318871,0.168538070590144,0.158158915558355,-0.408661037431959,-0.499802337028507,"SK_N_SH","No change","No change"
"SE_55",3,136136147,136186501,0.0545463941871555,0.0457690867247464,0.054595478991465,-0.248138004566636,0.00127430654782305,"SK_N_SH","No change","No change"
"SE_56",3,159760747,159788351,0.249485986517925,0.206103753386086,0.258359409738262,-0.274376193783768,0.050222818768796,"SK_N_SH","No change","No change"
"SE_57",3,160394897,160434051,0.0826264459995145,0.0801871636703053,0.0906787146222879,-0.042707607864458,0.132627565126883,"SK_N_SH","No change","No change"
"SE_58",3,171345247,171395851,0.1005561684713,0.0918071043121821,0.111250077327872,-0.12997071899245,0.144438567947253,"SK_N_SH","No change","No change"
"SE_59",3,172114947,172182951,0.158261785621582,0.13208342378899,0.155007315814822,-0.259069250621627,-0.0297864536378889,"SK_N_SH","No change","No change"
"SE_60",3,178168947,178207101,0.171734881115028,0.146768463254126,0.178194052829934,-0.225221039691366,0.052963315353552,"SK_N_SH","No change","No change"
"SE_61",3,188233597,188299051,0.129464400677244,0.0965938374939853,0.0982166444064292,-0.418794240169054,-0.39500212784602,"SK_N_SH","No change","No change"
"SE_62",3,196773597,196808001,0.145295269901462,0.124722767214644,0.201222630303952,-0.218637192261365,0.467061330978544,"SK_N_SH","No change","No change"
"SE_63",4,15676347,15693351,0.292863622880224,0.22729743696612,0.347668971062407,-0.364232117185486,0.246711200639901,"SK_N_SH","No change","No change"
"SE_64",4,41142347,41206251,0.11299902345175,0.089521530926769,0.0982340121582343,-0.332688576697626,-0.200114876047644,"SK_N_SH","No change","No change"
"SE_65",4,48345947,48381151,0.103002681657055,0.0994882697835842,0.105925812190805,-0.049593625742617,0.039989437714082,"SK_N_SH","No change","No change"
"SE_66",4,69763710,69800501,0.168748918522909,0.12565576094489,0.172584002505084,-0.422489683418591,0.0322316121579459,"SK_N_SH","No change","No change"
"SE_67",4,76579597,76591951,0.279766582975467,0.189542235138408,0.235366914427887,-0.55926041782685,-0.248343127623684,"SK_N_SH","No change","No change"
"SE_68",4,76687447,76709901,0.118541126613159,0.113817563803886,0.129472255500784,-0.0581636946129011,0.126236010424778,"SK_N_SH","No change","No change"
"SE_69",4,76722897,76784501,0.098546430542772,0.0729278000703634,0.0906036034801176,-0.429252603327516,-0.119965234032037,"SK_N_SH","No change","No change"
"SE_70",4,76952711,77066251,0.0970810716448334,0.0890084228063619,0.0878265020447017,-0.123914729916608,-0.142984562613312,"SK_N_SH","No change","No change"
"SE_71",4,79996597,80039451,0.0656604042343492,0.0729500043738792,0.093338141827209,0.149720166554749,0.501011118368745,"SK_N_SH","No change","No change"
"SE_72",4,113890697,113976721,0.0843710227051298,0.0753714650120843,0.0881207231925337,-0.160712763397413,0.0620144776469,"SK_N_SH","No change","No change"
"SE_73",4,114242047,114284101,0.13653088295305,0.0970420136469471,0.123949290092022,-0.488283595736538,-0.138412911636035,"SK_N_SH","No change","No change"
"SE_74",4,122758547,122785001,0.13223477686256,0.0831515786675744,0.121580695553493,-0.662908461363532,-0.120238906828933,"SK_N_SH","Decreased","No change"
"SE_75",4,122873447,122913301,0.0745222220528252,0.0498460157625234,0.0556824425963187,-0.570766482497512,-0.413999283884519,"SK_N_SH","No change","No change"
"SE_76",4,150203097,150260401,0.122724034251102,0.102337809209506,0.102481059625811,-0.259757577387712,-0.257759048922486,"SK_N_SH","No change","No change"
"SE_77",4,158802947,158826551,0.171445260747133,0.157146488449951,0.211046456869818,-0.124876958246225,0.298241896572083,"SK_N_SH","No change","No change"
"SE_78",4,185340297,185363101,0.248228748899182,0.200959960724669,0.29861723991004,-0.303401192995583,0.265650143605039,"SK_N_SH","No change","No change"
"SE_79",5,9426847,9485051,0.0976309617291533,0.0986267220599017,0.118393335942441,0.0144921552956191,0.275609807100811,"SK_N_SH","No change","No change"
"SE_80",5,65184147,65209951,0.0925213600181302,0.0680905286995971,0.0796236240659861,-0.436807958373438,-0.214093275765558,"SK_N_SH","No change","No change"
"SE_81",5,76488897,76543601,0.158976857694944,0.117883619040405,0.157161676623856,-0.428313279464201,-0.0164631496331765,"SK_N_SH","No change","No change"
"SE_82",5,83501697,83567351,0.043972495126881,0.0407095012949178,0.0540915646323855,-0.10866686608456,0.29278850821694,"SK_N_SH","No change","No change"
"SE_83",5,95711147,95794501,0.147156123644858,0.120463975049168,0.153649617331956,-0.286589768609643,0.0618850060508537,"SK_N_SH","No change","No change"
"SE_84",5,140240947,140263301,0.23456791486924,0.24976976923199,0.288608313093586,0.0902203863147986,0.29795996231056,"SK_N_SH","No change","No change"
"SE_85",5,140280247,140335801,0.189060925050664,0.133340525496449,0.156008949725589,-0.500567378951998,-0.275615159283362,"SK_N_SH","No change","No change"
"SE_86",5,147471147,147506901,0.177741061196916,0.164320380790152,0.251718814871806,-0.112606502962047,0.499661981858179,"SK_N_SH","No change","No change"
"SE_87",5,151660847,151701051,0.267071767849571,0.222612207716769,0.273589225964447,-0.261620337226067,0.0346557307196042,"SK_N_SH","No change","No change"
"SE_88",5,169586631,169604651,0.12681604225832,0.0957019662166821,0.135274457780702,-0.402451791991106,0.0924462589402013,"SK_N_SH","No change","No change"
"SE_89",6,11161397,11228301,0.163675090376721,0.121841169176048,0.146899716007055,-0.422828193146405,-0.155003059685347,"SK_N_SH","No change","No change"
"SE_90",6,30725347,30784151,0.247073989683443,0.189363015787467,0.252126185780637,-0.382017262592176,0.0290862832803498,"SK_N_SH","No change","No change"
"SE_91",6,37126147,37146201,0.391257307492509,0.272722061462022,0.357773243076223,-0.519088606108359,-0.128728024272026,"SK_N_SH","No change","No change"
"SE_92",6,44655047,44669401,0.432646135385685,0.24705021630591,0.263532273053435,-0.805886037131604,-0.713074509923342,"SK_N_SH","Decreased","Decreased"
"SE_93",6,52503197,52574063,0.215992703035938,0.18287560943883,0.200502725786725,-0.238916405810795,-0.106847174333111,"SK_N_SH","No change","No change"
"SE_94",6,140043647,140073501,0.120507851003151,0.0973058396562699,0.116191337329333,-0.305700509335324,-0.0521836028168431,"SK_N_SH","No change","No change"
"SE_95",6,151022147,151071401,0.199203031750922,0.142636528416997,0.166663791928091,-0.479041131899716,-0.255892658335035,"SK_N_SH","No change","No change"
"SE_96",6,152704947,152754551,0.0613787906701375,0.0627746267506793,0.0708667103257466,0.0319269666578533,0.204268065061484,"SK_N_SH","No change","No change"
"SE_97",6,158008197,158058551,0.278119114345179,0.221424413610467,0.252832591045126,-0.327565775979415,-0.137003607836937,"SK_N_SH","No change","No change"
"SE_98",7,18492447,18592001,0.179515097164362,0.148793059856891,0.159587951685397,-0.269148717171,-0.168755843341865,"SK_N_SH","No change","No change"
"SE_99",7,23449697,23478301,0.419635945069706,0.3814564140285,0.484018216067115,-0.137276796581937,0.205466792766628,"SK_N_SH","No change","No change"
"SE_100",7,130355747,130375151,0.418486361598308,0.330503615483975,0.435402169104059,-0.33959930140115,0.0570343661699467,"SK_N_SH","No change","No change"
"SE_101",7,130880747,130926401,0.322282799723074,0.240687492919101,0.265673009785415,-0.419653933806409,-0.277724935028713,"SK_N_SH","No change","No change"
"SE_102",7,134809197,134848151,0.178158244350091,0.132796443537883,0.154396920517123,-0.421194665767624,-0.205276519469089,"SK_N_SH","No change","No change"
"SE_103",7,134879597,134946501,0.161973578568173,0.128158647954539,0.188258388152254,-0.335493848449454,0.215719151233929,"SK_N_SH","No change","No change"
"SE_104",8,32685847,32716151,0.0778657959652227,0.0621543657370925,0.0765933129442381,-0.320517272026017,-0.0234674150367165,"SK_N_SH","No change","No change"
"SE_105",8,66505747,66560201,0.209872651044014,0.138299438744441,0.152132368273478,-0.598182552965932,-0.461592734136956,"SK_N_SH","Decreased","No change"
"SE_106",8,117927647,117958551,0.110784901418714,0.0957005757783359,0.124798804657453,-0.209128954179466,0.170392874596797,"SK_N_SH","No change","No change"
"SE_107",8,117977047,118057451,0.0966863394469389,0.0754446500481293,0.0812171100427937,-0.353741289800519,-0.248718166806023,"SK_N_SH","No change","No change"
"SE_108",8,127798959,127929451,0.272920235017797,0.194943389521922,0.247793620873054,-0.483318942624075,-0.138806349751592,"SK_N_SH","No change","No change"
"SE_109",9,12778010,12823051,0.138943316168715,0.146727520066475,0.158474483053147,0.0780960258746389,0.188483017922377,"SK_N_SH","No change","No change"
"SE_110",9,33148547,33163301,0.302886031308624,0.255021975632897,0.269976553691178,-0.24726271100733,-0.16536233274292,"SK_N_SH","No change","No change"
"SE_111",9,33305747,33338851,0.219867664234333,0.171342284778161,0.249807341397191,-0.357905503534813,0.183397359205882,"SK_N_SH","No change","No change"
"SE_112",9,33820797,33878851,0.062872264071658,0.0495251981842109,0.077190281619346,-0.338186514874862,0.29179971363174,"SK_N_SH","No change","No change"
"SE_113",9,35510497,35534101,0.28170439247012,0.151096174358689,0.255218932103894,-0.894310433234786,-0.141917218120842,"SK_N_SH","Decreased","No change"
"SE_114",9,36089347,36114801,0.22761299625179,0.166280400285113,0.201190436973249,-0.450639001323258,-0.177192657066985,"SK_N_SH","No change","No change"
"SE_115",9,37929397,37979101,0.251294270319362,0.165475667414284,0.184313434014633,-0.599796118590588,-0.445139971505348,"SK_N_SH","Decreased","No change"
"SE_116",9,38008247,38049251,0.287779739104981,0.204450202054096,0.250872703491591,-0.491180776396041,-0.197274746159112,"SK_N_SH","No change","No change"
"SE_117",9,112031947,112082301,0.158652985265127,0.103365823591393,0.13820015944933,-0.613290175737962,-0.197778665588639,"SK_N_SH","Decreased","No change"
"SE_118",9,123036640,123103201,0.108194886730956,0.0833009069635964,0.096527188606381,-0.373285242949293,-0.163028926531142,"SK_N_SH","No change","No change"
"SE_119",9,129480397,129503501,0.480278304156508,0.392114736481775,0.441795749953696,-0.291920942310426,-0.120230013726247,"SK_N_SH","No change","No change"
"SE_120",10,4765947,4781801,0.11331996344354,0.115451897963577,0.134838626041873,0.0266567929513375,0.248816411532335,"SK_N_SH","No change","No change"
"SE_121",10,17198947,17218401,0.247395774780863,0.20966470238205,0.247926743397097,-0.237692027749788,0.00308060082771464,"SK_N_SH","No change","No change"
"SE_122",10,28539747,28607351,0.050164967372318,0.0518955716951658,0.0633569128668839,0.0479906123600242,0.330938787491985,"SK_N_SH","No change","No change"
"SE_123",10,32938556,32963651,0.165173346875872,0.159265880386478,0.169069098958779,-0.0522216844203554,0.0334320297229274,"SK_N_SH","No change","No change"
"SE_124",10,33210847,33241751,0.0961470884629091,0.0772008096458241,0.0895219882524626,-0.312987213873625,-0.10190248556605,"SK_N_SH","No change","No change"
"SE_125",10,52516047,52542901,0.109554881805088,0.0669457516102452,0.091313881011916,-0.702307479393999,-0.260143228267708,"SK_N_SH","Decreased","No change"
"SE_126",10,62224097,62264501,0.0851938374880925,0.0736000777765242,0.0933171793115924,-0.208407591516186,0.129935847008788,"SK_N_SH","No change","No change"
"SE_127",10,71835247,71861901,0.266479105946975,0.213666658976803,0.321026901897785,-0.317328064271143,0.267755014880263,"SK_N_SH","No change","No change"
"SE_128",10,74049647,74090251,0.0899192842669095,0.0734369024864434,0.0837122222298392,-0.28856830469891,-0.102016191272584,"SK_N_SH","No change","No change"
"SE_129",10,77494247,77535201,0.269931859107328,0.206113155575594,0.241430575830228,-0.387510856547679,-0.160358385373015,"SK_N_SH","No change","No change"
"SE_130",10,90913547,90937551,0.304672379081188,0.172501909111092,0.191414055586291,-0.817034657035954,-0.667772004601883,"SK_N_SH","Decreased","Decreased"
"SE_131",10,93435197,93479316,0.320869066096435,0.244123428395134,0.309847678605178,-0.392965549605371,-0.0502661252950864,"SK_N_SH","No change","No change"
"SE_132",10,99945397,100006952,0.143764940937962,0.127257808894422,0.159109755045536,-0.174665587878119,0.145348956012945,"SK_N_SH","No change","No change"
"SE_133",10,126198347,126264901,0.145169581060859,0.097030250911455,0.155782427264265,-0.576344186609336,0.101120758757716,"SK_N_SH","No change","No change"
"SE_134",11,8704047,8734001,0.213943257241373,0.17246723542499,0.197688938237761,-0.309292662163322,-0.113444299212274,"SK_N_SH","No change","No change"
"SE_135",11,9564747,9593851,0.286999243006454,0.275811301610057,0.33209411941942,-0.0571621732985433,0.209864864694387,"SK_N_SH","No change","No change"
"SE_136",11,12156847,12238251,0.209202968078098,0.141631339514276,0.174510851366664,-0.559492029187131,-0.26022280911722,"SK_N_SH","No change","No change"
"SE_137",11,57764759,57800701,0.175446293060526,0.136832996415526,0.211221749616562,-0.356307818856942,0.266343397885444,"SK_N_SH","No change","No change"
"SE_138",11,65471697,65503201,0.69544724823482,0.558644329472429,0.692258816803782,-0.315503838318139,-0.00662002188913222,"SK_N_SH","No change","No change"
"SE_139",11,66066197,66134001,0.190426926870308,0.16483696480338,0.194961925657575,-0.207028162125972,0.0337795944224349,"SK_N_SH","No change","No change"
"SE_140",11,74121747,74163301,0.152163945065054,0.105141439497054,0.157735572073503,-0.529088705558166,0.051548741722219,"SK_N_SH","No change","No change"
"SE_141",11,86717847,86763301,0.20443980407918,0.143473792032877,0.183535370714746,-0.507907924351725,-0.154818361163423,"SK_N_SH","No change","No change"
"SE_142",11,96045247,96167601,0.149269684204576,0.117406142356414,0.134602946712071,-0.343810062400132,-0.148165456356916,"SK_N_SH","No change","No change"
"SE_143",11,96186547,96338436,0.175702097956926,0.147133148847073,0.178595527255536,-0.254424649625799,0.0234322519779983,"SK_N_SH","No change","No change"
"SE_144",11,111530747,111564401,0.320488667465157,0.256237886751599,0.322458101270924,-0.321664740504555,0.00881096349070717,"SK_N_SH","No change","No change"
"SE_145",11,120329347,120348301,0.245148019320256,0.216087539039889,0.233303840599178,-0.181249213947797,-0.0711455283040095,"SK_N_SH","No change","No change"
"SE_146",11,122156497,122199001,0.110315402284394,0.103494758345688,0.110229804141896,-0.0912226508447276,-0.00110981515857449,"SK_N_SH","No change","No change"
"SE_147",12,12816343,12845951,0.158365227013304,0.0891164533217399,0.120356211973855,-0.822474431973188,-0.393088913229205,"SK_N_SH","Decreased","No change"
"SE_148",12,29276997,29287551,0.219692453664899,0.160455359370289,0.236787408236139,-0.45090196834045,0.107635021723602,"SK_N_SH","No change","No change"
"SE_149",12,45223347,45314051,0.180983450079892,0.138336597651297,0.167923174347775,-0.385233014145475,-0.10743999181707,"SK_N_SH","No change","No change"
"SE_150",12,67651729,67681601,0.152798943987621,0.161627939510912,0.178419193452633,0.080529536469186,0.222288633974284,"SK_N_SH","No change","No change"
"SE_151",12,93775547,93788151,0.162860326125305,0.141282806920371,0.175136867799237,-0.20370525035622,0.104230324836783,"SK_N_SH","No change","No change"
"SE_152",12,121923247,121950951,0.0963922148601971,0.0680136469507093,0.0847161214435189,-0.496924781074056,-0.184239882518852,"SK_N_SH","No change","No change"
"SE_153",12,122068297,122123151,0.178995053766843,0.152214424618079,0.213741974083363,-0.232405133589079,0.254646949990717,"SK_N_SH","No change","No change"
"SE_154",13,33212947,33264201,0.159840517644724,0.115431481351317,0.133290976923187,-0.466149689985284,-0.26026851175651,"SK_N_SH","No change","No change"
"SE_155",13,45189747,45243251,0.123239228994078,0.100203770934248,0.124330195763765,-0.295857734747956,0.012613262826739,"SK_N_SH","No change","No change"
"SE_156",14,32444647,32524351,0.156764931213788,0.129008836380993,0.15901139547503,-0.279166868422263,0.0203981012308064,"SK_N_SH","No change","No change"
"SE_157",14,51003797,51024851,0.255612763230546,0.184476743407064,0.319540479490295,-0.468354626725797,0.320913631259741,"SK_N_SH","No change","No change"
"SE_158",14,51521947,51555551,0.193049338314474,0.162523888271924,0.226841109897156,-0.246922107503838,0.231604565617303,"SK_N_SH","No change","No change"
"SE_159",14,52852497,52948096,0.0966336934877779,0.0742492677801,0.0989256695146188,-0.375701565590919,0.033476224662094,"SK_N_SH","No change","No change"
"SE_160",14,64917647,64937951,0.0989783015214277,0.0849708649316678,0.108660452741613,-0.217767197069904,0.133356411879075,"SK_N_SH","No change","No change"
"SE_161",15,32818747,32879001,0.0865089687108071,0.0748594949355916,0.0860606287098925,-0.206101118607616,-0.0074104463508153,"SK_N_SH","No change","No change"
"SE_162",15,33126697,33165451,0.255595160391344,0.229608809080059,0.319034436813133,-0.154046336307696,0.318733192248661,"SK_N_SH","No change","No change"
"SE_163",15,44028097,44116051,0.0946317231274329,0.0804783270438096,0.0872008450207324,-0.231072912568752,-0.116696793203611,"SK_N_SH","No change","No change"
"SE_164",15,48532697,48575601,0.123468341680228,0.115416125792928,0.155417661977978,-0.0964879297069344,0.329624582649867,"SK_N_SH","No change","No change"
"SE_165",15,60358047,60443901,0.286730639695336,0.220244834361725,0.278542873843306,-0.379075086685112,-0.0416492901424532,"SK_N_SH","No change","No change"
"SE_166",15,67068854,67159051,0.304424152069172,0.229102745233546,0.271870420338701,-0.408535955154577,-0.162598138585852,"SK_N_SH","No change","No change"
"SE_167",15,90399947,90424101,0.151909116373211,0.126398749167149,0.139476711595291,-0.263323309174464,-0.122343443613445,"SK_N_SH","No change","No change"
"SE_168",15,90550547,90564101,0.43267916529066,0.342532858084724,0.550709098935869,-0.336180039335593,0.347279638724147,"SK_N_SH","No change","No change"
"SE_169",15,98718197,98736951,0.242112740453498,0.200132159720577,0.235509254721127,-0.273481722939748,-0.0397288625333292,"SK_N_SH","No change","No change"
"SE_170",15,98842147,98928101,0.205946518259679,0.173732375605614,0.208577030779241,-0.244111030974639,0.0182226326981764,"SK_N_SH","No change","No change"
"SE_171",16,24970997,25011251,0.164592836045099,0.137875883185043,0.162207435781433,-0.253844173135327,-0.0209334711974716,"SK_N_SH","No change","No change"
"SE_172",16,50183447,50211701,0.174533421505933,0.125592825006259,0.155066446326072,-0.471550106940653,-0.169585348468481,"SK_N_SH","No change","No change"
"SE_173",16,57168997,57204301,0.227586625356025,0.188436802932558,0.275329123284068,-0.271024355320661,0.273646627115154,"SK_N_SH","No change","No change"
"SE_174",16,75242947,75261051,0.715069759806022,0.499148188285748,0.55221593547315,-0.517744529723981,-0.372257428123871,"SK_N_SH","No change","No change"
"SE_175",17,40298047,40352151,0.578124191394448,0.478664636595685,0.570207491632952,-0.271846682508332,-0.0198578618288881,"SK_N_SH","No change","No change"
"SE_176",17,45287497,45322051,0.342715122283019,0.268320895304579,0.336667555084087,-0.351887160818992,-0.0256097626244924,"SK_N_SH","No change","No change"
"SE_177",17,59745197,59860001,0.256166401659312,0.193740767876891,0.261645351037547,-0.4011472336809,0.0304138788557299,"SK_N_SH","No change","No change"
"SE_178",19,13839657,13866051,0.610806719700044,0.513179652967609,0.62053399978598,-0.250803431426685,0.0227573605724555,"SK_N_SH","No change","No change"
"SE_179",19,17078947,17138251,0.1960381633785,0.147908081839887,0.216658317254563,-0.404053028539688,0.143590064630374,"SK_N_SH","No change","No change"
"SE_180",19,47094147,47123101,0.217900600096701,0.20018449462234,0.247623962720273,-0.121756789260238,0.183689442483016,"SK_N_SH","No change","No change"
"SE_181",20,35304047,35339601,0.19907548602585,0.168009650485767,0.177360335927595,-0.243438786800412,-0.165749591874023,"SK_N_SH","No change","No change"
"SE_182",20,35864297,35902101,0.270547428823102,0.195039964398988,0.290512909395346,-0.470056413143267,0.102355570324997,"SK_N_SH","No change","No change"
"SE_183",20,49676197,49705301,0.0985069306790018,0.0835499563285239,0.0912904325028505,-0.23499300371477,-0.108615917806957,"SK_N_SH","No change","No change"
"SE_184",20,53735247,53753451,0.224632565536673,0.201322144368191,0.239391816739955,-0.157321073862032,0.0914124787434229,"SK_N_SH","No change","No change"
"SE_185",22,24132747,24175251,0.179242706478558,0.162840252259203,0.175023499178187,-0.137651040269572,-0.034172840145611,"SK_N_SH","No change","No change"
"SE_186",22,24283397,24334101,0.119210163539502,0.103328501490074,0.151383301337957,-0.204425536934694,0.342145937924338,"SK_N_SH","No change","No change"
"SE_187",22,31217497,31253901,0.227671841987976,0.203776637594154,0.220597146764494,-0.159227595648426,-0.0453394215612417,"SK_N_SH","No change","No change"
"SE_188",22,36307297,36398351,0.249104255363966,0.166833828424686,0.222593219953326,-0.575496070952207,-0.161653162448727,"SK_N_SH","No change","No change"
"SE_189",22,40484997,40529101,0.110285401045337,0.0750539470989463,0.0867162529125474,-0.549169316447979,-0.343348256422098,"SK_N_SH","No change","No change"
"SE_190",22,41828897,41887951,0.0771013015229375,0.0789244274469897,0.106153937383796,0.0332899136081704,0.456266367442341,"SK_N_SH","No change","No change"
"SE_191",22,42956547,43011451,0.102129294506488,0.0794626952536292,0.106172572991286,-0.358062227519151,0.0554815492746714,"SK_N_SH","No change","No change"
"SE_192",22,46057142,46082995,0.483188551444651,0.410151185978231,0.437737780657052,-0.235899977074023,-0.142210022173401,"SK_N_SH","No change","No change"
