"se_id","chr","start","end","cell_line","log2fc_24h","log2fc_48h","max_abs_change","primary_effect","peak_id","annotation","gene_name","distance_to_tss","gene_description"
"SE_243","4",102787947,102822859,"SK_N_SH",0.130471679771685,1.2290085107783,1.2290085107783,"48h",NA,NA,NA,NA,NA
"SE_118","14",77562347,77613766,"CLB_Ma",0.696865153746984,1.19237329370698,1.19237329370698,"48h",NA,NA,NA,NA,NA
"SE_134","16",9094677,9130401,"CLB_Ma",-0.929009393001204,-0.471803737834666,0.929009393001204,"24h",NA,NA,NA,NA,NA
"SE_142","17",16002690,16048251,"CLB_Ma",0.234784375821021,0.886210123595719,0.886210123595719,"48h",NA,NA,NA,NA,NA
"SE_51","10",90910747,90944298,"SK_N_SH",-0.880848667317388,-0.581996124841841,0.880848667317388,"24h",NA,NA,NA,NA,NA
"SE_317","9",2800697,2841129,"CLB_Ma",-0.875827743857042,0.23270110751741,0.875827743857042,"24h",NA,NA,NA,NA,NA
"SE_322","9",35507297,35534101,"SK_N_SH",-0.864685995580989,-0.175683291859485,0.864685995580989,"24h",NA,NA,NA,NA,NA
"SE_298","7",130352297,130375251,"SK_N_SH",-0.80823280803226,-0.21207968366702,0.80823280803226,"24h",NA,NA,NA,NA,NA
"SE_281","6",44654997,44669401,"SK_N_SH",-0.805523907255043,-0.713205630036046,0.805523907255043,"24h",NA,NA,NA,NA,NA
"SE_51","10",90910747,90944298,"CLB_Ma",-0.787401650329137,-0.248108037509081,0.787401650329137,"24h",NA,NA,NA,NA,NA
"SE_36","1",219293047,219342601,"SK_N_SH",-0.781507211937752,-0.606998391440399,0.781507211937752,"24h",NA,NA,NA,NA,NA
"SE_243","4",102787947,102822859,"CLB_Ma",-0.764935269798901,-0.225686533992775,0.764935269798901,"24h",NA,NA,NA,NA,NA
"SE_102","12",121921554,121965951,"SK_N_SH",-0.717225146303845,-0.163932192905483,0.717225146303845,"24h",NA,NA,NA,NA,NA
"SE_157","18",77063747,77109201,"SK_N_SH",-0.708883256953118,-0.335008149575716,0.708883256953118,"24h",NA,NA,NA,NA,NA
"SE_304","8",38891897,38939851,"CLB_Ma",0.0345076705331602,0.708624453909007,0.708624453909007,"48h",NA,NA,NA,NA,NA
"SE_330","9",115664947,115693701,"SK_N_SH",-0.7044527797958,-0.573577023790329,0.7044527797958,"24h",NA,NA,NA,NA,NA
"SE_228","3",172753682,172817751,"CLB_Ma",-0.0467532329741476,0.683044953632665,0.683044953632665,"48h",NA,NA,NA,NA,NA
"SE_161","2",62709894,62829051,"SK_N_SH",0.386558610927064,0.669888740735309,0.669888740735309,"48h",NA,NA,NA,NA,NA
"SE_25","1",178096991,178139351,"SK_N_SH",-0.668135393976065,0.463160701169598,0.668135393976065,"24h",NA,NA,NA,NA,NA
"SE_322","9",35507297,35534101,"CLB_Ma",-0.651731547182463,0.0286704726097886,0.651731547182463,"24h",NA,NA,NA,NA,NA
"SE_67","11",74120547,74164051,"CLB_Ma",-0.647738571309352,0.120467924264144,0.647738571309352,"24h",NA,NA,NA,NA,NA
"SE_204","3",48011697,48086278,"CLB_Ma",0.641961311217109,0.364020870670262,0.641961311217109,"24h",NA,NA,NA,NA,NA
"SE_259","5",61350847,61505451,"CLB_Ma",-0.641379076282344,0.209479948226288,0.641379076282344,"24h",NA,NA,NA,NA,NA
"SE_60","11",13207347,13236401,"SK_N_SH",-0.629095641004801,-0.409061512800241,0.629095641004801,"24h",NA,NA,NA,NA,NA
"SE_31","1",203504597,203560001,"CLB_Ma",0.269341307285009,0.620279291168428,0.620279291168428,"48h",NA,NA,NA,NA,NA
"SE_130","15",90391238,90424151,"CLB_Ma",-0.0190784663749605,0.611594070543243,0.611594070543243,"48h",NA,NA,NA,NA,NA
"SE_261","5",69237792,69296951,"CLB_Ma",-0.599674816451269,0.0877632841871862,0.599674816451269,"24h",NA,NA,NA,NA,NA
"SE_329","9",112010897,112082301,"SK_N_SH",-0.596951736658601,-0.233135840748091,0.596951736658601,"24h",NA,NA,NA,NA,NA
"SE_317","9",2800697,2841129,"SK_N_SH",-0.594146768824622,0.0821406152902684,0.594146768824622,"24h",NA,NA,NA,NA,NA
"SE_68","11",85947547,86047801,"CLB_Ma",-0.590193674294687,-0.162217385461097,0.590193674294687,"24h",NA,NA,NA,NA,NA
"SE_247","4",114224047,114284551,"CLB_Ma",-0.586740774151097,0.0318369138797242,0.586740774151097,"24h",NA,NA,NA,NA,NA
"SE_309","8",66505597,66563401,"SK_N_SH",-0.586586461234118,-0.453947072072103,0.586586461234118,"24h",NA,NA,NA,NA,NA
"SE_115","14",55571297,55650451,"CLB_Ma",-0.582916377087769,0.170261215498237,0.582916377087769,"24h",NA,NA,NA,NA,NA
"SE_88","12",67651729,67693001,"CLB_Ma",-0.57920962045012,0.156189270882635,0.57920962045012,"24h",NA,NA,NA,NA,NA
"SE_248","4",114316247,114367701,"SK_N_SH",0.000300255967282894,0.577540153454872,0.577540153454872,"48h",NA,NA,NA,NA,NA
"SE_140","17",667897,706401,"SK_N_SH",-0.576363952714514,-0.17273238934227,0.576363952714514,"24h",NA,NA,NA,NA,NA
"SE_324","9",37921497,37979401,"SK_N_SH",-0.568661501879793,-0.397581671287688,0.568661501879793,"24h",NA,NA,NA,NA,NA
"SE_251","4",137509247,137529497,"CLB_Ma",-0.56844635824846,-0.113004033281438,0.56844635824846,"24h",NA,NA,NA,NA,NA
"SE_307","8",53942447,53966801,"CLB_Ma",-0.563043388796051,0.0562706761811706,0.563043388796051,"24h",NA,NA,NA,NA,NA
"SE_251","4",137509247,137529497,"SK_N_SH",-0.561742942773837,-0.202401280257043,0.561742942773837,"24h",NA,NA,NA,NA,NA
"SE_285","6",113344347,113414701,"CLB_Ma",-0.544864889879182,-0.0259856916884392,0.544864889879182,"24h",NA,NA,NA,NA,NA
"SE_59","11",12113573,12239701,"SK_N_SH",-0.537934795137913,-0.255691311352931,0.537934795137913,"24h",NA,NA,NA,NA,NA
"SE_162","2",63844877,63896501,"SK_N_SH",-0.535660567323662,-0.0187244094600733,0.535660567323662,"24h",NA,NA,NA,NA,NA
"SE_153","17",75673497,75708901,"SK_N_SH",-0.534079344928827,-0.290918109413993,0.534079344928827,"24h",NA,NA,NA,NA,NA
"SE_7","1",51733147,51811451,"SK_N_SH",-0.533841113204346,-0.270889602328601,0.533841113204346,"24h",NA,NA,NA,NA,NA
"SE_70","11",86717797,86786451,"SK_N_SH",-0.52858796946074,-0.21211512205613,0.52858796946074,"24h",NA,NA,NA,NA,NA
"SE_304","8",38891897,38939851,"SK_N_SH",-0.526763349778968,-0.134720021452666,0.526763349778968,"24h",NA,NA,NA,NA,NA
"SE_138","16",69431847,69497251,"SK_N_SH",-0.130219278009811,0.526740193168398,0.526740193168398,"48h",NA,NA,NA,NA,NA
"SE_12","1",86739147,86795951,"CLB_Ma",-0.169343662689942,0.526574613489551,0.526574613489551,"48h",NA,NA,NA,NA,NA
"SE_62","11",33043012,33086001,"SK_N_SH",0.00135042491491205,0.521959287509097,0.521959287509097,"48h",NA,NA,NA,NA,NA
