"SampleID","Tissue","Factor","Condition","Treatment","Replicate","bamReads","ControlID","bamControl","Peaks","PeakCaller","PeakSummits","Peaks_count"
"CLB-Ma-A_H3K27ac_R1","CLB-Ma","H3K27ac","ADRN","batch1",1,"/nobackup/lab_ccri_bicu/internal/abykov/projects/ab6_soeren_neuroblastoma/adaptation_for_cemm/raw_data/CnR/outdir/02_alignment/bowtie2/target/markdup/CLB-Ma-A_H3K27ac_R1.target.markdup.sorted.bam","CLB-Ma-A_IgG_R1","/nobackup/lab_ccri_bicu/internal/abykov/projects/ab6_soeren_neuroblastoma/adaptation_for_cemm/raw_data/CnR/outdir/02_alignment/bowtie2/target/markdup/CLB-Ma-A_IgG_R1.target.markdup.sorted.bam","/home/abykov/neuroblastoma/data/CnR/consensus_peaks/CLB-Ma-A_H3K27ac_R1.macs2_peaks.narrowPeak","narrow","/home/abykov/neuroblastoma/data/CnR/consensus_peaks/CLB-Ma-A_H3K27ac_R1.macs2_summits.bed",7670
"CLB-Ma-A_H3K27ac_R2","CLB-Ma","H3K27ac","ADRN","batch1",2,"/nobackup/lab_ccri_bicu/internal/abykov/projects/ab6_soeren_neuroblastoma/adaptation_for_cemm/raw_data/CnR/outdir/02_alignment/bowtie2/target/markdup/CLB-Ma-A_H3K27ac_R2.target.markdup.sorted.bam","CLB-Ma-A_IgG_R2","/nobackup/lab_ccri_bicu/internal/abykov/projects/ab6_soeren_neuroblastoma/adaptation_for_cemm/raw_data/CnR/outdir/02_alignment/bowtie2/target/markdup/CLB-Ma-A_IgG_R2.target.markdup.sorted.bam","/home/abykov/neuroblastoma/data/CnR/consensus_peaks/CLB-Ma-A_H3K27ac_R2.macs2_peaks.narrowPeak","narrow","/home/abykov/neuroblastoma/data/CnR/consensus_peaks/CLB-Ma-A_H3K27ac_R2.macs2_summits.bed",17270
"CLB-Ma-A_H3K4me1_R1","CLB-Ma","H3K4me1","ADRN","batch1",1,"/nobackup/lab_ccri_bicu/internal/abykov/projects/ab6_soeren_neuroblastoma/adaptation_for_cemm/raw_data/CnR/outdir/02_alignment/bowtie2/target/markdup/CLB-Ma-A_H3K4me1_R1.target.markdup.sorted.bam","CLB-Ma-A_IgG_R1","/nobackup/lab_ccri_bicu/internal/abykov/projects/ab6_soeren_neuroblastoma/adaptation_for_cemm/raw_data/CnR/outdir/02_alignment/bowtie2/target/markdup/CLB-Ma-A_IgG_R1.target.markdup.sorted.bam","/home/abykov/neuroblastoma/data/CnR/consensus_peaks/CLB-Ma-A_H3K4me1_R1.macs2_peaks.narrowPeak","narrow","/home/abykov/neuroblastoma/data/CnR/consensus_peaks/CLB-Ma-A_H3K4me1_R1.macs2_summits.bed",54146
"CLB-Ma-A_H3K4me1_R2","CLB-Ma","H3K4me1","ADRN","batch1",2,"/nobackup/lab_ccri_bicu/internal/abykov/projects/ab6_soeren_neuroblastoma/adaptation_for_cemm/raw_data/CnR/outdir/02_alignment/bowtie2/target/markdup/CLB-Ma-A_H3K4me1_R2.target.markdup.sorted.bam","CLB-Ma-A_IgG_R2","/nobackup/lab_ccri_bicu/internal/abykov/projects/ab6_soeren_neuroblastoma/adaptation_for_cemm/raw_data/CnR/outdir/02_alignment/bowtie2/target/markdup/CLB-Ma-A_IgG_R2.target.markdup.sorted.bam","/home/abykov/neuroblastoma/data/CnR/consensus_peaks/CLB-Ma-A_H3K4me1_R2.macs2_peaks.narrowPeak","narrow","/home/abykov/neuroblastoma/data/CnR/consensus_peaks/CLB-Ma-A_H3K4me1_R2.macs2_summits.bed",64251
"CLB-Ma-A_Jun_R1","CLB-Ma","Jun","ADRN","batch1",1,"/nobackup/lab_ccri_bicu/internal/abykov/projects/ab6_soeren_neuroblastoma/adaptation_for_cemm/raw_data/CnR/outdir/02_alignment/bowtie2/target/markdup/CLB-Ma-A_Jun_R1.target.markdup.sorted.bam","CLB-Ma-A_IgG_R1","/nobackup/lab_ccri_bicu/internal/abykov/projects/ab6_soeren_neuroblastoma/adaptation_for_cemm/raw_data/CnR/outdir/02_alignment/bowtie2/target/markdup/CLB-Ma-A_IgG_R1.target.markdup.sorted.bam","/home/abykov/neuroblastoma/data/CnR/consensus_peaks/CLB-Ma-A_Jun_R1.macs2_peaks.narrowPeak","narrow","/home/abykov/neuroblastoma/data/CnR/consensus_peaks/CLB-Ma-A_Jun_R1.macs2_summits.bed",1391
"CLB-Ma-A_Jun_R2","CLB-Ma","Jun","ADRN","batch1",2,"/nobackup/lab_ccri_bicu/internal/abykov/projects/ab6_soeren_neuroblastoma/adaptation_for_cemm/raw_data/CnR/outdir/02_alignment/bowtie2/target/markdup/CLB-Ma-A_Jun_R2.target.markdup.sorted.bam","CLB-Ma-A_IgG_R2","/nobackup/lab_ccri_bicu/internal/abykov/projects/ab6_soeren_neuroblastoma/adaptation_for_cemm/raw_data/CnR/outdir/02_alignment/bowtie2/target/markdup/CLB-Ma-A_IgG_R2.target.markdup.sorted.bam","/home/abykov/neuroblastoma/data/CnR/consensus_peaks/CLB-Ma-A_Jun_R2.macs2_peaks.narrowPeak","narrow","/home/abykov/neuroblastoma/data/CnR/consensus_peaks/CLB-Ma-A_Jun_R2.macs2_summits.bed",585
"CLB-Ma-A_TAZ_R1","CLB-Ma","TAZ","ADRN","batch1",1,"/nobackup/lab_ccri_bicu/internal/abykov/projects/ab6_soeren_neuroblastoma/adaptation_for_cemm/raw_data/CnR/outdir/02_alignment/bowtie2/target/markdup/CLB-Ma-A_TAZ_R1.target.markdup.sorted.bam","CLB-Ma-A_IgG_R1","/nobackup/lab_ccri_bicu/internal/abykov/projects/ab6_soeren_neuroblastoma/adaptation_for_cemm/raw_data/CnR/outdir/02_alignment/bowtie2/target/markdup/CLB-Ma-A_IgG_R1.target.markdup.sorted.bam","/home/abykov/neuroblastoma/data/CnR/consensus_peaks/CLB-Ma-A_TAZ_R1.macs2_peaks.narrowPeak","narrow","/home/abykov/neuroblastoma/data/CnR/consensus_peaks/CLB-Ma-A_TAZ_R1.macs2_summits.bed",701
"CLB-Ma-A_YAP_R1","CLB-Ma","YAP","ADRN","batch1",1,"/nobackup/lab_ccri_bicu/internal/abykov/projects/ab6_soeren_neuroblastoma/adaptation_for_cemm/raw_data/CnR/outdir/02_alignment/bowtie2/target/markdup/CLB-Ma-A_YAP_R1.target.markdup.sorted.bam","CLB-Ma-A_IgG_R1","/nobackup/lab_ccri_bicu/internal/abykov/projects/ab6_soeren_neuroblastoma/adaptation_for_cemm/raw_data/CnR/outdir/02_alignment/bowtie2/target/markdup/CLB-Ma-A_IgG_R1.target.markdup.sorted.bam","/home/abykov/neuroblastoma/data/CnR/consensus_peaks/CLB-Ma-A_YAP_R1.macs2_peaks.narrowPeak","narrow","/home/abykov/neuroblastoma/data/CnR/consensus_peaks/CLB-Ma-A_YAP_R1.macs2_summits.bed",4
"CLB-Ma-ADR-H3K27ac_R1","CLB-Ma","H3K27ac","ADRN","batch2",1,"/nobackup/lab_ccri_bicu/internal/abykov/projects/ab6_soeren_neuroblastoma/adaptation_for_cemm/raw_data/CnR/outdir/02_alignment/bowtie2/target/markdup/CLB-Ma-ADR-H3K27ac_R1.target.markdup.sorted.bam","CLB-Ma-ADR-IgG_R1","/nobackup/lab_ccri_bicu/internal/abykov/projects/ab6_soeren_neuroblastoma/adaptation_for_cemm/raw_data/CnR/outdir/02_alignment/bowtie2/target/markdup/CLB-Ma-ADR-IgG_R1.target.markdup.sorted.bam","/home/abykov/neuroblastoma/data/CnR/consensus_peaks/CLB-Ma-ADR-H3K27ac_R1.macs2_peaks.narrowPeak","narrow","/home/abykov/neuroblastoma/data/CnR/consensus_peaks/CLB-Ma-ADR-H3K27ac_R1.macs2_summits.bed",12364
"CLB-Ma-ADR-H3K27ac_R2","CLB-Ma","H3K27ac","ADRN","batch2",2,"/nobackup/lab_ccri_bicu/internal/abykov/projects/ab6_soeren_neuroblastoma/adaptation_for_cemm/raw_data/CnR/outdir/02_alignment/bowtie2/target/markdup/CLB-Ma-ADR-H3K27ac_R2.target.markdup.sorted.bam","CLB-Ma-ADR-IgG_R2","/nobackup/lab_ccri_bicu/internal/abykov/projects/ab6_soeren_neuroblastoma/adaptation_for_cemm/raw_data/CnR/outdir/02_alignment/bowtie2/target/markdup/CLB-Ma-ADR-IgG_R2.target.markdup.sorted.bam","/home/abykov/neuroblastoma/data/CnR/consensus_peaks/CLB-Ma-ADR-H3K27ac_R2.macs2_peaks.narrowPeak","narrow","/home/abykov/neuroblastoma/data/CnR/consensus_peaks/CLB-Ma-ADR-H3K27ac_R2.macs2_summits.bed",21838
"CLB-Ma-ADR-H3K4me1_R1","CLB-Ma","H3K4me1","ADRN","batch2",1,"/nobackup/lab_ccri_bicu/internal/abykov/projects/ab6_soeren_neuroblastoma/adaptation_for_cemm/raw_data/CnR/outdir/02_alignment/bowtie2/target/markdup/CLB-Ma-ADR-H3K4me1_R1.target.markdup.sorted.bam","CLB-Ma-ADR-IgG_R1","/nobackup/lab_ccri_bicu/internal/abykov/projects/ab6_soeren_neuroblastoma/adaptation_for_cemm/raw_data/CnR/outdir/02_alignment/bowtie2/target/markdup/CLB-Ma-ADR-IgG_R1.target.markdup.sorted.bam","/home/abykov/neuroblastoma/data/CnR/consensus_peaks/CLB-Ma-ADR-H3K4me1_R1.macs2_peaks.narrowPeak","narrow","/home/abykov/neuroblastoma/data/CnR/consensus_peaks/CLB-Ma-ADR-H3K4me1_R1.macs2_summits.bed",89005
"CLB-Ma-ADR-H3K4me1_R2","CLB-Ma","H3K4me1","ADRN","batch2",2,"/nobackup/lab_ccri_bicu/internal/abykov/projects/ab6_soeren_neuroblastoma/adaptation_for_cemm/raw_data/CnR/outdir/02_alignment/bowtie2/target/markdup/CLB-Ma-ADR-H3K4me1_R2.target.markdup.sorted.bam","CLB-Ma-ADR-IgG_R2","/nobackup/lab_ccri_bicu/internal/abykov/projects/ab6_soeren_neuroblastoma/adaptation_for_cemm/raw_data/CnR/outdir/02_alignment/bowtie2/target/markdup/CLB-Ma-ADR-IgG_R2.target.markdup.sorted.bam","/home/abykov/neuroblastoma/data/CnR/consensus_peaks/CLB-Ma-ADR-H3K4me1_R2.macs2_peaks.narrowPeak","narrow","/home/abykov/neuroblastoma/data/CnR/consensus_peaks/CLB-Ma-ADR-H3K4me1_R2.macs2_summits.bed",91358
"CLB-Ma-ADR-Jun_R1","CLB-Ma","Jun","ADRN","batch2",1,"/nobackup/lab_ccri_bicu/internal/abykov/projects/ab6_soeren_neuroblastoma/adaptation_for_cemm/raw_data/CnR/outdir/02_alignment/bowtie2/target/markdup/CLB-Ma-ADR-Jun_R1.target.markdup.sorted.bam","CLB-Ma-ADR-IgG_R1","/nobackup/lab_ccri_bicu/internal/abykov/projects/ab6_soeren_neuroblastoma/adaptation_for_cemm/raw_data/CnR/outdir/02_alignment/bowtie2/target/markdup/CLB-Ma-ADR-IgG_R1.target.markdup.sorted.bam","/home/abykov/neuroblastoma/data/CnR/consensus_peaks/CLB-Ma-ADR-Jun_R1.macs2_peaks.narrowPeak","narrow","/home/abykov/neuroblastoma/data/CnR/consensus_peaks/CLB-Ma-ADR-Jun_R1.macs2_summits.bed",2727
"CLB-Ma-ADR-Jun_R2","CLB-Ma","Jun","ADRN","batch2",2,"/nobackup/lab_ccri_bicu/internal/abykov/projects/ab6_soeren_neuroblastoma/adaptation_for_cemm/raw_data/CnR/outdir/02_alignment/bowtie2/target/markdup/CLB-Ma-ADR-Jun_R2.target.markdup.sorted.bam","CLB-Ma-ADR-IgG_R2","/nobackup/lab_ccri_bicu/internal/abykov/projects/ab6_soeren_neuroblastoma/adaptation_for_cemm/raw_data/CnR/outdir/02_alignment/bowtie2/target/markdup/CLB-Ma-ADR-IgG_R2.target.markdup.sorted.bam","/home/abykov/neuroblastoma/data/CnR/consensus_peaks/CLB-Ma-ADR-Jun_R2.macs2_peaks.narrowPeak","narrow","/home/abykov/neuroblastoma/data/CnR/consensus_peaks/CLB-Ma-ADR-Jun_R2.macs2_summits.bed",23163
"CLB-Ma-ADR-TAZ_R1","CLB-Ma","TAZ","ADRN","batch2",1,"/nobackup/lab_ccri_bicu/internal/abykov/projects/ab6_soeren_neuroblastoma/adaptation_for_cemm/raw_data/CnR/outdir/02_alignment/bowtie2/target/markdup/CLB-Ma-ADR-TAZ_R1.target.markdup.sorted.bam","CLB-Ma-ADR-IgG_R1","/nobackup/lab_ccri_bicu/internal/abykov/projects/ab6_soeren_neuroblastoma/adaptation_for_cemm/raw_data/CnR/outdir/02_alignment/bowtie2/target/markdup/CLB-Ma-ADR-IgG_R1.target.markdup.sorted.bam","/home/abykov/neuroblastoma/data/CnR/consensus_peaks/CLB-Ma-ADR-TAZ_R1.macs2_peaks.narrowPeak","narrow","/home/abykov/neuroblastoma/data/CnR/consensus_peaks/CLB-Ma-ADR-TAZ_R1.macs2_summits.bed",1232
"CLB-Ma-ADR-TAZ_R2","CLB-Ma","TAZ","ADRN","batch2",2,"/nobackup/lab_ccri_bicu/internal/abykov/projects/ab6_soeren_neuroblastoma/adaptation_for_cemm/raw_data/CnR/outdir/02_alignment/bowtie2/target/markdup/CLB-Ma-ADR-TAZ_R2.target.markdup.sorted.bam","CLB-Ma-ADR-IgG_R2","/nobackup/lab_ccri_bicu/internal/abykov/projects/ab6_soeren_neuroblastoma/adaptation_for_cemm/raw_data/CnR/outdir/02_alignment/bowtie2/target/markdup/CLB-Ma-ADR-IgG_R2.target.markdup.sorted.bam","/home/abykov/neuroblastoma/data/CnR/consensus_peaks/CLB-Ma-ADR-TAZ_R2.macs2_peaks.narrowPeak","narrow","/home/abykov/neuroblastoma/data/CnR/consensus_peaks/CLB-Ma-ADR-TAZ_R2.macs2_summits.bed",3172
"CLB-Ma-ADR-YAP_R1","CLB-Ma","YAP","ADRN","batch2",1,"/nobackup/lab_ccri_bicu/internal/abykov/projects/ab6_soeren_neuroblastoma/adaptation_for_cemm/raw_data/CnR/outdir/02_alignment/bowtie2/target/markdup/CLB-Ma-ADR-YAP_R1.target.markdup.sorted.bam","CLB-Ma-ADR-IgG_R1","/nobackup/lab_ccri_bicu/internal/abykov/projects/ab6_soeren_neuroblastoma/adaptation_for_cemm/raw_data/CnR/outdir/02_alignment/bowtie2/target/markdup/CLB-Ma-ADR-IgG_R1.target.markdup.sorted.bam","/home/abykov/neuroblastoma/data/CnR/consensus_peaks/CLB-Ma-ADR-YAP_R1.macs2_peaks.narrowPeak","narrow","/home/abykov/neuroblastoma/data/CnR/consensus_peaks/CLB-Ma-ADR-YAP_R1.macs2_summits.bed",2170
"CLB-Ma-ADR-YAP_R2","CLB-Ma","YAP","ADRN","batch2",2,"/nobackup/lab_ccri_bicu/internal/abykov/projects/ab6_soeren_neuroblastoma/adaptation_for_cemm/raw_data/CnR/outdir/02_alignment/bowtie2/target/markdup/CLB-Ma-ADR-YAP_R2.target.markdup.sorted.bam","CLB-Ma-ADR-IgG_R2","/nobackup/lab_ccri_bicu/internal/abykov/projects/ab6_soeren_neuroblastoma/adaptation_for_cemm/raw_data/CnR/outdir/02_alignment/bowtie2/target/markdup/CLB-Ma-ADR-IgG_R2.target.markdup.sorted.bam","/home/abykov/neuroblastoma/data/CnR/consensus_peaks/CLB-Ma-ADR-YAP_R2.macs2_peaks.narrowPeak","narrow","/home/abykov/neuroblastoma/data/CnR/consensus_peaks/CLB-Ma-ADR-YAP_R2.macs2_summits.bed",2812
"CLB-Ma-M_H3K27ac_R1","CLB-Ma","H3K27ac","MES","batch1",1,"/nobackup/lab_ccri_bicu/internal/abykov/projects/ab6_soeren_neuroblastoma/adaptation_for_cemm/raw_data/CnR/outdir/02_alignment/bowtie2/target/markdup/CLB-Ma-M_H3K27ac_R1.target.markdup.sorted.bam","CLB-Ma-M_IgG_R1","/nobackup/lab_ccri_bicu/internal/abykov/projects/ab6_soeren_neuroblastoma/adaptation_for_cemm/raw_data/CnR/outdir/02_alignment/bowtie2/target/markdup/CLB-Ma-M_IgG_R1.target.markdup.sorted.bam","/home/abykov/neuroblastoma/data/CnR/consensus_peaks/CLB-Ma-M_H3K27ac_R1.macs2_peaks.narrowPeak","narrow","/home/abykov/neuroblastoma/data/CnR/consensus_peaks/CLB-Ma-M_H3K27ac_R1.macs2_summits.bed",37400
"CLB-Ma-M_H3K27ac_R2","CLB-Ma","H3K27ac","MES","batch1",2,"/nobackup/lab_ccri_bicu/internal/abykov/projects/ab6_soeren_neuroblastoma/adaptation_for_cemm/raw_data/CnR/outdir/02_alignment/bowtie2/target/markdup/CLB-Ma-M_H3K27ac_R2.target.markdup.sorted.bam","CLB-Ma-M_IgG_R2","/nobackup/lab_ccri_bicu/internal/abykov/projects/ab6_soeren_neuroblastoma/adaptation_for_cemm/raw_data/CnR/outdir/02_alignment/bowtie2/target/markdup/CLB-Ma-M_IgG_R1.target.markdup.sorted.bam","/home/abykov/neuroblastoma/data/CnR/consensus_peaks/CLB-Ma-M_H3K27ac_R2.macs2_peaks.narrowPeak","narrow","/home/abykov/neuroblastoma/data/CnR/consensus_peaks/CLB-Ma-M_H3K27ac_R2.macs2_summits.bed",35877
"CLB-Ma-M_H3K4me1_R1","CLB-Ma","H3K4me1","MES","batch1",1,"/nobackup/lab_ccri_bicu/internal/abykov/projects/ab6_soeren_neuroblastoma/adaptation_for_cemm/raw_data/CnR/outdir/02_alignment/bowtie2/target/markdup/CLB-Ma-M_H3K4me1_R1.target.markdup.sorted.bam","CLB-Ma-M_IgG_R1","/nobackup/lab_ccri_bicu/internal/abykov/projects/ab6_soeren_neuroblastoma/adaptation_for_cemm/raw_data/CnR/outdir/02_alignment/bowtie2/target/markdup/CLB-Ma-M_IgG_R1.target.markdup.sorted.bam","/home/abykov/neuroblastoma/data/CnR/consensus_peaks/CLB-Ma-M_H3K4me1_R1.macs2_peaks.narrowPeak","narrow","/home/abykov/neuroblastoma/data/CnR/consensus_peaks/CLB-Ma-M_H3K4me1_R1.macs2_summits.bed",62218
"CLB-Ma-M_H3K4me1_R2","CLB-Ma","H3K4me1","MES","batch1",2,"/nobackup/lab_ccri_bicu/internal/abykov/projects/ab6_soeren_neuroblastoma/adaptation_for_cemm/raw_data/CnR/outdir/02_alignment/bowtie2/target/markdup/CLB-Ma-M_H3K4me1_R2.target.markdup.sorted.bam","CLB-Ma-M_IgG_R2","/nobackup/lab_ccri_bicu/internal/abykov/projects/ab6_soeren_neuroblastoma/adaptation_for_cemm/raw_data/CnR/outdir/02_alignment/bowtie2/target/markdup/CLB-Ma-M_IgG_R1.target.markdup.sorted.bam","/home/abykov/neuroblastoma/data/CnR/consensus_peaks/CLB-Ma-M_H3K4me1_R2.macs2_peaks.narrowPeak","narrow","/home/abykov/neuroblastoma/data/CnR/consensus_peaks/CLB-Ma-M_H3K4me1_R2.macs2_summits.bed",79694
"CLB-Ma-M_Jun_R1","CLB-Ma","Jun","MES","batch1",1,"/nobackup/lab_ccri_bicu/internal/abykov/projects/ab6_soeren_neuroblastoma/adaptation_for_cemm/raw_data/CnR/outdir/02_alignment/bowtie2/target/markdup/CLB-Ma-M_Jun_R1.target.markdup.sorted.bam","CLB-Ma-M_IgG_R1","/nobackup/lab_ccri_bicu/internal/abykov/projects/ab6_soeren_neuroblastoma/adaptation_for_cemm/raw_data/CnR/outdir/02_alignment/bowtie2/target/markdup/CLB-Ma-M_IgG_R1.target.markdup.sorted.bam","/home/abykov/neuroblastoma/data/CnR/consensus_peaks/CLB-Ma-M_Jun_R1.macs2_peaks.narrowPeak","narrow","/home/abykov/neuroblastoma/data/CnR/consensus_peaks/CLB-Ma-M_Jun_R1.macs2_summits.bed",43706
"CLB-Ma-M_Jun_R2","CLB-Ma","Jun","MES","batch1",2,"/nobackup/lab_ccri_bicu/internal/abykov/projects/ab6_soeren_neuroblastoma/adaptation_for_cemm/raw_data/CnR/outdir/02_alignment/bowtie2/target/markdup/CLB-Ma-M_Jun_R2.target.markdup.sorted.bam","CLB-Ma-M_IgG_R2","/nobackup/lab_ccri_bicu/internal/abykov/projects/ab6_soeren_neuroblastoma/adaptation_for_cemm/raw_data/CnR/outdir/02_alignment/bowtie2/target/markdup/CLB-Ma-M_IgG_R1.target.markdup.sorted.bam","/home/abykov/neuroblastoma/data/CnR/consensus_peaks/CLB-Ma-M_Jun_R2.macs2_peaks.narrowPeak","narrow","/home/abykov/neuroblastoma/data/CnR/consensus_peaks/CLB-Ma-M_Jun_R2.macs2_summits.bed",45812
"CLB-Ma-M_TAZ_R1","CLB-Ma","TAZ","MES","batch1",1,"/nobackup/lab_ccri_bicu/internal/abykov/projects/ab6_soeren_neuroblastoma/adaptation_for_cemm/raw_data/CnR/outdir/02_alignment/bowtie2/target/markdup/CLB-Ma-M_TAZ_R1.target.markdup.sorted.bam","CLB-Ma-M_IgG_R1","/nobackup/lab_ccri_bicu/internal/abykov/projects/ab6_soeren_neuroblastoma/adaptation_for_cemm/raw_data/CnR/outdir/02_alignment/bowtie2/target/markdup/CLB-Ma-M_IgG_R1.target.markdup.sorted.bam","/home/abykov/neuroblastoma/data/CnR/consensus_peaks/CLB-Ma-M_TAZ_R1.macs2_peaks.narrowPeak","narrow","/home/abykov/neuroblastoma/data/CnR/consensus_peaks/CLB-Ma-M_TAZ_R1.macs2_summits.bed",12956
"CLB-Ma-M_TAZ_R2","CLB-Ma","TAZ","MES","batch1",2,"/nobackup/lab_ccri_bicu/internal/abykov/projects/ab6_soeren_neuroblastoma/adaptation_for_cemm/raw_data/CnR/outdir/02_alignment/bowtie2/target/markdup/CLB-Ma-M_TAZ_R2.target.markdup.sorted.bam","CLB-Ma-M_IgG_R2","/nobackup/lab_ccri_bicu/internal/abykov/projects/ab6_soeren_neuroblastoma/adaptation_for_cemm/raw_data/CnR/outdir/02_alignment/bowtie2/target/markdup/CLB-Ma-M_IgG_R1.target.markdup.sorted.bam","/home/abykov/neuroblastoma/data/CnR/consensus_peaks/CLB-Ma-M_TAZ_R2.macs2_peaks.narrowPeak","narrow","/home/abykov/neuroblastoma/data/CnR/consensus_peaks/CLB-Ma-M_TAZ_R2.macs2_summits.bed",27507
"CLB-Ma-M_YAP_R1","CLB-Ma","YAP","MES","batch1",1,"/nobackup/lab_ccri_bicu/internal/abykov/projects/ab6_soeren_neuroblastoma/adaptation_for_cemm/raw_data/CnR/outdir/02_alignment/bowtie2/target/markdup/CLB-Ma-M_YAP_R1.target.markdup.sorted.bam","CLB-Ma-M_IgG_R1","/nobackup/lab_ccri_bicu/internal/abykov/projects/ab6_soeren_neuroblastoma/adaptation_for_cemm/raw_data/CnR/outdir/02_alignment/bowtie2/target/markdup/CLB-Ma-M_IgG_R1.target.markdup.sorted.bam","/home/abykov/neuroblastoma/data/CnR/consensus_peaks/CLB-Ma-M_YAP_R1.macs2_peaks.narrowPeak","narrow","/home/abykov/neuroblastoma/data/CnR/consensus_peaks/CLB-Ma-M_YAP_R1.macs2_summits.bed",17108
"CLB-Ma-M_YAP_R2","CLB-Ma","YAP","MES","batch1",2,"/nobackup/lab_ccri_bicu/internal/abykov/projects/ab6_soeren_neuroblastoma/adaptation_for_cemm/raw_data/CnR/outdir/02_alignment/bowtie2/target/markdup/CLB-Ma-M_YAP_R2.target.markdup.sorted.bam","CLB-Ma-M_IgG_R2","/nobackup/lab_ccri_bicu/internal/abykov/projects/ab6_soeren_neuroblastoma/adaptation_for_cemm/raw_data/CnR/outdir/02_alignment/bowtie2/target/markdup/CLB-Ma-M_IgG_R1.target.markdup.sorted.bam","/home/abykov/neuroblastoma/data/CnR/consensus_peaks/CLB-Ma-M_YAP_R2.macs2_peaks.narrowPeak","narrow","/home/abykov/neuroblastoma/data/CnR/consensus_peaks/CLB-Ma-M_YAP_R2.macs2_summits.bed",7347
"CLB-MA-MES-H3K27ac_R1","CLB-Ma","H3K27ac","MES","batch2",1,"/nobackup/lab_ccri_bicu/internal/abykov/projects/ab6_soeren_neuroblastoma/adaptation_for_cemm/raw_data/CnR/outdir/02_alignment/bowtie2/target/markdup/CLB-MA-MES-H3K27ac_R1.target.markdup.sorted.bam","CLB-MA-MES-IgG_R1","/nobackup/lab_ccri_bicu/internal/abykov/projects/ab6_soeren_neuroblastoma/adaptation_for_cemm/raw_data/CnR/outdir/02_alignment/bowtie2/target/markdup/CLB-MA-MES-IgG_R1.target.markdup.sorted.bam","/home/abykov/neuroblastoma/data/CnR/consensus_peaks/CLB-MA-MES-H3K27ac_R1.macs2_peaks.narrowPeak","narrow","/home/abykov/neuroblastoma/data/CnR/consensus_peaks/CLB-MA-MES-H3K27ac_R1.macs2_summits.bed",64426
"CLB-MA-MES-H3K27ac_R2","CLB-Ma","H3K27ac","MES","batch2",2,"/nobackup/lab_ccri_bicu/internal/abykov/projects/ab6_soeren_neuroblastoma/adaptation_for_cemm/raw_data/CnR/outdir/02_alignment/bowtie2/target/markdup/CLB-MA-MES-H3K27ac_R2.target.markdup.sorted.bam","CLB-MA-MES-IgG_R2","/nobackup/lab_ccri_bicu/internal/abykov/projects/ab6_soeren_neuroblastoma/adaptation_for_cemm/raw_data/CnR/outdir/02_alignment/bowtie2/target/markdup/CLB-MA-MES-IgG_R2.target.markdup.sorted.bam","/home/abykov/neuroblastoma/data/CnR/consensus_peaks/CLB-MA-MES-H3K27ac_R2.macs2_peaks.narrowPeak","narrow","/home/abykov/neuroblastoma/data/CnR/consensus_peaks/CLB-MA-MES-H3K27ac_R2.macs2_summits.bed",83126
"CLB-MA-MES-H3K4me1_R1","CLB-Ma","H3K4me1","MES","batch2",1,"/nobackup/lab_ccri_bicu/internal/abykov/projects/ab6_soeren_neuroblastoma/adaptation_for_cemm/raw_data/CnR/outdir/02_alignment/bowtie2/target/markdup/CLB-MA-MES-H3K4me1_R1.target.markdup.sorted.bam","CLB-MA-MES-IgG_R1","/nobackup/lab_ccri_bicu/internal/abykov/projects/ab6_soeren_neuroblastoma/adaptation_for_cemm/raw_data/CnR/outdir/02_alignment/bowtie2/target/markdup/CLB-MA-MES-IgG_R1.target.markdup.sorted.bam","/home/abykov/neuroblastoma/data/CnR/consensus_peaks/CLB-MA-MES-H3K4me1_R1.macs2_peaks.narrowPeak","narrow","/home/abykov/neuroblastoma/data/CnR/consensus_peaks/CLB-MA-MES-H3K4me1_R1.macs2_summits.bed",103856
"CLB-MA-MES-H3K4me1_R2","CLB-Ma","H3K4me1","MES","batch2",2,"/nobackup/lab_ccri_bicu/internal/abykov/projects/ab6_soeren_neuroblastoma/adaptation_for_cemm/raw_data/CnR/outdir/02_alignment/bowtie2/target/markdup/CLB-MA-MES-H3K4me1_R2.target.markdup.sorted.bam","CLB-MA-MES-IgG_R2","/nobackup/lab_ccri_bicu/internal/abykov/projects/ab6_soeren_neuroblastoma/adaptation_for_cemm/raw_data/CnR/outdir/02_alignment/bowtie2/target/markdup/CLB-MA-MES-IgG_R2.target.markdup.sorted.bam","/home/abykov/neuroblastoma/data/CnR/consensus_peaks/CLB-MA-MES-H3K4me1_R2.macs2_peaks.narrowPeak","narrow","/home/abykov/neuroblastoma/data/CnR/consensus_peaks/CLB-MA-MES-H3K4me1_R2.macs2_summits.bed",179694
"CLB-MA-MES-Jun_R1","CLB-Ma","Jun","MES","batch2",1,"/nobackup/lab_ccri_bicu/internal/abykov/projects/ab6_soeren_neuroblastoma/adaptation_for_cemm/raw_data/CnR/outdir/02_alignment/bowtie2/target/markdup/CLB-MA-MES-Jun_R1.target.markdup.sorted.bam","CLB-MA-MES-IgG_R1","/nobackup/lab_ccri_bicu/internal/abykov/projects/ab6_soeren_neuroblastoma/adaptation_for_cemm/raw_data/CnR/outdir/02_alignment/bowtie2/target/markdup/CLB-MA-MES-IgG_R1.target.markdup.sorted.bam","/home/abykov/neuroblastoma/data/CnR/consensus_peaks/CLB-MA-MES-Jun_R1.macs2_peaks.narrowPeak","narrow","/home/abykov/neuroblastoma/data/CnR/consensus_peaks/CLB-MA-MES-Jun_R1.macs2_summits.bed",51372
"CLB-MA-MES-Jun_R2","CLB-Ma","Jun","MES","batch2",2,"/nobackup/lab_ccri_bicu/internal/abykov/projects/ab6_soeren_neuroblastoma/adaptation_for_cemm/raw_data/CnR/outdir/02_alignment/bowtie2/target/markdup/CLB-MA-MES-Jun_R2.target.markdup.sorted.bam","CLB-MA-MES-IgG_R2","/nobackup/lab_ccri_bicu/internal/abykov/projects/ab6_soeren_neuroblastoma/adaptation_for_cemm/raw_data/CnR/outdir/02_alignment/bowtie2/target/markdup/CLB-MA-MES-IgG_R2.target.markdup.sorted.bam","/home/abykov/neuroblastoma/data/CnR/consensus_peaks/CLB-MA-MES-Jun_R2.macs2_peaks.narrowPeak","narrow","/home/abykov/neuroblastoma/data/CnR/consensus_peaks/CLB-MA-MES-Jun_R2.macs2_summits.bed",58943
"CLB-MA-MES-TAZ_R1","CLB-Ma","TAZ","MES","batch2",1,"/nobackup/lab_ccri_bicu/internal/abykov/projects/ab6_soeren_neuroblastoma/adaptation_for_cemm/raw_data/CnR/outdir/02_alignment/bowtie2/target/markdup/CLB-MA-MES-TAZ_R1.target.markdup.sorted.bam","CLB-MA-MES-IgG_R1","/nobackup/lab_ccri_bicu/internal/abykov/projects/ab6_soeren_neuroblastoma/adaptation_for_cemm/raw_data/CnR/outdir/02_alignment/bowtie2/target/markdup/CLB-MA-MES-IgG_R1.target.markdup.sorted.bam","/home/abykov/neuroblastoma/data/CnR/consensus_peaks/CLB-MA-MES-TAZ_R1.macs2_peaks.narrowPeak","narrow","/home/abykov/neuroblastoma/data/CnR/consensus_peaks/CLB-MA-MES-TAZ_R1.macs2_summits.bed",32096
"CLB-MA-MES-TAZ_R2","CLB-Ma","TAZ","MES","batch2",2,"/nobackup/lab_ccri_bicu/internal/abykov/projects/ab6_soeren_neuroblastoma/adaptation_for_cemm/raw_data/CnR/outdir/02_alignment/bowtie2/target/markdup/CLB-MA-MES-TAZ_R2.target.markdup.sorted.bam","CLB-MA-MES-IgG_R2","/nobackup/lab_ccri_bicu/internal/abykov/projects/ab6_soeren_neuroblastoma/adaptation_for_cemm/raw_data/CnR/outdir/02_alignment/bowtie2/target/markdup/CLB-MA-MES-IgG_R2.target.markdup.sorted.bam","/home/abykov/neuroblastoma/data/CnR/consensus_peaks/CLB-MA-MES-TAZ_R2.macs2_peaks.narrowPeak","narrow","/home/abykov/neuroblastoma/data/CnR/consensus_peaks/CLB-MA-MES-TAZ_R2.macs2_summits.bed",57461
"CLB-MA-MES-YAP_R1","CLB-Ma","YAP","MES","batch2",1,"/nobackup/lab_ccri_bicu/internal/abykov/projects/ab6_soeren_neuroblastoma/adaptation_for_cemm/raw_data/CnR/outdir/02_alignment/bowtie2/target/markdup/CLB-MA-MES-YAP_R1.target.markdup.sorted.bam","CLB-MA-MES-IgG_R1","/nobackup/lab_ccri_bicu/internal/abykov/projects/ab6_soeren_neuroblastoma/adaptation_for_cemm/raw_data/CnR/outdir/02_alignment/bowtie2/target/markdup/CLB-MA-MES-IgG_R1.target.markdup.sorted.bam","/home/abykov/neuroblastoma/data/CnR/consensus_peaks/CLB-MA-MES-YAP_R1.macs2_peaks.narrowPeak","narrow","/home/abykov/neuroblastoma/data/CnR/consensus_peaks/CLB-MA-MES-YAP_R1.macs2_summits.bed",31134
"CLB-MA-MES-YAP_R2","CLB-Ma","YAP","MES","batch2",2,"/nobackup/lab_ccri_bicu/internal/abykov/projects/ab6_soeren_neuroblastoma/adaptation_for_cemm/raw_data/CnR/outdir/02_alignment/bowtie2/target/markdup/CLB-MA-MES-YAP_R2.target.markdup.sorted.bam","CLB-MA-MES-IgG_R2","/nobackup/lab_ccri_bicu/internal/abykov/projects/ab6_soeren_neuroblastoma/adaptation_for_cemm/raw_data/CnR/outdir/02_alignment/bowtie2/target/markdup/CLB-MA-MES-IgG_R2.target.markdup.sorted.bam","/home/abykov/neuroblastoma/data/CnR/consensus_peaks/CLB-MA-MES-YAP_R2.macs2_peaks.narrowPeak","narrow","/home/abykov/neuroblastoma/data/CnR/consensus_peaks/CLB-MA-MES-YAP_R2.macs2_summits.bed",34798
"SK-N-SH-A_H3K27ac_R1","SK-N-SH","H3K27ac","ADRN","batch1",1,"/nobackup/lab_ccri_bicu/internal/abykov/projects/ab6_soeren_neuroblastoma/adaptation_for_cemm/raw_data/CnR/outdir/02_alignment/bowtie2/target/markdup/SK-N-SH-A_H3K27ac_R1.target.markdup.sorted.bam","SK-N-SH-A_IgG_R1","/nobackup/lab_ccri_bicu/internal/abykov/projects/ab6_soeren_neuroblastoma/adaptation_for_cemm/raw_data/CnR/outdir/02_alignment/bowtie2/target/markdup/SK-N-SH-A_IgG_R1.target.markdup.sorted.bam","/home/abykov/neuroblastoma/data/CnR/consensus_peaks/SK-N-SH-A_H3K27ac_R1.macs2_peaks.narrowPeak","narrow","/home/abykov/neuroblastoma/data/CnR/consensus_peaks/SK-N-SH-A_H3K27ac_R1.macs2_summits.bed",12964
"SK-N-SH-A_H3K27ac_R2","SK-N-SH","H3K27ac","ADRN","batch1",2,"/nobackup/lab_ccri_bicu/internal/abykov/projects/ab6_soeren_neuroblastoma/adaptation_for_cemm/raw_data/CnR/outdir/02_alignment/bowtie2/target/markdup/SK-N-SH-A_H3K27ac_R2.target.markdup.sorted.bam","SK-N-SH-A_IgG_R2","/nobackup/lab_ccri_bicu/internal/abykov/projects/ab6_soeren_neuroblastoma/adaptation_for_cemm/raw_data/CnR/outdir/02_alignment/bowtie2/target/markdup/SK-N-SH-A_IgG_R2.target.markdup.sorted.bam","/home/abykov/neuroblastoma/data/CnR/consensus_peaks/SK-N-SH-A_H3K27ac_R2.macs2_peaks.narrowPeak","narrow","/home/abykov/neuroblastoma/data/CnR/consensus_peaks/SK-N-SH-A_H3K27ac_R2.macs2_summits.bed",13603
"SK-N-SH-A_H3K4me1_R1","SK-N-SH","H3K4me1","ADRN","batch1",1,"/nobackup/lab_ccri_bicu/internal/abykov/projects/ab6_soeren_neuroblastoma/adaptation_for_cemm/raw_data/CnR/outdir/02_alignment/bowtie2/target/markdup/SK-N-SH-A_H3K4me1_R1.target.markdup.sorted.bam","SK-N-SH-A_IgG_R1","/nobackup/lab_ccri_bicu/internal/abykov/projects/ab6_soeren_neuroblastoma/adaptation_for_cemm/raw_data/CnR/outdir/02_alignment/bowtie2/target/markdup/SK-N-SH-A_IgG_R1.target.markdup.sorted.bam","/home/abykov/neuroblastoma/data/CnR/consensus_peaks/SK-N-SH-A_H3K4me1_R1.macs2_peaks.narrowPeak","narrow","/home/abykov/neuroblastoma/data/CnR/consensus_peaks/SK-N-SH-A_H3K4me1_R1.macs2_summits.bed",60462
"SK-N-SH-A_H3K4me1_R2","SK-N-SH","H3K4me1","ADRN","batch1",2,"/nobackup/lab_ccri_bicu/internal/abykov/projects/ab6_soeren_neuroblastoma/adaptation_for_cemm/raw_data/CnR/outdir/02_alignment/bowtie2/target/markdup/SK-N-SH-A_H3K4me1_R2.target.markdup.sorted.bam","SK-N-SH-A_IgG_R2","/nobackup/lab_ccri_bicu/internal/abykov/projects/ab6_soeren_neuroblastoma/adaptation_for_cemm/raw_data/CnR/outdir/02_alignment/bowtie2/target/markdup/SK-N-SH-A_IgG_R2.target.markdup.sorted.bam","/home/abykov/neuroblastoma/data/CnR/consensus_peaks/SK-N-SH-A_H3K4me1_R2.macs2_peaks.narrowPeak","narrow","/home/abykov/neuroblastoma/data/CnR/consensus_peaks/SK-N-SH-A_H3K4me1_R2.macs2_summits.bed",51281
"SK-N-SH-A_Jun_R1","SK-N-SH","Jun","ADRN","batch1",1,"/nobackup/lab_ccri_bicu/internal/abykov/projects/ab6_soeren_neuroblastoma/adaptation_for_cemm/raw_data/CnR/outdir/02_alignment/bowtie2/target/markdup/SK-N-SH-A_Jun_R1.target.markdup.sorted.bam","SK-N-SH-A_IgG_R1","/nobackup/lab_ccri_bicu/internal/abykov/projects/ab6_soeren_neuroblastoma/adaptation_for_cemm/raw_data/CnR/outdir/02_alignment/bowtie2/target/markdup/SK-N-SH-A_IgG_R1.target.markdup.sorted.bam","/home/abykov/neuroblastoma/data/CnR/consensus_peaks/SK-N-SH-A_Jun_R1.macs2_peaks.narrowPeak","narrow","/home/abykov/neuroblastoma/data/CnR/consensus_peaks/SK-N-SH-A_Jun_R1.macs2_summits.bed",38
"SK-N-SH-A_Jun_R2","SK-N-SH","Jun","ADRN","batch1",2,"/nobackup/lab_ccri_bicu/internal/abykov/projects/ab6_soeren_neuroblastoma/adaptation_for_cemm/raw_data/CnR/outdir/02_alignment/bowtie2/target/markdup/SK-N-SH-A_Jun_R2.target.markdup.sorted.bam","SK-N-SH-A_IgG_R2","/nobackup/lab_ccri_bicu/internal/abykov/projects/ab6_soeren_neuroblastoma/adaptation_for_cemm/raw_data/CnR/outdir/02_alignment/bowtie2/target/markdup/SK-N-SH-A_IgG_R2.target.markdup.sorted.bam","/home/abykov/neuroblastoma/data/CnR/consensus_peaks/SK-N-SH-A_Jun_R2.macs2_peaks.narrowPeak","narrow","/home/abykov/neuroblastoma/data/CnR/consensus_peaks/SK-N-SH-A_Jun_R2.macs2_summits.bed",70
"SK-N-SH-A_TAZ_R1","SK-N-SH","TAZ","ADRN","batch1",1,"/nobackup/lab_ccri_bicu/internal/abykov/projects/ab6_soeren_neuroblastoma/adaptation_for_cemm/raw_data/CnR/outdir/02_alignment/bowtie2/target/markdup/SK-N-SH-A_TAZ_R1.target.markdup.sorted.bam","SK-N-SH-A_IgG_R1","/nobackup/lab_ccri_bicu/internal/abykov/projects/ab6_soeren_neuroblastoma/adaptation_for_cemm/raw_data/CnR/outdir/02_alignment/bowtie2/target/markdup/SK-N-SH-A_IgG_R1.target.markdup.sorted.bam","/home/abykov/neuroblastoma/data/CnR/consensus_peaks/SK-N-SH-A_TAZ_R1.macs2_peaks.narrowPeak","narrow","/home/abykov/neuroblastoma/data/CnR/consensus_peaks/SK-N-SH-A_TAZ_R1.macs2_summits.bed",184
"SK-N-SH-A_TAZ_R2","SK-N-SH","TAZ","ADRN","batch1",2,"/nobackup/lab_ccri_bicu/internal/abykov/projects/ab6_soeren_neuroblastoma/adaptation_for_cemm/raw_data/CnR/outdir/02_alignment/bowtie2/target/markdup/SK-N-SH-A_TAZ_R2.target.markdup.sorted.bam","SK-N-SH-A_IgG_R2","/nobackup/lab_ccri_bicu/internal/abykov/projects/ab6_soeren_neuroblastoma/adaptation_for_cemm/raw_data/CnR/outdir/02_alignment/bowtie2/target/markdup/SK-N-SH-A_IgG_R2.target.markdup.sorted.bam","/home/abykov/neuroblastoma/data/CnR/consensus_peaks/SK-N-SH-A_TAZ_R2.macs2_peaks.narrowPeak","narrow","/home/abykov/neuroblastoma/data/CnR/consensus_peaks/SK-N-SH-A_TAZ_R2.macs2_summits.bed",200
"SK-N-SH-A_YAP_R1","SK-N-SH","YAP","ADRN","batch1",1,"/nobackup/lab_ccri_bicu/internal/abykov/projects/ab6_soeren_neuroblastoma/adaptation_for_cemm/raw_data/CnR/outdir/02_alignment/bowtie2/target/markdup/SK-N-SH-A_YAP_R1.target.markdup.sorted.bam","SK-N-SH-A_IgG_R1","/nobackup/lab_ccri_bicu/internal/abykov/projects/ab6_soeren_neuroblastoma/adaptation_for_cemm/raw_data/CnR/outdir/02_alignment/bowtie2/target/markdup/SK-N-SH-A_IgG_R1.target.markdup.sorted.bam","/home/abykov/neuroblastoma/data/CnR/consensus_peaks/SK-N-SH-A_YAP_R1.macs2_peaks.narrowPeak","narrow","/home/abykov/neuroblastoma/data/CnR/consensus_peaks/SK-N-SH-A_YAP_R1.macs2_summits.bed",1
"SK-N-SH-A_YAP_R2","SK-N-SH","YAP","ADRN","batch1",2,"/nobackup/lab_ccri_bicu/internal/abykov/projects/ab6_soeren_neuroblastoma/adaptation_for_cemm/raw_data/CnR/outdir/02_alignment/bowtie2/target/markdup/SK-N-SH-A_YAP_R2.target.markdup.sorted.bam","SK-N-SH-A_IgG_R2","/nobackup/lab_ccri_bicu/internal/abykov/projects/ab6_soeren_neuroblastoma/adaptation_for_cemm/raw_data/CnR/outdir/02_alignment/bowtie2/target/markdup/SK-N-SH-A_IgG_R2.target.markdup.sorted.bam","/home/abykov/neuroblastoma/data/CnR/consensus_peaks/SK-N-SH-A_YAP_R2.macs2_peaks.narrowPeak","narrow","/home/abykov/neuroblastoma/data/CnR/consensus_peaks/SK-N-SH-A_YAP_R2.macs2_summits.bed",35
"SK-N-SH-ADR-H3K27ac_R1","SK-N-SH","H3K27ac","ADRN","batch2",1,"/nobackup/lab_ccri_bicu/internal/abykov/projects/ab6_soeren_neuroblastoma/adaptation_for_cemm/raw_data/CnR/outdir/02_alignment/bowtie2/target/markdup/SK-N-SH-ADR-H3K27ac_R1.target.markdup.sorted.bam","SK-N-SH-ADR-IgG_R1","/nobackup/lab_ccri_bicu/internal/abykov/projects/ab6_soeren_neuroblastoma/adaptation_for_cemm/raw_data/CnR/outdir/02_alignment/bowtie2/target/markdup/SK-N-SH-ADR-IgG_R1.target.markdup.sorted.bam","/home/abykov/neuroblastoma/data/CnR/consensus_peaks/SK-N-SH-ADR-H3K27ac_R1.macs2_peaks.narrowPeak","narrow","/home/abykov/neuroblastoma/data/CnR/consensus_peaks/SK-N-SH-ADR-H3K27ac_R1.macs2_summits.bed",15609
"SK-N-SH-ADR-H3K27ac_R2","SK-N-SH","H3K27ac","ADRN","batch2",2,"/nobackup/lab_ccri_bicu/internal/abykov/projects/ab6_soeren_neuroblastoma/adaptation_for_cemm/raw_data/CnR/outdir/02_alignment/bowtie2/target/markdup/SK-N-SH-ADR-H3K27ac_R2.target.markdup.sorted.bam","SK-N-SH-ADR-IgG_R2","/nobackup/lab_ccri_bicu/internal/abykov/projects/ab6_soeren_neuroblastoma/adaptation_for_cemm/raw_data/CnR/outdir/02_alignment/bowtie2/target/markdup/SK-N-SH-ADR-IgG_R2.target.markdup.sorted.bam","/home/abykov/neuroblastoma/data/CnR/consensus_peaks/SK-N-SH-ADR-H3K27ac_R2.macs2_peaks.narrowPeak","narrow","/home/abykov/neuroblastoma/data/CnR/consensus_peaks/SK-N-SH-ADR-H3K27ac_R2.macs2_summits.bed",22788
"SK-N-SH-ADR-H3K4me1_R1","SK-N-SH","H3K4me1","ADRN","batch2",1,"/nobackup/lab_ccri_bicu/internal/abykov/projects/ab6_soeren_neuroblastoma/adaptation_for_cemm/raw_data/CnR/outdir/02_alignment/bowtie2/target/markdup/SK-N-SH-ADR-H3K4me1_R1.target.markdup.sorted.bam","SK-N-SH-ADR-IgG_R1","/nobackup/lab_ccri_bicu/internal/abykov/projects/ab6_soeren_neuroblastoma/adaptation_for_cemm/raw_data/CnR/outdir/02_alignment/bowtie2/target/markdup/SK-N-SH-ADR-IgG_R1.target.markdup.sorted.bam","/home/abykov/neuroblastoma/data/CnR/consensus_peaks/SK-N-SH-ADR-H3K4me1_R1.macs2_peaks.narrowPeak","narrow","/home/abykov/neuroblastoma/data/CnR/consensus_peaks/SK-N-SH-ADR-H3K4me1_R1.macs2_summits.bed",53701
"SK-N-SH-ADR-H3K4me1_R2","SK-N-SH","H3K4me1","ADRN","batch2",2,"/nobackup/lab_ccri_bicu/internal/abykov/projects/ab6_soeren_neuroblastoma/adaptation_for_cemm/raw_data/CnR/outdir/02_alignment/bowtie2/target/markdup/SK-N-SH-ADR-H3K4me1_R2.target.markdup.sorted.bam","SK-N-SH-ADR-IgG_R2","/nobackup/lab_ccri_bicu/internal/abykov/projects/ab6_soeren_neuroblastoma/adaptation_for_cemm/raw_data/CnR/outdir/02_alignment/bowtie2/target/markdup/SK-N-SH-ADR-IgG_R2.target.markdup.sorted.bam","/home/abykov/neuroblastoma/data/CnR/consensus_peaks/SK-N-SH-ADR-H3K4me1_R2.macs2_peaks.narrowPeak","narrow","/home/abykov/neuroblastoma/data/CnR/consensus_peaks/SK-N-SH-ADR-H3K4me1_R2.macs2_summits.bed",66242
"SK-N-SH-ADR-Jun_R1","SK-N-SH","Jun","ADRN","batch2",1,"/nobackup/lab_ccri_bicu/internal/abykov/projects/ab6_soeren_neuroblastoma/adaptation_for_cemm/raw_data/CnR/outdir/02_alignment/bowtie2/target/markdup/SK-N-SH-ADR-Jun_R1.target.markdup.sorted.bam","SK-N-SH-ADR-IgG_R1","/nobackup/lab_ccri_bicu/internal/abykov/projects/ab6_soeren_neuroblastoma/adaptation_for_cemm/raw_data/CnR/outdir/02_alignment/bowtie2/target/markdup/SK-N-SH-ADR-IgG_R1.target.markdup.sorted.bam","/home/abykov/neuroblastoma/data/CnR/consensus_peaks/SK-N-SH-ADR-Jun_R1.macs2_peaks.narrowPeak","narrow","/home/abykov/neuroblastoma/data/CnR/consensus_peaks/SK-N-SH-ADR-Jun_R1.macs2_summits.bed",11671
"SK-N-SH-ADR-Jun_R2","SK-N-SH","Jun","ADRN","batch2",2,"/nobackup/lab_ccri_bicu/internal/abykov/projects/ab6_soeren_neuroblastoma/adaptation_for_cemm/raw_data/CnR/outdir/02_alignment/bowtie2/target/markdup/SK-N-SH-ADR-Jun_R2.target.markdup.sorted.bam","SK-N-SH-ADR-IgG_R2","/nobackup/lab_ccri_bicu/internal/abykov/projects/ab6_soeren_neuroblastoma/adaptation_for_cemm/raw_data/CnR/outdir/02_alignment/bowtie2/target/markdup/SK-N-SH-ADR-IgG_R2.target.markdup.sorted.bam","/home/abykov/neuroblastoma/data/CnR/consensus_peaks/SK-N-SH-ADR-Jun_R2.macs2_peaks.narrowPeak","narrow","/home/abykov/neuroblastoma/data/CnR/consensus_peaks/SK-N-SH-ADR-Jun_R2.macs2_summits.bed",11619
"SK-N-SH-ADR-TAZ_R1","SK-N-SH","TAZ","ADRN","batch2",1,"/nobackup/lab_ccri_bicu/internal/abykov/projects/ab6_soeren_neuroblastoma/adaptation_for_cemm/raw_data/CnR/outdir/02_alignment/bowtie2/target/markdup/SK-N-SH-ADR-TAZ_R1.target.markdup.sorted.bam","SK-N-SH-ADR-IgG_R1","/nobackup/lab_ccri_bicu/internal/abykov/projects/ab6_soeren_neuroblastoma/adaptation_for_cemm/raw_data/CnR/outdir/02_alignment/bowtie2/target/markdup/SK-N-SH-ADR-IgG_R1.target.markdup.sorted.bam","/home/abykov/neuroblastoma/data/CnR/consensus_peaks/SK-N-SH-ADR-TAZ_R1.macs2_peaks.narrowPeak","narrow","/home/abykov/neuroblastoma/data/CnR/consensus_peaks/SK-N-SH-ADR-TAZ_R1.macs2_summits.bed",2741
"SK-N-SH-ADR-TAZ_R2","SK-N-SH","TAZ","ADRN","batch2",2,"/nobackup/lab_ccri_bicu/internal/abykov/projects/ab6_soeren_neuroblastoma/adaptation_for_cemm/raw_data/CnR/outdir/02_alignment/bowtie2/target/markdup/SK-N-SH-ADR-TAZ_R2.target.markdup.sorted.bam","SK-N-SH-ADR-IgG_R2","/nobackup/lab_ccri_bicu/internal/abykov/projects/ab6_soeren_neuroblastoma/adaptation_for_cemm/raw_data/CnR/outdir/02_alignment/bowtie2/target/markdup/SK-N-SH-ADR-IgG_R2.target.markdup.sorted.bam","/home/abykov/neuroblastoma/data/CnR/consensus_peaks/SK-N-SH-ADR-TAZ_R2.macs2_peaks.narrowPeak","narrow","/home/abykov/neuroblastoma/data/CnR/consensus_peaks/SK-N-SH-ADR-TAZ_R2.macs2_summits.bed",985
"SK-N-SH-ADR-YAP_R1","SK-N-SH","YAP","ADRN","batch2",1,"/nobackup/lab_ccri_bicu/internal/abykov/projects/ab6_soeren_neuroblastoma/adaptation_for_cemm/raw_data/CnR/outdir/02_alignment/bowtie2/target/markdup/SK-N-SH-ADR-YAP_R1.target.markdup.sorted.bam","SK-N-SH-ADR-IgG_R1","/nobackup/lab_ccri_bicu/internal/abykov/projects/ab6_soeren_neuroblastoma/adaptation_for_cemm/raw_data/CnR/outdir/02_alignment/bowtie2/target/markdup/SK-N-SH-ADR-IgG_R1.target.markdup.sorted.bam","/home/abykov/neuroblastoma/data/CnR/consensus_peaks/SK-N-SH-ADR-YAP_R1.macs2_peaks.narrowPeak","narrow","/home/abykov/neuroblastoma/data/CnR/consensus_peaks/SK-N-SH-ADR-YAP_R1.macs2_summits.bed",80600
"SK-N-SH-ADR-YAP_R2","SK-N-SH","YAP","ADRN","batch2",2,"/nobackup/lab_ccri_bicu/internal/abykov/projects/ab6_soeren_neuroblastoma/adaptation_for_cemm/raw_data/CnR/outdir/02_alignment/bowtie2/target/markdup/SK-N-SH-ADR-YAP_R2.target.markdup.sorted.bam","SK-N-SH-ADR-IgG_R2","/nobackup/lab_ccri_bicu/internal/abykov/projects/ab6_soeren_neuroblastoma/adaptation_for_cemm/raw_data/CnR/outdir/02_alignment/bowtie2/target/markdup/SK-N-SH-ADR-IgG_R2.target.markdup.sorted.bam","/home/abykov/neuroblastoma/data/CnR/consensus_peaks/SK-N-SH-ADR-YAP_R2.macs2_peaks.narrowPeak","narrow","/home/abykov/neuroblastoma/data/CnR/consensus_peaks/SK-N-SH-ADR-YAP_R2.macs2_summits.bed",5174
"SK-N-SH-M_H3K27ac_R1","SK-N-SH","H3K27ac","MES","batch1",1,"/nobackup/lab_ccri_bicu/internal/abykov/projects/ab6_soeren_neuroblastoma/adaptation_for_cemm/raw_data/CnR/outdir/02_alignment/bowtie2/target/markdup/SK-N-SH-M_H3K27ac_R1.target.markdup.sorted.bam","SK-N-SH-M_IgG_R1","/nobackup/lab_ccri_bicu/internal/abykov/projects/ab6_soeren_neuroblastoma/adaptation_for_cemm/raw_data/CnR/outdir/02_alignment/bowtie2/target/markdup/SK-N-SH-M_IgG_R1.target.markdup.sorted.bam","/home/abykov/neuroblastoma/data/CnR/consensus_peaks/SK-N-SH-M_H3K27ac_R1.macs2_peaks.narrowPeak","narrow","/home/abykov/neuroblastoma/data/CnR/consensus_peaks/SK-N-SH-M_H3K27ac_R1.macs2_summits.bed",39062
"SK-N-SH-M_H3K4me1_R1","SK-N-SH","H3K4me1","MES","batch1",1,"/nobackup/lab_ccri_bicu/internal/abykov/projects/ab6_soeren_neuroblastoma/adaptation_for_cemm/raw_data/CnR/outdir/02_alignment/bowtie2/target/markdup/SK-N-SH-M_H3K4me1_R1.target.markdup.sorted.bam","SK-N-SH-M_IgG_R1","/nobackup/lab_ccri_bicu/internal/abykov/projects/ab6_soeren_neuroblastoma/adaptation_for_cemm/raw_data/CnR/outdir/02_alignment/bowtie2/target/markdup/SK-N-SH-M_IgG_R1.target.markdup.sorted.bam","/home/abykov/neuroblastoma/data/CnR/consensus_peaks/SK-N-SH-M_H3K4me1_R1.macs2_peaks.narrowPeak","narrow","/home/abykov/neuroblastoma/data/CnR/consensus_peaks/SK-N-SH-M_H3K4me1_R1.macs2_summits.bed",53209
"SK-N-SH-M_H3K4me1_R2","SK-N-SH","H3K4me1","MES","batch1",2,"/nobackup/lab_ccri_bicu/internal/abykov/projects/ab6_soeren_neuroblastoma/adaptation_for_cemm/raw_data/CnR/outdir/02_alignment/bowtie2/target/markdup/SK-N-SH-M_H3K4me1_R2.target.markdup.sorted.bam","SK-N-SH-M_IgG_R2","/nobackup/lab_ccri_bicu/internal/abykov/projects/ab6_soeren_neuroblastoma/adaptation_for_cemm/raw_data/CnR/outdir/02_alignment/bowtie2/target/markdup/SK-N-SH-M_IgG_R2.target.markdup.sorted.bam","/home/abykov/neuroblastoma/data/CnR/consensus_peaks/SK-N-SH-M_H3K4me1_R2.macs2_peaks.narrowPeak","narrow","/home/abykov/neuroblastoma/data/CnR/consensus_peaks/SK-N-SH-M_H3K4me1_R2.macs2_summits.bed",98583
"SK-N-SH-M_Jun_R1","SK-N-SH","Jun","MES","batch1",1,"/nobackup/lab_ccri_bicu/internal/abykov/projects/ab6_soeren_neuroblastoma/adaptation_for_cemm/raw_data/CnR/outdir/02_alignment/bowtie2/target/markdup/SK-N-SH-M_Jun_R1.target.markdup.sorted.bam","SK-N-SH-M_IgG_R1","/nobackup/lab_ccri_bicu/internal/abykov/projects/ab6_soeren_neuroblastoma/adaptation_for_cemm/raw_data/CnR/outdir/02_alignment/bowtie2/target/markdup/SK-N-SH-M_IgG_R1.target.markdup.sorted.bam","/home/abykov/neuroblastoma/data/CnR/consensus_peaks/SK-N-SH-M_Jun_R1.macs2_peaks.narrowPeak","narrow","/home/abykov/neuroblastoma/data/CnR/consensus_peaks/SK-N-SH-M_Jun_R1.macs2_summits.bed",17886
"SK-N-SH-M_TAZ_R1","SK-N-SH","TAZ","MES","batch1",1,"/nobackup/lab_ccri_bicu/internal/abykov/projects/ab6_soeren_neuroblastoma/adaptation_for_cemm/raw_data/CnR/outdir/02_alignment/bowtie2/target/markdup/SK-N-SH-M_TAZ_R1.target.markdup.sorted.bam","SK-N-SH-M_IgG_R1","/nobackup/lab_ccri_bicu/internal/abykov/projects/ab6_soeren_neuroblastoma/adaptation_for_cemm/raw_data/CnR/outdir/02_alignment/bowtie2/target/markdup/SK-N-SH-M_IgG_R1.target.markdup.sorted.bam","/home/abykov/neuroblastoma/data/CnR/consensus_peaks/SK-N-SH-M_TAZ_R1.macs2_peaks.narrowPeak","narrow","/home/abykov/neuroblastoma/data/CnR/consensus_peaks/SK-N-SH-M_TAZ_R1.macs2_summits.bed",19224
"SK-N-SH-M_TAZ_R2","SK-N-SH","TAZ","MES","batch1",2,"/nobackup/lab_ccri_bicu/internal/abykov/projects/ab6_soeren_neuroblastoma/adaptation_for_cemm/raw_data/CnR/outdir/02_alignment/bowtie2/target/markdup/SK-N-SH-M_TAZ_R2.target.markdup.sorted.bam","SK-N-SH-M_IgG_R2","/nobackup/lab_ccri_bicu/internal/abykov/projects/ab6_soeren_neuroblastoma/adaptation_for_cemm/raw_data/CnR/outdir/02_alignment/bowtie2/target/markdup/SK-N-SH-M_IgG_R2.target.markdup.sorted.bam","/home/abykov/neuroblastoma/data/CnR/consensus_peaks/SK-N-SH-M_TAZ_R2.macs2_peaks.narrowPeak","narrow","/home/abykov/neuroblastoma/data/CnR/consensus_peaks/SK-N-SH-M_TAZ_R2.macs2_summits.bed",12555
"SK-N-SH-M_YAP_R1","SK-N-SH","YAP","MES","batch1",1,"/nobackup/lab_ccri_bicu/internal/abykov/projects/ab6_soeren_neuroblastoma/adaptation_for_cemm/raw_data/CnR/outdir/02_alignment/bowtie2/target/markdup/SK-N-SH-M_YAP_R1.target.markdup.sorted.bam","SK-N-SH-M_IgG_R1","/nobackup/lab_ccri_bicu/internal/abykov/projects/ab6_soeren_neuroblastoma/adaptation_for_cemm/raw_data/CnR/outdir/02_alignment/bowtie2/target/markdup/SK-N-SH-M_IgG_R1.target.markdup.sorted.bam","/home/abykov/neuroblastoma/data/CnR/consensus_peaks/SK-N-SH-M_YAP_R1.macs2_peaks.narrowPeak","narrow","/home/abykov/neuroblastoma/data/CnR/consensus_peaks/SK-N-SH-M_YAP_R1.macs2_summits.bed",667
"SK-N-SH-MES-H3K27ac_R1","SK-N-SH","H3K27ac","MES","batch2",1,"/nobackup/lab_ccri_bicu/internal/abykov/projects/ab6_soeren_neuroblastoma/adaptation_for_cemm/raw_data/CnR/outdir/02_alignment/bowtie2/target/markdup/SK-N-SH-MES-H3K27ac_R1.target.markdup.sorted.bam","SK-N-SH-MES-IgG_R1","/nobackup/lab_ccri_bicu/internal/abykov/projects/ab6_soeren_neuroblastoma/adaptation_for_cemm/raw_data/CnR/outdir/02_alignment/bowtie2/target/markdup/SK-N-SH-MES-IgG_R1.target.markdup.sorted.bam","/home/abykov/neuroblastoma/data/CnR/consensus_peaks/SK-N-SH-MES-H3K27ac_R1.macs2_peaks.narrowPeak","narrow","/home/abykov/neuroblastoma/data/CnR/consensus_peaks/SK-N-SH-MES-H3K27ac_R1.macs2_summits.bed",42841
"SK-N-SH-MES-H3K27ac_R2","SK-N-SH","H3K27ac","MES","batch2",2,"/nobackup/lab_ccri_bicu/internal/abykov/projects/ab6_soeren_neuroblastoma/adaptation_for_cemm/raw_data/CnR/outdir/02_alignment/bowtie2/target/markdup/SK-N-SH-MES-H3K27ac_R2.target.markdup.sorted.bam","SK-N-SH-MES-IgG_R2","/nobackup/lab_ccri_bicu/internal/abykov/projects/ab6_soeren_neuroblastoma/adaptation_for_cemm/raw_data/CnR/outdir/02_alignment/bowtie2/target/markdup/SK-N-SH-MES-IgG_R2.target.markdup.sorted.bam","/home/abykov/neuroblastoma/data/CnR/consensus_peaks/SK-N-SH-MES-H3K27ac_R2.macs2_peaks.narrowPeak","narrow","/home/abykov/neuroblastoma/data/CnR/consensus_peaks/SK-N-SH-MES-H3K27ac_R2.macs2_summits.bed",56993
"SK-N-SH-MES-H3K4me1_R1","SK-N-SH","H3K4me1","MES","batch2",1,"/nobackup/lab_ccri_bicu/internal/abykov/projects/ab6_soeren_neuroblastoma/adaptation_for_cemm/raw_data/CnR/outdir/02_alignment/bowtie2/target/markdup/SK-N-SH-MES-H3K4me1_R1.target.markdup.sorted.bam","SK-N-SH-MES-IgG_R1","/nobackup/lab_ccri_bicu/internal/abykov/projects/ab6_soeren_neuroblastoma/adaptation_for_cemm/raw_data/CnR/outdir/02_alignment/bowtie2/target/markdup/SK-N-SH-MES-IgG_R1.target.markdup.sorted.bam","/home/abykov/neuroblastoma/data/CnR/consensus_peaks/SK-N-SH-MES-H3K4me1_R1.macs2_peaks.narrowPeak","narrow","/home/abykov/neuroblastoma/data/CnR/consensus_peaks/SK-N-SH-MES-H3K4me1_R1.macs2_summits.bed",72943
"SK-N-SH-MES-H3K4me1_R2","SK-N-SH","H3K4me1","MES","batch2",2,"/nobackup/lab_ccri_bicu/internal/abykov/projects/ab6_soeren_neuroblastoma/adaptation_for_cemm/raw_data/CnR/outdir/02_alignment/bowtie2/target/markdup/SK-N-SH-MES-H3K4me1_R2.target.markdup.sorted.bam","SK-N-SH-MES-IgG_R2","/nobackup/lab_ccri_bicu/internal/abykov/projects/ab6_soeren_neuroblastoma/adaptation_for_cemm/raw_data/CnR/outdir/02_alignment/bowtie2/target/markdup/SK-N-SH-MES-IgG_R2.target.markdup.sorted.bam","/home/abykov/neuroblastoma/data/CnR/consensus_peaks/SK-N-SH-MES-H3K4me1_R2.macs2_peaks.narrowPeak","narrow","/home/abykov/neuroblastoma/data/CnR/consensus_peaks/SK-N-SH-MES-H3K4me1_R2.macs2_summits.bed",71213
"SK-N-SH-MES-Jun_R1","SK-N-SH","Jun","MES","batch2",1,"/nobackup/lab_ccri_bicu/internal/abykov/projects/ab6_soeren_neuroblastoma/adaptation_for_cemm/raw_data/CnR/outdir/02_alignment/bowtie2/target/markdup/SK-N-SH-MES-Jun_R1.target.markdup.sorted.bam","SK-N-SH-MES-IgG_R1","/nobackup/lab_ccri_bicu/internal/abykov/projects/ab6_soeren_neuroblastoma/adaptation_for_cemm/raw_data/CnR/outdir/02_alignment/bowtie2/target/markdup/SK-N-SH-MES-IgG_R1.target.markdup.sorted.bam","/home/abykov/neuroblastoma/data/CnR/consensus_peaks/SK-N-SH-MES-Jun_R1.macs2_peaks.narrowPeak","narrow","/home/abykov/neuroblastoma/data/CnR/consensus_peaks/SK-N-SH-MES-Jun_R1.macs2_summits.bed",44807
"SK-N-SH-MES-Jun_R2","SK-N-SH","Jun","MES","batch2",2,"/nobackup/lab_ccri_bicu/internal/abykov/projects/ab6_soeren_neuroblastoma/adaptation_for_cemm/raw_data/CnR/outdir/02_alignment/bowtie2/target/markdup/SK-N-SH-MES-Jun_R2.target.markdup.sorted.bam","SK-N-SH-MES-IgG_R2","/nobackup/lab_ccri_bicu/internal/abykov/projects/ab6_soeren_neuroblastoma/adaptation_for_cemm/raw_data/CnR/outdir/02_alignment/bowtie2/target/markdup/SK-N-SH-MES-IgG_R2.target.markdup.sorted.bam","/home/abykov/neuroblastoma/data/CnR/consensus_peaks/SK-N-SH-MES-Jun_R2.macs2_peaks.narrowPeak","narrow","/home/abykov/neuroblastoma/data/CnR/consensus_peaks/SK-N-SH-MES-Jun_R2.macs2_summits.bed",36158
"SK-N-SH-MES-TAZ_R1","SK-N-SH","TAZ","MES","batch2",1,"/nobackup/lab_ccri_bicu/internal/abykov/projects/ab6_soeren_neuroblastoma/adaptation_for_cemm/raw_data/CnR/outdir/02_alignment/bowtie2/target/markdup/SK-N-SH-MES-TAZ_R1.target.markdup.sorted.bam","SK-N-SH-MES-IgG_R1","/nobackup/lab_ccri_bicu/internal/abykov/projects/ab6_soeren_neuroblastoma/adaptation_for_cemm/raw_data/CnR/outdir/02_alignment/bowtie2/target/markdup/SK-N-SH-MES-IgG_R1.target.markdup.sorted.bam","/home/abykov/neuroblastoma/data/CnR/consensus_peaks/SK-N-SH-MES-TAZ_R1.macs2_peaks.narrowPeak","narrow","/home/abykov/neuroblastoma/data/CnR/consensus_peaks/SK-N-SH-MES-TAZ_R1.macs2_summits.bed",15503
"SK-N-SH-MES-TAZ_R2","SK-N-SH","TAZ","MES","batch2",2,"/nobackup/lab_ccri_bicu/internal/abykov/projects/ab6_soeren_neuroblastoma/adaptation_for_cemm/raw_data/CnR/outdir/02_alignment/bowtie2/target/markdup/SK-N-SH-MES-TAZ_R2.target.markdup.sorted.bam","SK-N-SH-MES-IgG_R2","/nobackup/lab_ccri_bicu/internal/abykov/projects/ab6_soeren_neuroblastoma/adaptation_for_cemm/raw_data/CnR/outdir/02_alignment/bowtie2/target/markdup/SK-N-SH-MES-IgG_R2.target.markdup.sorted.bam","/home/abykov/neuroblastoma/data/CnR/consensus_peaks/SK-N-SH-MES-TAZ_R2.macs2_peaks.narrowPeak","narrow","/home/abykov/neuroblastoma/data/CnR/consensus_peaks/SK-N-SH-MES-TAZ_R2.macs2_summits.bed",15537
"SK-N-SH-MES-YAP_R1","SK-N-SH","YAP","MES","batch2",1,"/nobackup/lab_ccri_bicu/internal/abykov/projects/ab6_soeren_neuroblastoma/adaptation_for_cemm/raw_data/CnR/outdir/02_alignment/bowtie2/target/markdup/SK-N-SH-MES-YAP_R1.target.markdup.sorted.bam","SK-N-SH-MES-IgG_R1","/nobackup/lab_ccri_bicu/internal/abykov/projects/ab6_soeren_neuroblastoma/adaptation_for_cemm/raw_data/CnR/outdir/02_alignment/bowtie2/target/markdup/SK-N-SH-MES-IgG_R1.target.markdup.sorted.bam","/home/abykov/neuroblastoma/data/CnR/consensus_peaks/SK-N-SH-MES-YAP_R1.macs2_peaks.narrowPeak","narrow","/home/abykov/neuroblastoma/data/CnR/consensus_peaks/SK-N-SH-MES-YAP_R1.macs2_summits.bed",19304
"SK-N-SH-MES-YAP_R2","SK-N-SH","YAP","MES","batch2",2,"/nobackup/lab_ccri_bicu/internal/abykov/projects/ab6_soeren_neuroblastoma/adaptation_for_cemm/raw_data/CnR/outdir/02_alignment/bowtie2/target/markdup/SK-N-SH-MES-YAP_R2.target.markdup.sorted.bam","SK-N-SH-MES-IgG_R2","/nobackup/lab_ccri_bicu/internal/abykov/projects/ab6_soeren_neuroblastoma/adaptation_for_cemm/raw_data/CnR/outdir/02_alignment/bowtie2/target/markdup/SK-N-SH-MES-IgG_R2.target.markdup.sorted.bam","/home/abykov/neuroblastoma/data/CnR/consensus_peaks/SK-N-SH-MES-YAP_R2.macs2_peaks.narrowPeak","narrow","/home/abykov/neuroblastoma/data/CnR/consensus_peaks/SK-N-SH-MES-YAP_R2.macs2_summits.bed",50846
