Plate,Metadata_Well,Drug,Concentration,Metadata_row,Metadata_column,NumberOfCells,NumberOfCells_ADR,NumberOfCells_MES
2214051,A01,IPI-549,1.0,1,1,1559.0,1326.0,233.0
2214051,A02,Perifosine,10.0,1,2,369.0,301.0,68.0
2214051,A03,Alvespimycin (17-DMAG),1.0,1,3,306.0,269.0,37.0
2214051,A04,Apratastat (TMI-005),1.0,1,4,1464.0,1150.0,314.0
2214051,A05,TAK-243 (MLN7243),10.0,1,5,7.0,5.0,2.0
2214051,A06,GSK481,10.0,1,6,1482.0,1193.0,289.0
2214051,A07,Sitravatinib,0.01,1,7,1564.0,1231.0,333.0
2214051,A08,GM6001 (Ilomastat ),0.1,1,8,1581.0,1344.0,237.0
2214051,A09,MIM1,1.0,1,9,1739.0,1351.0,388.0
2214051,A10,6-Aminonicotinamide,0.1,1,10,1557.0,1322.0,235.0
2214051,A11,TAK-243 (MLN7243),0.01,1,11,1572.0,1243.0,329.0
2214051,A12,GSK1070916,0.1,1,12,770.0,648.0,122.0
2214051,A13,DMSO,0.0,1,13,1515.0,1260.0,255.0
2214051,A14,Pladienolide B,1.0,1,14,125.0,103.0,22.0
2214051,A15,Valemetostat,0.1,1,15,1726.0,1403.0,323.0
2214051,A16,Salubrinal,0.01,1,16,1746.0,1440.0,306.0
2214051,A17,CEP-37440,0.1,1,17,1611.0,1266.0,345.0
2214051,A18,IPI-549,0.01,1,18,1561.0,1309.0,252.0
2214051,A19,CPI-455,10.0,1,19,1660.0,1311.0,349.0
2214051,A20,GI254023X,0.1,1,20,1546.0,1284.0,262.0
2214051,A21,Fluvastatin,1.0,1,21,1485.0,1231.0,254.0
2214051,A22,Spautin 1,10.0,1,22,1664.0,1443.0,221.0
2214051,A23,CPI-455,0.01,1,23,1748.0,1483.0,265.0
2214051,A24,Salubrinal,10.0,1,24,844.0,774.0,70.0
2214051,B01,CEP-37440,0.1,2,1,1686.0,1439.0,247.0
2214051,B02,Ezatiostat,1.0,2,2,1551.0,1230.0,321.0
2214051,B03,MAK-683,0.1,2,3,1451.0,1143.0,308.0
2214051,B04,Brequinar,0.01,2,4,1628.0,1299.0,329.0
2214051,B05,BMS493,10.0,2,5,1282.0,962.0,320.0
2214051,B06,ML-210,0.01,2,6,1667.0,1316.0,351.0
2214051,B07,MAK-683,1.0,2,7,1788.0,1296.0,492.0
2214051,B08,"10,12-Tricosadiynoic acid",10.0,2,8,1613.0,1297.0,316.0
2214051,B09,MAK-683,10.0,2,9,1594.0,1278.0,316.0
2214051,B10,6-Aminonicotinamide,10.0,2,10,1639.0,1352.0,287.0
2214051,B11,GSK481,0.1,2,11,1505.0,1212.0,293.0
2214051,B12,GSK1070916,10.0,2,12,236.0,233.0,3.0
2214051,B13,Salinomycin (sodium salt),0.01,2,13,1373.0,1144.0,229.0
2214051,B15,BMS 345541 (trifluoroacetate salt),0.1,2,15,1739.0,1398.0,341.0
2214051,B16,SGI-7079,10.0,2,16,18.0,12.0,6.0
2214051,B17,Brequinar,10.0,2,17,1547.0,1265.0,282.0
2214051,B18,IPI-549,10.0,2,18,1149.0,1005.0,144.0
2214051,B19,GSK481,1.0,2,19,1580.0,1314.0,266.0
2214051,B20,XAV939,0.1,2,20,1689.0,1358.0,331.0
2214051,B21,R428,10.0,2,21,12.0,7.0,5.0
2214051,B22,Alvespimycin (17-DMAG),0.1,2,22,1038.0,803.0,235.0
2214051,B23,IPI-549,0.01,2,23,1587.0,1301.0,286.0
2214051,B24,C188-9,0.01,2,24,1497.0,1236.0,261.0
2214051,C01,Salinomycin (sodium salt),10.0,3,1,84.0,71.0,13.0
2214051,C02,Valemetostat,0.01,3,2,1610.0,1183.0,427.0
2214051,C03,GSK481,0.01,3,3,1462.0,1100.0,362.0
2214051,C04,RD162,0.1,3,4,1788.0,1384.0,404.0
2214051,C05,ML-210,10.0,3,5,499.0,430.0,69.0
2214051,C06,Brusatol,0.1,3,6,585.0,490.0,95.0
2214051,C07,Apratastat (TMI-005),0.1,3,7,1706.0,1345.0,361.0
2214051,C08,Forskolin,10.0,3,8,1784.0,1443.0,341.0
2214051,C09,GI254023X,10.0,3,9,1509.0,1236.0,273.0
2214051,C10,HX531,0.1,3,10,1756.0,1475.0,281.0
2214051,C11,DMSO,0.0,3,11,1548.0,1247.0,301.0
2214051,C12,Salubrinal,0.1,3,12,1975.0,1580.0,395.0
2214051,C13,BMS493,10.0,3,13,1356.0,1035.0,321.0
2214051,C14,(-)-DHMEQ,10.0,3,14,1621.0,1348.0,273.0
2214051,C15,DMSO,0.0,3,15,1711.0,1435.0,276.0
2214051,C16,CPI-455,1.0,3,16,1733.0,1369.0,364.0
2214051,C17,Fluvastatin,1.0,3,17,1522.0,1244.0,278.0
2214051,C18,Crenigacestat,0.01,3,18,2047.0,1627.0,420.0
2214051,C19,Sitravatinib,0.1,3,19,1421.0,1039.0,382.0
2214051,C20,MIM1,10.0,3,20,1194.0,1023.0,171.0
2214051,C21,HX531,1.0,3,21,1362.0,1089.0,273.0
2214051,C22,R428,0.01,3,22,1808.0,1527.0,281.0
2214051,C23,10058-F4,10.0,3,23,1684.0,1397.0,287.0
2214051,C24,R428,0.01,3,24,1648.0,1389.0,259.0
2214051,D01,ML-210,1.0,4,1,821.0,717.0,104.0
2214051,D02,Salubrinal,1.0,4,2,1619.0,1283.0,336.0
2214051,D03,Perifosine,0.1,4,3,1563.0,1202.0,361.0
2214051,D04,CPI-455,0.1,4,4,1705.0,1386.0,319.0
2214051,D05,XAV939,1.0,4,5,1520.0,1199.0,321.0
2214051,D06,LY2109761,0.005,4,6,1851.0,1446.0,405.0
2214051,D07,XAV939,10.0,4,7,1602.0,1345.0,257.0
2214051,D08,HX531,10.0,4,8,1268.0,934.0,334.0
2214051,D09,CEP-37440,1.0,4,9,1103.0,949.0,154.0
2214051,D10,XAV939,0.1,4,10,1807.0,1488.0,319.0
2214051,D11,BIBR 1532,0.01,4,11,1744.0,1427.0,317.0
2214051,D12,DMSO,0.0,4,12,1694.0,1313.0,381.0
2214051,D13,Forskolin,1.0,4,13,1696.0,1370.0,326.0
2214051,D15,Apratastat (TMI-005),10.0,4,15,1686.0,1335.0,351.0
2214051,D16,DMSO,0.0,4,16,1856.0,1480.0,376.0
2214051,D17,Valemetostat,10.0,4,17,1703.0,1397.0,306.0
2214051,D18,Sitravatinib,0.1,4,18,1416.0,1063.0,353.0
2214051,D19,C188-9,10.0,4,19,1072.0,863.0,209.0
2214051,D20,SGI-7079,10.0,4,20,10.0,7.0,3.0
2214051,D21,IPI-549,0.1,4,21,1716.0,1413.0,303.0
2214051,D22,Pladienolide B,0.1,4,22,120.0,96.0,24.0
2214051,D23,HX531,0.1,4,23,1552.0,1238.0,314.0
2214051,D24,RD162,0.01,4,24,1436.0,1212.0,224.0
2214051,E01,Forskolin,1.0,5,1,1637.0,1311.0,326.0
2214051,E02,DMSO,0.0,5,2,1422.0,1054.0,368.0
2214051,E03,Crenigacestat,0.01,5,3,1514.0,1148.0,366.0
2214051,E04,BMS 345541 (trifluoroacetate salt),1.0,5,4,1785.0,1402.0,383.0
2214051,E05,LGK974,0.1,5,5,1786.0,1402.0,384.0
2214051,E06,MIM1,0.01,5,6,1880.0,1517.0,363.0
2214051,E07,MAK-683,0.01,5,7,1589.0,1277.0,312.0
2214051,E08,GI254023X,0.1,5,8,1850.0,1467.0,383.0
2214051,E09,DMSO,0.0,5,9,1667.0,1311.0,356.0
2214051,E10,Forskolin,10.0,5,10,1812.0,1456.0,356.0
2214051,E11,Alvespimycin (17-DMAG),10.0,5,11,46.0,20.0,26.0
2214051,E12,GM6001 (Ilomastat ),0.01,5,12,1746.0,1406.0,340.0
2214051,E16,XAV939,0.01,5,16,1912.0,1545.0,367.0
2214051,E17,DMSO,0.0,5,17,1712.0,1395.0,317.0
2214051,E18,VLX600,0.01,5,18,1820.0,1363.0,457.0
2214051,E19,GSK481,0.1,5,19,1898.0,1500.0,398.0
2214051,E20,SGI-7079,1.0,5,20,294.0,190.0,104.0
2214051,E21,ML-210,0.1,5,21,1723.0,1359.0,364.0
2214051,E22,LOXO-292,10.0,5,22,1614.0,1284.0,330.0
2214051,E23,HX531,0.01,5,23,1736.0,1352.0,384.0
2214051,E24,GI254023X,0.01,5,24,1522.0,1255.0,267.0
2214051,F01,DMSO,0.0,6,1,1546.0,1211.0,335.0
2214051,F02,HX531,10.0,6,2,1235.0,880.0,355.0
2214051,F03,Valemetostat,1.0,6,3,1783.0,1435.0,348.0
2214051,F04,Sitravatinib,1.0,6,4,1027.0,836.0,191.0
2214051,F05,"10,12-Tricosadiynoic acid",10.0,6,5,1742.0,1354.0,388.0
2214051,F06,IPI-549,0.1,6,6,1835.0,1456.0,379.0
2214051,F07,XAV939,1.0,6,7,1714.0,1372.0,342.0
2214051,F08,VLX600,0.1,6,8,1736.0,1381.0,355.0
2214051,F09,(-)-DHMEQ,0.01,6,9,1768.0,1394.0,374.0
2214051,F10,DMSO,0.0,6,10,1844.0,1516.0,328.0
2214051,F11,IPI-549,10.0,6,11,1254.0,1155.0,99.0
2214051,F12,Perifosine,1.0,6,12,1411.0,1145.0,266.0
2214051,F13,Perifosine,1.0,6,13,1714.0,1432.0,282.0
2214051,F14,RD162,0.1,6,14,1833.0,1476.0,357.0
2214051,F15,RD162,1.0,6,15,1852.0,1490.0,362.0
2214051,F16,LY2109761,0.5,6,16,1645.0,1238.0,407.0
2214051,F17,GI254023X,1.0,6,17,1734.0,1413.0,321.0
2214051,F18,DMSO,0.0,6,18,1658.0,1340.0,318.0
2214051,F19,Apratastat (TMI-005),0.01,6,19,1842.0,1476.0,366.0
2214051,F20,Brequinar,0.1,6,20,1610.0,1296.0,314.0
2214051,F21,BMS 345541 (trifluoroacetate salt),0.1,6,21,1777.0,1368.0,409.0
2214051,F22,BMS493,0.1,6,22,1627.0,1226.0,401.0
2214051,F23,CEP-37440,0.01,6,23,1648.0,1341.0,307.0
2214051,F24,Salubrinal,0.1,6,24,1640.0,1418.0,222.0
2214051,G01,Sitravatinib,0.01,7,1,1723.0,1375.0,348.0
2214051,G02,Perifosine,10.0,7,2,802.0,612.0,190.0
2214051,G03,Salubrinal,1.0,7,3,1727.0,1353.0,374.0
2214051,G04,DMSO,0.0,7,4,1671.0,1248.0,423.0
2214051,G05,VLX600,0.1,7,5,1674.0,1355.0,319.0
2214051,G06,BMS493,0.01,7,6,1548.0,1112.0,436.0
2214051,G07,Piperlongumine,0.01,7,7,1602.0,1284.0,318.0
2214051,G08,6-Aminonicotinamide,10.0,7,8,1807.0,1445.0,362.0
2214051,G09,VLX600,0.01,7,9,1783.0,1471.0,312.0
2214051,G10,GM6001 (Ilomastat ),10.0,7,10,1654.0,1303.0,351.0
2214051,G11,C188-9,0.1,7,11,1784.0,1498.0,286.0
2214051,G12,BMS 345541 (trifluoroacetate salt),1.0,7,12,1773.0,1426.0,347.0
2214051,G13,SGI-7079,0.01,7,13,1542.0,1274.0,268.0
2214051,G14,R428,0.1,7,14,1547.0,1211.0,336.0
2214051,G15,Piperlongumine,1.0,7,15,1366.0,1101.0,265.0
2214051,G16,CPI-455,10.0,7,16,1738.0,1414.0,324.0
2214051,G17,6-Aminonicotinamide,0.1,7,17,1709.0,1421.0,288.0
2214051,G18,MAK-683,10.0,7,18,1677.0,1306.0,371.0
2214051,G19,DMSO,0.0,7,19,1714.0,1363.0,351.0
2214051,G20,BMS 345541 (trifluoroacetate salt),0.01,7,20,1710.0,1386.0,324.0
2214051,G21,BIBR 1532,0.01,7,21,1575.0,1260.0,315.0
2214051,G22,Pladienolide B,10.0,7,22,132.0,97.0,35.0
2214051,G23,(-)-DHMEQ,1.0,7,23,1624.0,1335.0,289.0
2214051,G24,Salubrinal,10.0,7,24,1332.0,1164.0,168.0
2214051,H01,LGK974,0.01,8,1,1470.0,1219.0,251.0
2214051,H02,6-Aminonicotinamide,1.0,8,2,1367.0,1042.0,325.0
2214051,H03,DMSO,0.0,8,3,1675.0,1336.0,339.0
2214051,H04,MAK-683,0.01,8,4,1757.0,1355.0,402.0
2214051,H05,GSK481,0.01,8,5,1624.0,1265.0,359.0
2214051,H06,"10,12-Tricosadiynoic acid",0.1,8,6,1629.0,1215.0,414.0
2214051,H07,Fluvastatin,10.0,8,7,1441.0,1194.0,247.0
2214051,H08,TAK-243 (MLN7243),1.0,8,8,4.0,2.0,2.0
2214051,H09,Fluvastatin,10.0,8,9,1302.0,1152.0,150.0
2214051,H11,BIBR 1532,0.1,8,11,1820.0,1457.0,363.0
2214051,H12,LY2109761,0.05,8,12,1772.0,1477.0,295.0
2214051,H13,GM6001 (Ilomastat ),1.0,8,13,1645.0,1389.0,256.0
2214051,H14,LGK974,1.0,8,14,1604.0,1268.0,336.0
2214051,H15,BMS 345541 (trifluoroacetate salt),0.01,8,15,1675.0,1356.0,319.0
2214051,H16,Salinomycin (sodium salt),0.1,8,16,1574.0,1317.0,257.0
2214051,H17,RD162,1.0,8,17,1518.0,1236.0,282.0
2214051,H18,CPI-455,0.1,8,18,1483.0,1200.0,283.0
2214051,H19,Sitravatinib,1.0,8,19,1185.0,1037.0,148.0
2214051,H20,DMSO,0.0,8,20,1792.0,1459.0,333.0
2214051,H21,C188-9,1.0,8,21,1885.0,1523.0,362.0
2214051,H22,LY2109761,5.0,8,22,1213.0,851.0,362.0
2214051,H23,Spautin 1,10.0,8,23,1616.0,1455.0,161.0
2214051,H24,(-)-DHMEQ,0.01,8,24,1575.0,1354.0,221.0
2214051,I01,Piperlongumine,0.01,9,1,1562.0,1246.0,316.0
2214051,I02,6-Aminonicotinamide,0.01,9,2,1711.0,1254.0,457.0
2214051,I03,LY2109761,0.005,9,3,1841.0,1488.0,353.0
2214051,I04,Pladienolide B,1.0,9,4,158.0,113.0,45.0
2214051,I05,C188-9,1.0,9,5,1861.0,1544.0,317.0
2214051,I06,DMSO,0.0,9,6,1844.0,1490.0,354.0
2214051,I07,Spautin 1,0.01,9,7,1830.0,1439.0,391.0
2214051,I08,Brequinar,1.0,9,8,1617.0,1351.0,266.0
2214051,I09,CEP-37440,1.0,9,9,998.0,832.0,166.0
2214051,I10,10058-F4,1.0,9,10,1626.0,1257.0,369.0
2214051,I11,LOXO-292,0.01,9,11,1672.0,1322.0,350.0
2214051,I12,Pladienolide B,0.01,9,12,90.0,63.0,27.0
2214051,I13,TAK-243 (MLN7243),0.01,9,13,1779.0,1439.0,340.0
2214051,I14,Salinomycin (sodium salt),1.0,9,14,480.0,391.0,89.0
2214051,I15,Salubrinal,0.01,9,15,1770.0,1450.0,320.0
2214051,I16,"10,12-Tricosadiynoic acid",0.01,9,16,1777.0,1498.0,279.0
2214051,I17,"10,12-Tricosadiynoic acid",1.0,9,17,1817.0,1468.0,349.0
2214051,I18,(-)-DHMEQ,0.1,9,18,1852.0,1485.0,367.0
2214051,I19,CEP-37440,10.0,9,19,117.0,109.0,8.0
2214051,I20,10058-F4,0.1,9,20,1834.0,1516.0,318.0
2214051,I21,DMSO,0.0,9,21,1724.0,1411.0,313.0
2214051,I22,TAK-243 (MLN7243),10.0,9,22,11.0,3.0,8.0
2214051,I23,LOXO-292,10.0,9,23,1696.0,1372.0,324.0
2214051,I24,Brusatol,10.0,9,24,77.0,64.0,13.0
2214051,J01,Apratastat (TMI-005),0.1,10,1,1516.0,1230.0,286.0
2214051,J02,Ezatiostat,10.0,10,2,1674.0,1344.0,330.0
2214051,J03,LGK974,10.0,10,3,1415.0,1115.0,300.0
2214051,J04,6-Aminonicotinamide,1.0,10,4,1637.0,1332.0,305.0
2214051,J05,DMSO,0.0,10,5,1770.0,1384.0,386.0
2214051,J06,LOXO-292,1.0,10,6,1614.0,1283.0,331.0
2214051,J07,Alvespimycin (17-DMAG),0.01,10,7,1538.0,1195.0,343.0
2214051,J08,Ezatiostat,10.0,10,8,1740.0,1452.0,288.0
2214051,J09,Pladienolide B,10.0,10,9,139.0,103.0,36.0
2214051,J10,Forskolin,0.01,10,10,1814.0,1512.0,302.0
2214051,J11,LGK974,10.0,10,11,1220.0,1028.0,192.0
2214051,J12,Salinomycin (sodium salt),0.1,10,12,1622.0,1361.0,261.0
2214051,J13,Alvespimycin (17-DMAG),0.1,10,13,1070.0,847.0,223.0
2214051,J14,(-)-DHMEQ,10.0,10,14,1517.0,1261.0,256.0
2214051,J15,GSK1070916,0.01,10,15,994.0,822.0,172.0
2214051,J16,Fluvastatin,0.1,10,16,1548.0,1278.0,270.0
2214051,J17,XAV939,0.01,10,17,1637.0,1289.0,348.0
2214051,J18,MIM1,0.01,10,18,1601.0,1284.0,317.0
2214051,J19,10058-F4,0.01,10,19,1609.0,1328.0,281.0
2214051,J20,CEP-37440,10.0,10,20,100.0,93.0,7.0
2214051,J21,R428,1.0,10,21,1530.0,1304.0,226.0
2214051,J22,DMSO,0.0,10,22,1617.0,1225.0,392.0
2214051,J23,IPI-549,1.0,10,23,1569.0,1364.0,205.0
2214051,J24,TAK-243 (MLN7243),1.0,10,24,12.0,6.0,6.0
2214051,K01,Brusatol,0.01,11,1,1405.0,1100.0,305.0
2214051,K02,"10,12-Tricosadiynoic acid",0.01,11,2,1786.0,1441.0,345.0
2214051,K03,6-Aminonicotinamide,0.01,11,3,1615.0,1183.0,432.0
2214051,K04,Valemetostat,0.01,11,4,1811.0,1438.0,373.0
2214051,K05,Crenigacestat,10.0,11,5,1860.0,1373.0,487.0
2214051,K06,Piperlongumine,1.0,11,6,1560.0,1202.0,358.0
2214051,K07,Pladienolide B,0.01,11,7,87.0,62.0,25.0
2214051,K08,DMSO,0.0,11,8,1677.0,1389.0,288.0
2214051,K09,Valemetostat,1.0,11,9,1780.0,1413.0,367.0
2214051,K10,GM6001 (Ilomastat ),0.01,11,10,1762.0,1404.0,358.0
2214051,K11,Brequinar,0.01,11,11,1536.0,1217.0,319.0
2214051,K12,Salinomycin (sodium salt),0.01,11,12,1636.0,1289.0,347.0
2214051,K13,Sitravatinib,10.0,11,13,578.0,556.0,22.0
2214051,K14,SGI-7079,0.01,11,14,1552.0,1161.0,391.0
2214051,K15,Perifosine,0.01,11,15,1599.0,1284.0,315.0
2214051,K16,DMSO,0.0,11,16,1701.0,1392.0,309.0
2214051,K17,Fluvastatin,0.01,11,17,1692.0,1342.0,350.0
2214051,K18,BIBR 1532,1.0,11,18,1587.0,1279.0,308.0
2214051,K19,Crenigacestat,1.0,11,19,1563.0,1157.0,406.0
2214051,K20,Perifosine,0.01,11,20,1808.0,1479.0,329.0
2214051,K21,RD162,10.0,11,21,1670.0,1307.0,363.0
2214051,K22,Salinomycin (sodium salt),10.0,11,22,54.0,35.0,19.0
2214051,K23,DMSO,0.0,11,23,1605.0,1217.0,388.0
2214051,K24,BMS493,1.0,11,24,1305.0,1023.0,282.0
2214051,L01,Brusatol,1.0,12,1,203.0,167.0,36.0
2214051,L02,(-)-DHMEQ,0.1,12,2,1588.0,1228.0,360.0
2214051,L03,GI254023X,10.0,12,3,1553.0,1189.0,364.0
2214051,L04,CPI-455,1.0,12,4,1708.0,1342.0,366.0
2214051,L05,LGK974,0.1,12,5,1799.0,1462.0,337.0
2214051,L06,SGI-7079,1.0,12,6,246.0,182.0,64.0
2214051,L07,DMSO,0.0,12,7,1711.0,1372.0,339.0
2214051,L08,Salinomycin (sodium salt),1.0,12,8,303.0,251.0,52.0
2214051,L09,Alvespimycin (17-DMAG),1.0,12,9,269.0,243.0,26.0
2214051,L10,C188-9,0.01,12,10,1567.0,1279.0,288.0
2214051,L11,(-)-DHMEQ,1.0,12,11,1753.0,1390.0,363.0
2214051,L12,ML-210,0.1,12,12,1316.0,1104.0,212.0
2214051,L13,BMS493,0.1,12,13,1363.0,994.0,369.0
2214051,L14,LOXO-292,0.1,12,14,1618.0,1297.0,321.0
2214051,L15,DMSO,0.0,12,15,1552.0,1254.0,298.0
2214051,L16,BIBR 1532,0.1,12,16,1860.0,1612.0,248.0
2214051,L17,BMS 345541 (trifluoroacetate salt),10.0,12,17,48.0,35.0,13.0
2214051,L18,MAK-683,1.0,12,18,1719.0,1341.0,378.0
2214051,L19,10058-F4,0.1,12,19,1695.0,1360.0,335.0
2214051,L20,SGI-7079,0.1,12,20,1371.0,1026.0,345.0
2214051,L21,GSK1070916,1.0,12,21,666.0,574.0,92.0
2214051,L22,Piperlongumine,0.1,12,22,1724.0,1408.0,316.0
2214051,L23,Apratastat (TMI-005),1.0,12,23,1817.0,1453.0,364.0
2214051,L24,DMSO,0.0,12,24,1548.0,1300.0,248.0
2214051,M01,CEP-37440,0.01,13,1,1535.0,1194.0,341.0
2214051,M03,GI254023X,1.0,13,3,1588.0,1222.0,366.0
2214051,M04,C188-9,10.0,13,4,1062.0,878.0,184.0
2214051,M05,MIM1,0.1,13,5,1722.0,1383.0,339.0
2214051,M06,RD162,0.01,13,6,1630.0,1307.0,323.0
2214051,M07,Forskolin,0.1,13,7,1568.0,1203.0,365.0
2214051,M08,ML-210,0.01,13,8,1656.0,1315.0,341.0
2214051,M09,Spautin 1,1.0,13,9,1630.0,1308.0,322.0
2214051,M10,DMSO,0.0,13,10,1770.0,1370.0,400.0
2214051,M11,"10,12-Tricosadiynoic acid",0.1,13,11,1626.0,1320.0,306.0
2214051,M12,MIM1,0.1,13,12,1630.0,1310.0,320.0
2214051,M13,Alvespimycin (17-DMAG),10.0,13,13,23.0,18.0,5.0
2214051,M14,DMSO,0.0,13,14,1617.0,1315.0,302.0
2214051,M15,Piperlongumine,0.1,13,15,1598.0,1244.0,354.0
2214051,M16,Ezatiostat,0.1,13,16,1768.0,1494.0,274.0
2214051,M17,BIBR 1532,10.0,13,17,1773.0,1426.0,347.0
2214051,M18,CPI-455,0.01,13,18,1736.0,1391.0,345.0
2214051,M19,XAV939,10.0,13,19,1449.0,1183.0,266.0
2214051,M20,SGI-7079,0.1,13,20,1450.0,1103.0,347.0
2214051,M21,Apratastat (TMI-005),0.01,13,21,1582.0,1261.0,321.0
2214051,M22,TAK-243 (MLN7243),0.1,13,22,57.0,34.0,23.0
2214051,M23,Forskolin,0.01,13,23,1765.0,1404.0,361.0
2214051,M24,Spautin 1,1.0,13,24,1594.0,1358.0,236.0
2214051,N01,Brusatol,0.1,14,1,499.0,416.0,83.0
2214051,N02,LGK974,1.0,14,2,1470.0,1127.0,343.0
2214051,N03,Spautin 1,0.1,14,3,1355.0,1010.0,345.0
2214051,N04,10058-F4,1.0,14,4,1536.0,1218.0,318.0
2214051,N05,LY2109761,0.05,14,5,1468.0,1121.0,347.0
2214051,N06,Crenigacestat,0.1,14,6,1460.0,1096.0,364.0
2214051,N07,LOXO-292,0.1,14,7,1474.0,1144.0,330.0
2214051,N08,Spautin 1,0.1,14,8,1445.0,1072.0,373.0
2214051,N09,DMSO,0.0,14,9,1745.0,1390.0,355.0
2214051,N10,C188-9,0.1,14,10,1686.0,1355.0,331.0
2214051,N11,Sitravatinib,10.0,14,11,644.0,593.0,51.0
2214051,N12,Brusatol,1.0,14,12,207.0,174.0,33.0
2214051,N13,DMSO,0.0,14,13,1526.0,1197.0,329.0
2214051,N14,Brequinar,1.0,14,14,1488.0,1197.0,291.0
2214051,N15,GI254023X,0.01,14,15,1718.0,1238.0,480.0
2214051,N17,Ezatiostat,1.0,14,17,1731.0,1472.0,259.0
2214051,N18,LGK974,0.01,14,18,1611.0,1277.0,334.0
2214051,N19,GSK1070916,10.0,14,19,203.0,193.0,10.0
2214051,N20,Piperlongumine,10.0,14,20,7.0,1.0,6.0
2214051,N21,R428,0.1,14,21,1443.0,1147.0,296.0
2214051,N22,10058-F4,0.01,14,22,1647.0,1337.0,310.0
2214051,N23,Ezatiostat,0.1,14,23,1535.0,1206.0,329.0
2214051,N24,BMS493,0.01,14,24,1196.0,991.0,205.0
2214051,O01,LOXO-292,1.0,15,1,1426.0,1148.0,278.0
2214051,O02,GM6001 (Ilomastat ),0.1,15,2,1629.0,1292.0,337.0
2214051,O05,GSK481,10.0,15,5,1451.0,1145.0,306.0
2214051,O06,BMS493,1.0,15,6,1388.0,985.0,403.0
2214051,O07,ML-210,10.0,15,7,561.0,454.0,107.0
2214051,O08,HX531,1.0,15,8,1243.0,921.0,322.0
2214051,O10,RD162,10.0,15,10,1249.0,936.0,313.0
2214051,O11,Brusatol,0.01,15,11,1404.0,1137.0,267.0
2214051,O12,DMSO,0.0,15,12,1531.0,1178.0,353.0
2214051,O13,Alvespimycin (17-DMAG),0.01,15,13,1490.0,1159.0,331.0
2214051,O14,BIBR 1532,1.0,15,14,1416.0,1176.0,240.0
2214051,O15,Crenigacestat,0.1,15,15,1548.0,1209.0,339.0
2214051,O16,ML-210,1.0,15,16,935.0,781.0,154.0
2214051,O17,Ezatiostat,0.01,15,17,1465.0,1186.0,279.0
2214051,O18,GSK1070916,0.01,15,18,922.0,754.0,168.0
2214051,O19,Crenigacestat,1.0,15,19,1646.0,1282.0,364.0
2214051,O20,Crenigacestat,10.0,15,20,1588.0,1244.0,344.0
2214051,O21,Brequinar,10.0,15,21,1165.0,911.0,254.0
2214051,O22,Valemetostat,10.0,15,22,1637.0,1292.0,345.0
2214051,O23,10058-F4,10.0,15,23,1378.0,1145.0,233.0
2214051,O24,MIM1,10.0,15,24,1147.0,1001.0,146.0
2214051,P01,Fluvastatin,0.1,16,1,1168.0,967.0,201.0
2214051,P02,GSK1070916,0.1,16,2,658.0,548.0,110.0
2214051,P03,VLX600,1.0,16,3,43.0,18.0,25.0
2214051,P04,Piperlongumine,10.0,16,4,4.0,2.0,2.0
2214051,P05,GSK481,1.0,16,5,1494.0,1209.0,285.0
2214051,P06,Pladienolide B,0.1,16,6,119.0,87.0,32.0
2214051,P07,Brusatol,10.0,16,7,90.0,79.0,11.0
2214051,P08,"10,12-Tricosadiynoic acid",1.0,16,8,1504.0,1199.0,305.0
2214051,P09,Forskolin,0.1,16,9,1462.0,1225.0,237.0
2214051,P10,TAK-243 (MLN7243),0.1,16,10,28.0,21.0,7.0
2214051,P11,DMSO,0.0,16,11,1465.0,1191.0,274.0
2214051,P12,LY2109761,5.0,16,12,1026.0,722.0,304.0
2214051,P13,Apratastat (TMI-005),10.0,16,13,1288.0,1040.0,248.0
2214051,P14,R428,10.0,16,14,1038.0,885.0,153.0
2214051,P15,Perifosine,0.1,16,15,1463.0,1199.0,264.0
2214051,P16,Ezatiostat,0.01,16,16,1510.0,1185.0,325.0
2214051,P17,GSK1070916,1.0,16,17,651.0,574.0,77.0
2214051,P18,LOXO-292,0.01,16,18,1496.0,1251.0,245.0
2214051,P19,BMS 345541 (trifluoroacetate salt),10.0,16,19,55.0,36.0,19.0
2214051,P20,GM6001 (Ilomastat ),1.0,16,20,1413.0,1192.0,221.0
2214051,P21,R428,1.0,16,21,1327.0,1111.0,216.0
2214051,P22,GM6001 (Ilomastat ),10.0,16,22,1448.0,1188.0,260.0
2214051,P23,Brequinar,0.1,16,23,1555.0,1272.0,283.0
2214051,P24,HX531,0.01,16,24,1369.0,1136.0,233.0
2214052,A01,Ritlecitinib,1.0,1,1,1369.0,1091.0,278.0
2214052,A02,Daidzin,10.0,1,2,1556.0,1224.0,332.0
2214052,A03,AM-0902,1.0,1,3,1502.0,1126.0,376.0
2214052,A04,AZD0156,1.0,1,4,1472.0,1126.0,346.0
2214052,A05,K-975,10.0,1,5,518.0,361.0,157.0
2214052,A06,Pralsetinib,10.0,1,6,835.0,722.0,113.0
2214052,A07,Verteporfin,0.001,1,7,1566.0,1121.0,445.0
2214052,A08,PF-3758309,0.1,1,8,725.0,584.0,141.0
2214052,A09,Withaferin A,1.0,1,9,6.0,3.0,3.0
2214052,A10,6-thio-dG,0.1,1,10,1502.0,1209.0,293.0
2214052,A11,K-975,0.01,1,11,1416.0,1106.0,310.0
2214052,A12,Pictilisib,0.1,1,12,1694.0,1406.0,288.0
2214052,A13,DMSO,0.0,1,13,1608.0,1226.0,382.0
2214052,A14,4-Diethylaminobenzaldehyde,1.0,1,14,1426.0,1064.0,362.0
2214052,A15,Navitoclax,0.1,1,15,1022.0,767.0,255.0
2214052,A17,Halofuginone,0.1,1,17,1154.0,947.0,207.0
2214052,A18,Ritlecitinib,0.01,1,18,1679.0,1300.0,379.0
2214052,A19,Isotretinoin,10.0,1,19,1655.0,1492.0,163.0
2214052,A20,Nirogacestat,0.1,1,20,1804.0,1486.0,318.0
2214052,A21,MLN120B,1.0,1,21,1631.0,1206.0,425.0
2214052,A22,A-1331852,10.0,1,22,97.0,65.0,32.0
2214052,A23,Isotretinoin,0.01,1,23,1679.0,1406.0,273.0
2214052,A24,IKK inhibitor VII,10.0,1,24,6.0,2.0,4.0
2214052,B01,Halofuginone,0.1,2,1,1210.0,1031.0,179.0
2214052,B02,ML385,1.0,2,2,1551.0,1102.0,449.0
2214052,B03,Vistusertib,0.1,2,3,1306.0,1034.0,272.0
2214052,B04,Erdafitinib,0.01,2,4,1447.0,1116.0,331.0
2214052,B05,"DL-Buthionine-(S,R)-sulfoximine",3.0,2,5,1417.0,946.0,471.0
2214052,B06,2-DG,0.01,2,6,1599.0,1003.0,596.0
2214052,B07,Vistusertib,1.0,2,7,754.0,580.0,174.0
2214052,B08,Idasanutlin,10.0,2,8,16.0,4.0,12.0
2214052,B09,Vistusertib,10.0,2,9,475.0,410.0,65.0
2214052,B10,6-thio-dG,10.0,2,10,928.0,664.0,264.0
2214052,B11,Pralsetinib,0.1,2,11,1360.0,975.0,385.0
2214052,B12,Pictilisib,10.0,2,12,1274.0,1067.0,207.0
2214052,B13,Doxycycline hyclate,0.01,2,13,1508.0,1190.0,318.0
2214052,B14,DMSO,0.0,2,14,1566.0,1201.0,365.0
2214052,B15,CYC065 (Fadraciclib),0.1,2,15,1410.0,1074.0,336.0
2214052,B16,RSL3,10.0,2,16,5.0,2.0,3.0
2214052,B17,Erdafitinib,10.0,2,17,718.0,605.0,113.0
2214052,B18,Ritlecitinib,10.0,2,18,1480.0,1113.0,367.0
2214052,B19,Pralsetinib,1.0,2,19,1358.0,1053.0,305.0
2214052,B20,Indisulam,0.1,2,20,698.0,507.0,191.0
2214052,B21,Ascorbic acid,10.0,2,21,1411.0,1064.0,347.0
2214052,B22,AM-0902,0.1,2,22,1649.0,1251.0,398.0
2214052,B23,Ritlecitinib,0.01,2,23,1629.0,1277.0,352.0
2214052,B24,GKT136901,0.01,2,24,1583.0,1303.0,280.0
2214052,C01,Doxycycline hyclate,10.0,3,1,1602.0,1265.0,337.0
2214052,C02,Navitoclax,0.01,3,2,1661.0,1139.0,522.0
2214052,C03,Pralsetinib,0.01,3,3,1524.0,1052.0,472.0
2214052,C04,Bafilomycin A1,0.0,3,4,1825.0,1339.0,486.0
2214052,C05,2-DG,10.0,3,5,1617.0,1126.0,491.0
2214052,C06,Galunisertib,0.1,3,6,1733.0,1280.0,453.0
2214052,C07,AZD0156,0.1,3,7,1876.0,1223.0,653.0
2214052,C08,Napabucasin,10.0,3,8,2.0,2.0,0.0
2214052,C09,Nirogacestat,10.0,3,9,1351.0,1061.0,290.0
2214052,C10,Ravoxertinib,0.1,3,10,1734.0,1315.0,419.0
2214052,C11,DMSO,0.0,3,11,1548.0,1142.0,406.0
2214052,C12,IKK inhibitor VII,0.1,3,12,1502.0,1161.0,341.0
2214052,C13,"DL-Buthionine-(S,R)-sulfoximine",3.0,3,13,1391.0,1060.0,331.0
2214052,C14,CPI-613,10.0,3,14,1477.0,1019.0,458.0
2214052,C15,DMSO,0.0,3,15,1578.0,1221.0,357.0
2214052,C16,Isotretinoin,1.0,3,16,1771.0,1553.0,218.0
2214052,C17,MLN120B,1.0,3,17,1718.0,1357.0,361.0
2214052,C18,Lorlatinib,0.01,3,18,1591.0,1226.0,365.0
2214052,C19,Verteporfin,0.01,3,19,1648.0,1247.0,401.0
2214052,C20,Withaferin A,10.0,3,20,21.0,4.0,17.0
2214052,C21,Ravoxertinib,1.0,3,21,1427.0,1097.0,330.0
2214052,C22,Ascorbic acid,0.01,3,22,1528.0,1163.0,365.0
2214052,C23,Palifosfamide,10.0,3,23,1077.0,764.0,313.0
2214052,C24,Ascorbic acid,0.01,3,24,1711.0,1348.0,363.0
2214052,D01,2-DG,1.0,4,1,1529.0,1205.0,324.0
2214052,D02,IKK inhibitor VII,1.0,4,2,1494.0,1089.0,405.0
2214052,D03,Daidzin,0.1,4,3,1482.0,1076.0,406.0
2214052,D04,Isotretinoin,0.1,4,4,1796.0,1624.0,172.0
2214052,D05,Indisulam,1.0,4,5,118.0,22.0,96.0
2214052,D06,Vactosertib,0.01,4,6,1532.0,1137.0,395.0
2214052,D07,Indisulam,10.0,4,7,85.0,38.0,47.0
2214052,D08,Ravoxertinib,10.0,4,8,540.0,366.0,174.0
2214052,D09,Halofuginone,1.0,4,9,284.0,228.0,56.0
2214052,D10,Indisulam,0.1,4,10,804.0,573.0,231.0
2214052,D11,CB-103,0.01,4,11,1645.0,1258.0,387.0
2214052,D12,DMSO,0.0,4,12,1729.0,1319.0,410.0
2214052,D13,Napabucasin,1.0,4,13,78.0,58.0,20.0
2214052,D14,A-1331852,0.01,4,14,1548.0,1199.0,349.0
2214052,D15,AZD0156,10.0,4,15,789.0,638.0,151.0
2214052,D16,DMSO,0.0,4,16,1672.0,1282.0,390.0
2214052,D17,Navitoclax,10.0,4,17,47.0,6.0,41.0
2214052,D18,Verteporfin,0.01,4,18,1683.0,1292.0,391.0
2214052,D19,GKT136901,10.0,4,19,1645.0,1246.0,399.0
2214052,D20,RSL3,10.0,4,20,12.0,1.0,11.0
2214052,D21,Ritlecitinib,0.1,4,21,1431.0,1112.0,319.0
2214052,D22,4-Diethylaminobenzaldehyde,0.1,4,22,1544.0,1214.0,330.0
2214052,D23,Ravoxertinib,0.1,4,23,1760.0,1356.0,404.0
2214052,D24,Bafilomycin A1,0.0,4,24,1533.0,1273.0,260.0
2214052,E01,Napabucasin,1.0,5,1,66.0,55.0,11.0
2214052,E02,DMSO,0.0,5,2,1535.0,1041.0,494.0
2214052,E03,Lorlatinib,0.01,5,3,1641.0,1120.0,521.0
2214052,E04,CYC065 (Fadraciclib),1.0,5,4,197.0,139.0,58.0
2214052,E05,Sulfopin,0.1,5,5,1768.0,1272.0,496.0
2214052,E06,Withaferin A,0.01,5,6,1572.0,1096.0,476.0
2214052,E07,Vistusertib,0.01,5,7,1695.0,1212.0,483.0
2214052,E08,Nirogacestat,0.1,5,8,1696.0,1247.0,449.0
2214052,E09,DMSO,0.0,5,9,1704.0,1223.0,481.0
2214052,E10,Napabucasin,10.0,5,10,0.0,0.0,0.0
2214052,E11,AM-0902,10.0,5,11,1479.0,1136.0,343.0
2214052,E12,PF-3758309,0.01,5,12,1319.0,1102.0,217.0
2214052,E13,Withaferin A,1.0,5,13,7.0,2.0,5.0
2214052,E14,Vactosertib,1.0,5,14,1390.0,991.0,399.0
2214052,E15,Vistusertib,0.1,5,15,1536.0,1238.0,298.0
2214052,E16,Indisulam,0.01,5,16,1601.0,1165.0,436.0
2214052,E17,DMSO,0.0,5,17,1598.0,1223.0,375.0
2214052,E18,Obatoclax,0.01,5,18,1856.0,1333.0,523.0
2214052,E19,Pralsetinib,0.1,5,19,1592.0,1169.0,423.0
2214052,E20,RSL3,1.0,5,20,612.0,505.0,107.0
2214052,E21,2-DG,0.1,5,21,1566.0,1121.0,445.0
2214052,E22,Tomivosertib,10.0,5,22,1504.0,1130.0,374.0
2214052,E23,Ravoxertinib,0.01,5,23,1633.0,1301.0,332.0
2214052,E24,Nirogacestat,0.01,5,24,1663.0,1355.0,308.0
2214052,F01,DMSO,0.0,6,1,1470.0,1127.0,343.0
2214052,F02,Ravoxertinib,10.0,6,2,557.0,275.0,282.0
2214052,F04,Verteporfin,0.1,6,4,1428.0,970.0,458.0
2214052,F05,Idasanutlin,10.0,6,5,19.0,6.0,13.0
2214052,F06,Ritlecitinib,0.1,6,6,1476.0,1037.0,439.0
2214052,F07,Indisulam,1.0,6,7,86.0,46.0,40.0
2214052,F08,Obatoclax,0.1,6,8,1715.0,1433.0,282.0
2214052,F09,CPI-613,0.01,6,9,1596.0,1147.0,449.0
2214052,F10,DMSO,0.0,6,10,1583.0,1165.0,418.0
2214052,F11,Ritlecitinib,10.0,6,11,1443.0,1059.0,384.0
2214052,F12,Daidzin,1.0,6,12,1621.0,1240.0,381.0
2214052,F13,Daidzin,1.0,6,13,1648.0,1314.0,334.0
2214052,F14,Bafilomycin A1,0.0,6,14,1656.0,1208.0,448.0
2214052,F15,Bafilomycin A1,0.0,6,15,624.0,524.0,100.0
2214052,F16,Vactosertib,1.0,6,16,1359.0,971.0,388.0
2214052,F17,Nirogacestat,1.0,6,17,1675.0,1308.0,367.0
2214052,F18,DMSO,0.0,6,18,1699.0,1294.0,405.0
2214052,F19,AZD0156,0.01,6,19,1666.0,1295.0,371.0
2214052,F21,CYC065 (Fadraciclib),0.1,6,21,1602.0,1166.0,436.0
2214052,F22,"DL-Buthionine-(S,R)-sulfoximine",0.03,6,22,1670.0,1235.0,435.0
2214052,F23,Halofuginone,0.01,6,23,1745.0,1326.0,419.0
2214052,F24,IKK inhibitor VII,0.1,6,24,1515.0,1189.0,326.0
2214052,G01,Verteporfin,0.001,7,1,1367.0,965.0,402.0
2214052,G02,Daidzin,10.0,7,2,1383.0,848.0,535.0
2214052,G03,IKK inhibitor VII,1.0,7,3,1354.0,870.0,484.0
2214052,G04,DMSO,0.0,7,4,1567.0,1171.0,396.0
2214052,G05,Obatoclax,0.1,7,5,1534.0,1171.0,363.0
2214052,G06,"DL-Buthionine-(S,R)-sulfoximine",0.003,7,6,1557.0,1080.0,477.0
2214052,G07,LCL-161,0.01,7,7,1453.0,1060.0,393.0
2214052,G08,6-thio-dG,10.0,7,8,654.0,471.0,183.0
2214052,G09,Obatoclax,0.01,7,9,1432.0,999.0,433.0
2214052,G10,PF-3758309,10.0,7,10,122.0,103.0,19.0
2214052,G11,GKT136901,0.1,7,11,1519.0,1179.0,340.0
2214052,G12,CYC065 (Fadraciclib),1.0,7,12,163.0,132.0,31.0
2214052,G13,RSL3,0.01,7,13,1473.0,1137.0,336.0
2214052,G14,Ascorbic acid,0.1,7,14,1697.0,1132.0,565.0
2214052,G15,LCL-161,1.0,7,15,1702.0,1276.0,426.0
2214052,G16,Isotretinoin,10.0,7,16,1310.0,1174.0,136.0
2214052,G17,6-thio-dG,0.1,7,17,1646.0,1211.0,435.0
2214052,G18,Vistusertib,10.0,7,18,494.0,436.0,58.0
2214052,G19,DMSO,0.0,7,19,1553.0,1181.0,372.0
2214052,G21,CB-103,0.01,7,21,1461.0,1068.0,393.0
2214052,G22,4-Diethylaminobenzaldehyde,10.0,7,22,1658.0,1279.0,379.0
2214052,G23,CPI-613,1.0,7,23,1485.0,1128.0,357.0
2214052,G24,IKK inhibitor VII,10.0,7,24,7.0,4.0,3.0
2214052,H01,Sulfopin,0.01,8,1,1319.0,1019.0,300.0
2214052,H02,6-thio-dG,1.0,8,2,1415.0,840.0,575.0
2214052,H03,DMSO,0.0,8,3,1487.0,1082.0,405.0
2214052,H04,Vistusertib,0.01,8,4,1280.0,922.0,358.0
2214052,H05,Pralsetinib,0.01,8,5,1490.0,1042.0,448.0
2214052,H06,Idasanutlin,0.1,8,6,881.0,602.0,279.0
2214052,H07,MLN120B,10.0,8,7,1620.0,1178.0,442.0
2214052,H08,K-975,1.0,8,8,1353.0,1038.0,315.0
2214052,H09,MLN120B,10.0,8,9,1410.0,1116.0,294.0
2214052,H10,MLN120B,0.01,8,10,1367.0,963.0,404.0
2214052,H11,CB-103,0.1,8,11,1667.0,1262.0,405.0
2214052,H12,Vactosertib,0.1,8,12,1460.0,1176.0,284.0
2214052,H13,PF-3758309,1.0,8,13,279.0,184.0,95.0
2214052,H14,Sulfopin,1.0,8,14,1327.0,1095.0,232.0
2214052,H15,CYC065 (Fadraciclib),0.01,8,15,1541.0,1222.0,319.0
2214052,H16,Doxycycline hyclate,0.1,8,16,1593.0,1265.0,328.0
2214052,H17,Bafilomycin A1,0.0,8,17,573.0,461.0,112.0
2214052,H18,Isotretinoin,0.1,8,18,1736.0,1512.0,224.0
2214052,H19,Verteporfin,0.1,8,19,1584.0,1196.0,388.0
2214052,H20,DMSO,0.0,8,20,1480.0,1115.0,365.0
2214052,H21,GKT136901,1.0,8,21,1477.0,1171.0,306.0
2214052,H22,Vactosertib,10.0,8,22,992.0,621.0,371.0
2214052,H23,A-1331852,10.0,8,23,69.0,41.0,28.0
2214052,H24,CPI-613,0.01,8,24,1615.0,1275.0,340.0
2214052,I01,LCL-161,0.01,9,1,1336.0,1048.0,288.0
2214052,I02,6-thio-dG,0.01,9,2,1551.0,1113.0,438.0
2214052,I03,Vactosertib,0.01,9,3,1577.0,1059.0,518.0
2214052,I04,4-Diethylaminobenzaldehyde,1.0,9,4,1599.0,1167.0,432.0
2214052,I05,GKT136901,1.0,9,5,1680.0,1169.0,511.0
2214052,I06,DMSO,0.0,9,6,1611.0,1175.0,436.0
2214052,I07,A-1331852,0.01,9,7,1522.0,1018.0,504.0
2214052,I08,Erdafitinib,1.0,9,8,1394.0,1143.0,251.0
2214052,I09,Halofuginone,1.0,9,9,233.0,153.0,80.0
2214052,I10,Palifosfamide,1.0,9,10,1573.0,1197.0,376.0
2214052,I11,Tomivosertib,0.01,9,11,1613.0,1245.0,368.0
2214052,I12,4-Diethylaminobenzaldehyde,0.01,9,12,1624.0,1302.0,322.0
2214052,I13,K-975,0.01,9,13,1616.0,1331.0,285.0
2214052,I14,Doxycycline hyclate,1.0,9,14,1603.0,1249.0,354.0
2214052,I15,IKK inhibitor VII,0.01,9,15,1709.0,1347.0,362.0
2214052,I16,Idasanutlin,0.01,9,16,1471.0,1169.0,302.0
2214052,I17,Idasanutlin,1.0,9,17,249.0,158.0,91.0
2214052,I18,CPI-613,0.1,9,18,1634.0,1328.0,306.0
2214052,I19,Halofuginone,10.0,9,19,100.0,90.0,10.0
2214052,I20,Palifosfamide,0.1,9,20,1703.0,1336.0,367.0
2214052,I21,DMSO,0.0,9,21,1517.0,1163.0,354.0
2214052,I22,K-975,10.0,9,22,636.0,439.0,197.0
2214052,I23,Tomivosertib,10.0,9,23,1510.0,1128.0,382.0
2214052,I24,Galunisertib,10.0,9,24,1278.0,951.0,327.0
2214052,J01,AZD0156,0.1,10,1,1499.0,1152.0,347.0
2214052,J02,ML385,10.0,10,2,1314.0,844.0,470.0
2214052,J03,Sulfopin,10.0,10,3,1166.0,865.0,301.0
2214052,J04,6-thio-dG,1.0,10,4,1674.0,1266.0,408.0
2214052,J05,DMSO,0.0,10,5,1463.0,1017.0,446.0
2214052,J06,Tomivosertib,1.0,10,6,1566.0,1040.0,526.0
2214052,J07,AM-0902,0.01,10,7,1580.0,1179.0,401.0
2214052,J08,ML385,10.0,10,8,1128.0,895.0,233.0
2214052,J09,4-Diethylaminobenzaldehyde,10.0,10,9,1711.0,1319.0,392.0
2214052,J10,Napabucasin,0.01,10,10,1638.0,1223.0,415.0
2214052,J11,Sulfopin,10.0,10,11,1431.0,1172.0,259.0
2214052,J12,Doxycycline hyclate,0.1,10,12,1597.0,1188.0,409.0
2214052,J13,AM-0902,0.1,10,13,1575.0,1271.0,304.0
2214052,J14,CPI-613,10.0,10,14,1509.0,1095.0,414.0
2214052,J15,Pictilisib,0.01,10,15,1609.0,1319.0,290.0
2214052,J16,MLN120B,0.1,10,16,1615.0,1292.0,323.0
2214052,J17,Indisulam,0.01,10,17,1499.0,1159.0,340.0
2214052,J18,Withaferin A,0.01,10,18,1681.0,1175.0,506.0
2214052,J19,Palifosfamide,0.01,10,19,1521.0,1101.0,420.0
2214052,J20,Halofuginone,10.0,10,20,147.0,125.0,22.0
2214052,J21,Ascorbic acid,1.0,10,21,1710.0,1293.0,417.0
2214052,J22,DMSO,0.0,10,22,1619.0,1189.0,430.0
2214052,J23,Ritlecitinib,1.0,10,23,1515.0,1101.0,414.0
2214052,J24,K-975,1.0,10,24,1498.0,1259.0,239.0
2214052,K01,Galunisertib,0.01,11,1,1435.0,1017.0,418.0
2214052,K02,Idasanutlin,0.01,11,2,1382.0,964.0,418.0
2214052,K03,6-thio-dG,0.01,11,3,1725.0,1123.0,602.0
2214052,K04,Navitoclax,0.01,11,4,1550.0,1206.0,344.0
2214052,K05,Lorlatinib,10.0,11,5,752.0,602.0,150.0
2214052,K06,LCL-161,1.0,11,6,1712.0,1226.0,486.0
2214052,K07,4-Diethylaminobenzaldehyde,0.01,11,7,1602.0,1123.0,479.0
2214052,K08,DMSO,0.0,11,8,1795.0,1363.0,432.0
2214052,K09,Navitoclax,1.0,11,9,60.0,33.0,27.0
2214052,K10,PF-3758309,0.01,11,10,1047.0,842.0,205.0
2214052,K11,Erdafitinib,0.01,11,11,1356.0,1006.0,350.0
2214052,K12,Doxycycline hyclate,0.01,11,12,1588.0,1228.0,360.0
2214052,K13,Verteporfin,1.0,11,13,1609.0,1234.0,375.0
2214052,K14,RSL3,0.01,11,14,1363.0,1020.0,343.0
2214052,K15,Daidzin,0.01,11,15,1527.0,1210.0,317.0
2214052,K16,DMSO,0.0,11,16,1622.0,1280.0,342.0
2214052,K17,MLN120B,0.01,11,17,1633.0,1246.0,387.0
2214052,K18,CB-103,1.0,11,18,1372.0,1073.0,299.0
2214052,K19,Lorlatinib,1.0,11,19,1148.0,896.0,252.0
2214052,K20,Daidzin,0.01,11,20,1602.0,1182.0,420.0
2214052,K21,Bafilomycin A1,0.0,11,21,361.0,317.0,44.0
2214052,K22,Doxycycline hyclate,10.0,11,22,1483.0,1070.0,413.0
2214052,K23,DMSO,0.0,11,23,1443.0,1050.0,393.0
2214052,K24,"DL-Buthionine-(S,R)-sulfoximine",0.3,11,24,1447.0,1129.0,318.0
2214052,L01,Galunisertib,1.0,12,1,1370.0,1015.0,355.0
2214052,L02,CPI-613,0.1,12,2,1549.0,943.0,606.0
2214052,L03,Nirogacestat,10.0,12,3,1494.0,1073.0,421.0
2214052,L04,Isotretinoin,1.0,12,4,1697.0,1535.0,162.0
2214052,L05,Sulfopin,0.1,12,5,1398.0,867.0,531.0
2214052,L06,RSL3,1.0,12,6,543.0,422.0,121.0
2214052,L07,DMSO,0.0,12,7,1674.0,1176.0,498.0
2214052,L08,Doxycycline hyclate,1.0,12,8,1525.0,1068.0,457.0
2214052,L09,AM-0902,1.0,12,9,1458.0,1059.0,399.0
2214052,L10,GKT136901,0.01,12,10,1428.0,1070.0,358.0
2214052,L11,CPI-613,1.0,12,11,1552.0,1215.0,337.0
2214052,L12,2-DG,0.1,12,12,1567.0,1171.0,396.0
2214052,L13,"DL-Buthionine-(S,R)-sulfoximine",0.03,12,13,1482.0,1086.0,396.0
2214052,L14,Tomivosertib,0.1,12,14,1476.0,1153.0,323.0
2214052,L15,DMSO,0.0,12,15,1651.0,1316.0,335.0
2214052,L16,CB-103,0.1,12,16,1655.0,1337.0,318.0
2214052,L17,CYC065 (Fadraciclib),10.0,12,17,216.0,139.0,77.0
2214052,L18,Vistusertib,1.0,12,18,736.0,638.0,98.0
2214052,L19,Palifosfamide,0.1,12,19,1596.0,1160.0,436.0
2214052,L20,RSL3,0.1,12,20,1070.0,861.0,209.0
2214052,L21,Pictilisib,1.0,12,21,1382.0,1132.0,250.0
2214052,L22,LCL-161,0.1,12,22,1587.0,1148.0,439.0
2214052,L23,AZD0156,1.0,12,23,1674.0,1294.0,380.0
2214052,L24,DMSO,0.0,12,24,1528.0,1214.0,314.0
2214052,M01,Halofuginone,0.01,13,1,1505.0,1193.0,312.0
2214052,M03,Nirogacestat,1.0,13,3,1674.0,1089.0,585.0
2214052,M04,GKT136901,10.0,13,4,1608.0,1176.0,432.0
2214052,M05,Withaferin A,0.1,13,5,1086.0,868.0,218.0
2214052,M06,Bafilomycin A1,0.0,13,6,1465.0,964.0,501.0
2214052,M07,Napabucasin,0.1,13,7,1584.0,1193.0,391.0
2214052,M08,2-DG,0.01,13,8,1382.0,978.0,404.0
2214052,M09,A-1331852,1.0,13,9,985.0,653.0,332.0
2214052,M10,DMSO,0.0,13,10,1560.0,1162.0,398.0
2214052,M11,Idasanutlin,0.1,13,11,898.0,688.0,210.0
2214052,M12,Withaferin A,0.1,13,12,1244.0,1020.0,224.0
2214052,M13,AM-0902,10.0,13,13,1498.0,1122.0,376.0
2214052,M14,DMSO,0.0,13,14,1371.0,953.0,418.0
2214052,M15,LCL-161,0.1,13,15,1538.0,1158.0,380.0
2214052,M16,ML385,0.1,13,16,1440.0,1106.0,334.0
2214052,M17,CB-103,10.0,13,17,578.0,482.0,96.0
2214052,M18,Isotretinoin,0.01,13,18,1882.0,1463.0,419.0
2214052,M19,Indisulam,10.0,13,19,99.0,36.0,63.0
2214052,M20,RSL3,0.1,13,20,1050.0,826.0,224.0
2214052,M21,AZD0156,0.01,13,21,1612.0,1205.0,407.0
2214052,M22,K-975,0.1,13,22,1658.0,1244.0,414.0
2214052,M23,Napabucasin,0.01,13,23,1520.0,1132.0,388.0
2214052,M24,A-1331852,1.0,13,24,1019.0,798.0,221.0
2214052,N01,Galunisertib,0.1,14,1,1341.0,1049.0,292.0
2214052,N02,Sulfopin,1.0,14,2,1406.0,967.0,439.0
2214052,N03,A-1331852,0.1,14,3,1301.0,768.0,533.0
2214052,N04,Palifosfamide,1.0,14,4,1224.0,836.0,388.0
2214052,N05,Vactosertib,0.1,14,5,1587.0,1010.0,577.0
2214052,N06,Lorlatinib,0.1,14,6,1186.0,869.0,317.0
2214052,N07,Tomivosertib,0.1,14,7,1437.0,943.0,494.0
2214052,N08,A-1331852,0.1,14,8,1266.0,910.0,356.0
2214052,N09,DMSO,0.0,14,9,1464.0,1028.0,436.0
2214052,N10,GKT136901,0.1,14,10,1461.0,995.0,466.0
2214052,N11,Verteporfin,1.0,14,11,1464.0,1018.0,446.0
2214052,N12,Galunisertib,1.0,14,12,1395.0,1057.0,338.0
2214052,N13,DMSO,0.0,14,13,1520.0,1066.0,454.0
2214052,N14,Erdafitinib,1.0,14,14,1358.0,1048.0,310.0
2214052,N15,Nirogacestat,0.01,14,15,1341.0,944.0,397.0
2214052,N16,CB-103,10.0,14,16,533.0,412.0,121.0
2214052,N17,ML385,1.0,14,17,1400.0,1096.0,304.0
2214052,N18,Sulfopin,0.01,14,18,1506.0,1126.0,380.0
2214052,N19,Pictilisib,10.0,14,19,1099.0,927.0,172.0
2214052,N20,LCL-161,10.0,14,20,1701.0,1300.0,401.0
2214052,N21,Ascorbic acid,0.1,14,21,1583.0,1060.0,523.0
2214052,N22,Palifosfamide,0.01,14,22,1641.0,1182.0,459.0
2214052,N23,ML385,0.1,14,23,1529.0,1110.0,419.0
2214052,N24,"DL-Buthionine-(S,R)-sulfoximine",0.003,14,24,1569.0,1220.0,349.0
2214052,O01,Tomivosertib,1.0,15,1,1393.0,1073.0,320.0
2214052,O02,PF-3758309,0.1,15,2,628.0,448.0,180.0
2214052,O04,Navitoclax,0.1,15,4,867.0,532.0,335.0
2214052,O05,Pralsetinib,10.0,15,5,729.0,559.0,170.0
2214052,O06,"DL-Buthionine-(S,R)-sulfoximine",0.3,15,6,1528.0,972.0,556.0
2214052,O08,Ravoxertinib,1.0,15,8,1322.0,846.0,476.0
2214052,O10,Bafilomycin A1,0.0,15,10,426.0,351.0,75.0
2214052,O11,Galunisertib,0.01,15,11,1449.0,1004.0,445.0
2214052,O12,DMSO,0.0,15,12,1529.0,982.0,547.0
2214052,O13,AM-0902,0.01,15,13,1532.0,1171.0,361.0
2214052,O14,CB-103,1.0,15,14,1346.0,1033.0,313.0
2214052,O15,Lorlatinib,0.1,15,15,1043.0,826.0,217.0
2214052,O16,2-DG,1.0,15,16,1546.0,1174.0,372.0
2214052,O17,ML385,0.01,15,17,1583.0,1189.0,394.0
2214052,O18,Pictilisib,0.01,15,18,1553.0,1159.0,394.0
2214052,O19,Lorlatinib,1.0,15,19,1146.0,926.0,220.0
2214052,O20,Lorlatinib,10.0,15,20,839.0,636.0,203.0
2214052,O21,Erdafitinib,10.0,15,21,859.0,724.0,135.0
2214052,O22,Navitoclax,10.0,15,22,24.0,8.0,16.0
2214052,O23,Palifosfamide,10.0,15,23,1045.0,667.0,378.0
2214052,O24,Withaferin A,10.0,15,24,18.0,2.0,16.0
2214052,P01,MLN120B,0.1,16,1,1199.0,857.0,342.0
2214052,P02,Pictilisib,0.1,16,2,1444.0,1176.0,268.0
2214052,P04,LCL-161,10.0,16,4,1572.0,1281.0,291.0
2214052,P05,Pralsetinib,1.0,16,5,1523.0,1205.0,318.0
2214052,P06,4-Diethylaminobenzaldehyde,0.1,16,6,1385.0,1023.0,362.0
2214052,P07,Galunisertib,10.0,16,7,1278.0,877.0,401.0
2214052,P08,Idasanutlin,1.0,16,8,625.0,465.0,160.0
2214052,P09,Napabucasin,0.1,16,9,1587.0,1207.0,380.0
2214052,P10,K-975,0.1,16,10,1384.0,1066.0,318.0
2214052,P11,DMSO,0.0,16,11,1560.0,1179.0,381.0
2214052,P12,Vactosertib,10.0,16,12,952.0,645.0,307.0
2214052,P13,AZD0156,10.0,16,13,675.0,575.0,100.0
2214052,P14,Ascorbic acid,10.0,16,14,1552.0,1236.0,316.0
2214052,P15,Daidzin,0.1,16,15,1228.0,915.0,313.0
2214052,P16,ML385,0.01,16,16,1581.0,1167.0,414.0
2214052,P17,Pictilisib,1.0,16,17,966.0,804.0,162.0
2214052,P18,Tomivosertib,0.01,16,18,1552.0,1139.0,413.0
2214052,P19,CYC065 (Fadraciclib),10.0,16,19,161.0,122.0,39.0
2214052,P20,PF-3758309,1.0,16,20,229.0,180.0,49.0
2214052,P21,Ascorbic acid,1.0,16,21,1481.0,1144.0,337.0
2214052,P22,PF-3758309,10.0,16,22,66.0,51.0,15.0
2214052,P23,Erdafitinib,0.1,16,23,1401.0,1100.0,301.0
2214052,P24,Ravoxertinib,0.01,16,24,1319.0,1095.0,224.0
2214053,A01,Alisertib,1.0,1,1,631.0,452.0,179.0
2214053,A02,Vismodegib,20.0,1,2,1330.0,1032.0,298.0
2214053,A03,Thioguanine,1.0,1,3,1619.0,1074.0,545.0
2214053,A04,Seclidemstat,1.0,1,4,672.0,470.0,202.0
2214053,A05,Vincristine,20.0,1,5,320.0,243.0,77.0
2214053,A06,JQ1-(+),9.0,1,6,615.0,475.0,140.0
2214053,A07,I-BET762,0.01,1,7,1563.0,1063.0,500.0
2214053,A08,Cediranib,0.1,1,8,1488.0,1095.0,393.0
2214053,A09,MLN0128,1.0,1,9,455.0,341.0,114.0
2214053,A10,Telaglenastat,0.1,1,10,1651.0,1210.0,441.0
2214053,A11,Vincristine,0.02,1,11,1481.0,1078.0,403.0
2214053,A12,Semaxanib,0.1,1,12,1752.0,1252.0,500.0
2214053,A13,DMSO,0.0,1,13,1781.0,1357.0,424.0
2214053,A14,Cisplatin,2.0,1,14,1541.0,1081.0,460.0
2214053,A15,Vemurafenib,0.2,1,15,1548.0,1076.0,472.0
2214053,A16,ORY1001,0.01,1,16,1654.0,1323.0,331.0
2214053,A17,Veliparib,0.1,1,17,1504.0,1115.0,389.0
2214053,A18,Alisertib,0.01,1,18,1795.0,1387.0,408.0
2214053,A19,Ceritinib,10.0,1,19,162.0,138.0,24.0
2214053,A20,Temsirolimus,0.2,1,20,1334.0,1099.0,235.0
2214053,A21,Erlotinib,2.0,1,21,1497.0,991.0,506.0
2214053,A22,EPZ-5676,10.0,1,22,1656.0,1048.0,608.0
2214053,A23,Ceritinib,0.01,1,23,1623.0,1311.0,312.0
2214053,A24,ORY1001,10.0,1,24,1425.0,1290.0,135.0
2214053,B01,Veliparib,0.1,2,1,1640.0,1344.0,296.0
2214053,B02,Masitinib,1.0,2,2,1558.0,1053.0,505.0
2214053,B03,Pacritinib,0.1,2,3,1486.0,1095.0,391.0
2214053,B04,Carfilzomib,0.0,2,4,1350.0,981.0,369.0
2214053,B05,trametinib,10.0,2,5,1473.0,1018.0,455.0
2214053,B06,Vandetanib,0.02,2,6,1818.0,1137.0,681.0
2214053,B07,Pacritinib,1.0,2,7,1447.0,1059.0,388.0
2214053,B08,6-Mercaptopurine,20.0,2,8,1557.0,1168.0,389.0
2214053,B10,Telaglenastat,10.0,2,10,1551.0,1078.0,473.0
2214053,B11,JQ1-(+),0.09,2,11,1447.0,981.0,466.0
2214053,B12,Semaxanib,10.0,2,12,1506.0,1130.0,376.0
2214053,B13,Lestaurtinib,0.01,2,13,1489.0,1141.0,348.0
2214053,B14,DMSO,0.0,2,14,1454.0,991.0,463.0
2214053,B15,A-485,0.1,2,15,1230.0,949.0,281.0
2214053,B16,Alitretinoin,20.0,2,16,1605.0,1303.0,302.0
2214053,B17,Carfilzomib,0.0,2,17,1496.0,1126.0,370.0
2214053,B18,Alisertib,10.0,2,18,563.0,330.0,233.0
2214053,B19,JQ1-(+),0.9,2,19,921.0,766.0,155.0
2214053,B20,Bexarotene,0.2,2,20,1657.0,1251.0,406.0
2214053,B21,Regorafenib,20.0,2,21,1398.0,1031.0,367.0
2214053,B22,Thioguanine,0.1,2,22,1496.0,1166.0,330.0
2214053,B23,Alisertib,0.01,2,23,1466.0,1157.0,309.0
2214053,B24,Olaparib,0.01,2,24,1600.0,1314.0,286.0
2214053,C01,Lestaurtinib,10.0,3,1,177.0,145.0,32.0
2214053,C02,Vemurafenib,0.02,3,2,1426.0,936.0,490.0
2214053,C03,JQ1-(+),0.009,3,3,1284.0,825.0,459.0
2214053,C04,Neratinib,0.1,3,4,1633.0,1168.0,465.0
2214053,C05,Vandetanib,20.0,3,5,1178.0,919.0,259.0
2214053,C06,Idelalisib,0.1,3,6,1577.0,1060.0,517.0
2214053,C07,Seclidemstat,0.1,3,7,1628.0,1014.0,614.0
2214053,C08,Ruxolitinib,20.0,3,8,1320.0,915.0,405.0
2214053,C09,Temsirolimus,20.0,3,9,961.0,722.0,239.0
2214053,C10,Ixazomib,0.1,3,10,656.0,491.0,165.0
2214053,C11,DMSO,0.0,3,11,1457.0,1126.0,331.0
2214053,C12,ORY1001,0.1,3,12,1526.0,1229.0,297.0
2214053,C13,trametinib,10.0,3,13,1361.0,1028.0,333.0
2214053,C14,Chloroquine,18.0,3,14,1719.0,1122.0,597.0
2214053,C15,DMSO,0.0,3,15,1631.0,1174.0,457.0
2214053,C16,Ceritinib,1.0,3,16,744.0,635.0,109.0
2214053,C17,Erlotinib,2.0,3,17,1531.0,1121.0,410.0
2214053,C18,Afatinib,0.01,3,18,1666.0,1068.0,598.0
2214053,C19,I-BET762,0.1,3,19,1648.0,1162.0,486.0
2214053,C20,MLN0128,10.0,3,20,346.0,298.0,48.0
2214053,C21,Ixazomib,1.0,3,21,57.0,30.0,27.0
2214053,C22,Regorafenib,0.02,3,22,1495.0,1162.0,333.0
2214053,C23,Cerivastatin,20.0,3,23,104.0,82.0,22.0
2214053,C24,Regorafenib,0.02,3,24,1837.0,1470.0,367.0
2214053,D01,Vandetanib,2.0,4,1,1637.0,1215.0,422.0
2214053,D02,ORY1001,1.0,4,2,1386.0,1031.0,355.0
2214053,D03,Vismodegib,0.2,4,3,1483.0,934.0,549.0
2214053,D04,Ceritinib,0.1,4,4,1503.0,1133.0,370.0
2214053,D05,Bexarotene,2.0,4,5,1530.0,1033.0,497.0
2214053,D06,TAK-733,0.01,4,6,1466.0,1032.0,434.0
2214053,D07,Bexarotene,20.0,4,7,1587.0,1093.0,494.0
2214053,D08,Ixazomib,10.0,4,8,23.0,11.0,12.0
2214053,D09,Veliparib,1.0,4,9,1506.0,941.0,565.0
2214053,D10,Bexarotene,0.2,4,10,1659.0,1251.0,408.0
2214053,D11,Dicumarol (Bishydroxycoumarin),0.01,4,11,1738.0,1167.0,571.0
2214053,D12,DMSO,0.0,4,12,1564.0,1108.0,456.0
2214053,D13,Ruxolitinib,2.0,4,13,1352.0,818.0,534.0
2214053,D14,EPZ-5676,0.01,4,14,1715.0,1227.0,488.0
2214053,D15,Seclidemstat,10.0,4,15,47.0,13.0,34.0
2214053,D16,DMSO,0.0,4,16,1484.0,1059.0,425.0
2214053,D17,Vemurafenib,20.0,4,17,1488.0,1165.0,323.0
2214053,D18,I-BET762,0.1,4,18,1660.0,1129.0,531.0
2214053,D19,Olaparib,10.0,4,19,877.0,543.0,334.0
2214053,D20,Alitretinoin,20.0,4,20,1589.0,1288.0,301.0
2214053,D21,Alisertib,0.1,4,21,752.0,537.0,215.0
2214053,D22,Cisplatin,0.2,4,22,1538.0,1148.0,390.0
2214053,D23,Ixazomib,0.1,4,23,776.0,565.0,211.0
2214053,D24,Neratinib,0.01,4,24,1674.0,1331.0,343.0
2214053,E01,Ruxolitinib,2.0,5,1,1599.0,1235.0,364.0
2214053,E02,DMSO,0.0,5,2,1598.0,1032.0,566.0
2214053,E03,Afatinib,0.01,5,3,1647.0,995.0,652.0
2214053,E05,Motesanib,0.1,5,5,1620.0,1045.0,575.0
2214053,E06,MLN0128,0.01,5,6,1681.0,1056.0,625.0
2214053,E07,Pacritinib,0.01,5,7,1562.0,996.0,566.0
2214053,E08,Temsirolimus,0.2,5,8,1161.0,933.0,228.0
2214053,E09,DMSO,0.0,5,9,1488.0,1008.0,480.0
2214053,E10,Ruxolitinib,20.0,5,10,1320.0,826.0,494.0
2214053,E11,Thioguanine,10.0,5,11,106.0,30.0,76.0
2214053,E12,Cediranib,0.01,5,12,1573.0,1122.0,451.0
2214053,E13,MLN0128,1.0,5,13,468.0,402.0,66.0
2214053,E14,TAK-733,1.0,5,14,1038.0,923.0,115.0
2214053,E15,Pacritinib,0.1,5,15,1561.0,1116.0,445.0
2214053,E16,Bexarotene,0.02,5,16,1631.0,1185.0,446.0
2214053,E17,DMSO,0.0,5,17,1802.0,1320.0,482.0
2214053,E18,Tretinoin,0.02,5,18,1573.0,1032.0,541.0
2214053,E19,JQ1-(+),0.09,5,19,1415.0,1025.0,390.0
2214053,E20,Alitretinoin,2.0,5,20,1699.0,1252.0,447.0
2214053,E21,Vandetanib,0.2,5,21,1491.0,1051.0,440.0
2214053,E22,Crizotinib,20.0,5,22,4.0,1.0,3.0
2214053,E23,Ixazomib,0.01,5,23,1623.0,1201.0,422.0
2214053,E24,Temsirolimus,0.02,5,24,1438.0,1198.0,240.0
2214053,F01,DMSO,0.0,6,1,1366.0,979.0,387.0
2214053,F02,Ixazomib,10.0,6,2,29.0,6.0,23.0
2214053,F03,Vemurafenib,2.0,6,3,1486.0,1044.0,442.0
2214053,F04,I-BET762,1.0,6,4,1318.0,905.0,413.0
2214053,F05,6-Mercaptopurine,20.0,6,5,1629.0,1023.0,606.0
2214053,F06,Alisertib,0.1,6,6,740.0,461.0,279.0
2214053,F07,Bexarotene,2.0,6,7,1535.0,1082.0,453.0
2214053,F08,Tretinoin,0.2,6,8,1674.0,1226.0,448.0
2214053,F09,Chloroquine,0.009,6,9,1680.0,1108.0,572.0
2214053,F10,DMSO,0.0,6,10,1601.0,1128.0,473.0
2214053,F11,Alisertib,10.0,6,11,575.0,338.0,237.0
2214053,F12,Vismodegib,2.0,6,12,1594.0,1208.0,386.0
2214053,F13,Vismodegib,2.0,6,13,1595.0,1182.0,413.0
2214053,F14,Neratinib,0.1,6,14,1574.0,1078.0,496.0
2214053,F15,Neratinib,1.0,6,15,1570.0,1118.0,452.0
2214053,F16,TAK-733,1.0,6,16,1080.0,963.0,117.0
2214053,F17,Temsirolimus,2.0,6,17,1219.0,1058.0,161.0
2214053,F18,DMSO,0.0,6,18,1618.0,1169.0,449.0
2214053,F19,Seclidemstat,0.01,6,19,1633.0,1245.0,388.0
2214053,F20,Carfilzomib,0.0,6,20,1541.0,1089.0,452.0
2214053,F21,A-485,0.1,6,21,1283.0,813.0,470.0
2214053,F22,trametinib,0.1,6,22,1614.0,1167.0,447.0
2214053,F23,Veliparib,0.01,6,23,1680.0,1343.0,337.0
2214053,F24,ORY1001,0.1,6,24,1327.0,1119.0,208.0
2214053,G01,I-BET762,0.01,7,1,1344.0,925.0,419.0
2214053,G02,Vismodegib,20.0,7,2,1259.0,716.0,543.0
2214053,G03,ORY1001,1.0,7,3,1313.0,873.0,440.0
2214053,G04,DMSO,0.0,7,4,1511.0,1086.0,425.0
2214053,G05,Tretinoin,0.2,7,5,1650.0,997.0,653.0
2214053,G06,trametinib,0.01,7,6,1445.0,894.0,551.0
2214053,G07,Cabozantinib,0.02,7,7,1431.0,959.0,472.0
2214053,G08,Telaglenastat,10.0,7,8,1470.0,1074.0,396.0
2214053,G09,Tretinoin,0.02,7,9,1609.0,1114.0,495.0
2214053,G10,Cediranib,10.0,7,10,762.0,687.0,75.0
2214053,G11,Olaparib,0.1,7,11,1421.0,1020.0,401.0
2214053,G12,A-485,1.0,7,12,323.0,197.0,126.0
2214053,G14,Regorafenib,0.2,7,14,1630.0,1023.0,607.0
2214053,G15,Cabozantinib,2.0,7,15,1288.0,845.0,443.0
2214053,G16,Ceritinib,10.0,7,16,96.0,87.0,9.0
2214053,G17,Telaglenastat,0.1,7,17,1581.0,1129.0,452.0
2214053,G18,Pacritinib,10.0,7,18,694.0,580.0,114.0
2214053,G19,DMSO,0.0,7,19,1410.0,1027.0,383.0
2214053,G20,A-485,0.01,7,20,1446.0,1136.0,310.0
2214053,G21,Dicumarol (Bishydroxycoumarin),0.01,7,21,1731.0,1204.0,527.0
2214053,G22,Cisplatin,20.0,7,22,1347.0,1010.0,337.0
2214053,G23,Chloroquine,1.8,7,23,1483.0,1098.0,385.0
2214053,G24,ORY1001,10.0,7,24,1463.0,1245.0,218.0
2214053,H01,Motesanib,0.01,8,1,1411.0,1038.0,373.0
2214053,H02,Telaglenastat,1.0,8,2,1464.0,921.0,543.0
2214053,H03,DMSO,0.0,8,3,1534.0,1034.0,500.0
2214053,H04,Pacritinib,0.01,8,4,1449.0,1012.0,437.0
2214053,H05,JQ1-(+),0.009,8,5,1409.0,908.0,501.0
2214053,H06,6-Mercaptopurine,0.1,8,6,1576.0,1075.0,501.0
2214053,H07,Erlotinib,20.0,8,7,1048.0,638.0,410.0
2214053,H08,Vincristine,2.0,8,8,286.0,199.0,87.0
2214053,H09,Erlotinib,20.0,8,9,970.0,760.0,210.0
2214053,H10,Erlotinib,0.02,8,10,1447.0,1002.0,445.0
2214053,H11,Dicumarol (Bishydroxycoumarin),0.1,8,11,1612.0,1153.0,459.0
2214053,H12,TAK-733,0.1,8,12,1647.0,1283.0,364.0
2214053,H13,Cediranib,1.0,8,13,1415.0,1109.0,306.0
2214053,H14,Motesanib,1.0,8,14,1757.0,1388.0,369.0
2214053,H15,A-485,0.01,8,15,1444.0,1110.0,334.0
2214053,H16,Lestaurtinib,0.1,8,16,1428.0,1117.0,311.0
2214053,H17,Neratinib,1.0,8,17,1548.0,1162.0,386.0
2214053,H18,Ceritinib,0.1,8,18,1346.0,1063.0,283.0
2214053,H19,I-BET762,1.0,8,19,1277.0,945.0,332.0
2214053,H20,DMSO,0.0,8,20,1481.0,1070.0,411.0
2214053,H21,Olaparib,1.0,8,21,1489.0,1096.0,393.0
2214053,H22,TAK-733,10.0,8,22,1177.0,1075.0,102.0
2214053,H23,EPZ-5676,10.0,8,23,1425.0,994.0,431.0
2214053,H24,Chloroquine,0.009,8,24,1382.0,1110.0,272.0
2214053,I01,Cabozantinib,0.02,9,1,1473.0,1131.0,342.0
2214053,I02,Telaglenastat,0.01,9,2,1587.0,1033.0,554.0
2214053,I03,TAK-733,0.01,9,3,1273.0,789.0,484.0
2214053,I04,Cisplatin,2.0,9,4,1412.0,767.0,645.0
2214053,I05,Olaparib,1.0,9,5,1535.0,912.0,623.0
2214053,I06,DMSO,0.0,9,6,1443.0,883.0,560.0
2214053,I07,EPZ-5676,0.01,9,7,1535.0,951.0,584.0
2214053,I08,Carfilzomib,0.0,9,8,1604.0,1242.0,362.0
2214053,I09,Veliparib,1.0,9,9,1542.0,1012.0,530.0
2214053,I10,Cerivastatin,2.0,9,10,751.0,609.0,142.0
2214053,I11,Crizotinib,0.02,9,11,1545.0,1150.0,395.0
2214053,I12,Cisplatin,0.02,9,12,1494.0,1076.0,418.0
2214053,I13,Vincristine,0.02,9,13,664.0,515.0,149.0
2214053,I14,Lestaurtinib,1.0,9,14,864.0,456.0,408.0
2214053,I15,ORY1001,0.01,9,15,1625.0,1286.0,339.0
2214053,I16,6-Mercaptopurine,0.01,9,16,1648.0,1299.0,349.0
2214053,I17,6-Mercaptopurine,2.0,9,17,1546.0,1113.0,433.0
2214053,I18,Chloroquine,0.09,9,18,1657.0,1265.0,392.0
2214053,I19,Veliparib,10.0,9,19,1497.0,1005.0,492.0
2214053,I20,Cerivastatin,0.1,9,20,1356.0,1035.0,321.0
2214053,I21,DMSO,0.0,9,21,1644.0,1157.0,487.0
2214053,I22,Vincristine,20.0,9,22,386.0,277.0,109.0
2214053,I23,Crizotinib,20.0,9,23,6.0,0.0,6.0
2214053,I24,Idelalisib,10.0,9,24,1504.0,1224.0,280.0
2214053,J01,Seclidemstat,0.1,10,1,1384.0,1054.0,330.0
2214053,J02,Masitinib,10.0,10,2,1399.0,1020.0,379.0
2214053,J03,Motesanib,10.0,10,3,1545.0,911.0,634.0
2214053,J04,Telaglenastat,1.0,10,4,1695.0,1274.0,421.0
2214053,J05,DMSO,0.0,10,5,1557.0,968.0,589.0
2214053,J06,Crizotinib,2.0,10,6,484.0,347.0,137.0
2214053,J07,Thioguanine,0.01,10,7,1496.0,1067.0,429.0
2214053,J08,Masitinib,10.0,10,8,1505.0,1233.0,272.0
2214053,J09,Cisplatin,20.0,10,9,1323.0,1014.0,309.0
2214053,J10,Ruxolitinib,0.02,10,10,1553.0,1110.0,443.0
2214053,J11,Motesanib,10.0,10,11,1478.0,1141.0,337.0
2214053,J12,Lestaurtinib,0.1,10,12,1665.0,1209.0,456.0
2214053,J13,Thioguanine,0.1,10,13,1617.0,1217.0,400.0
2214053,J14,Chloroquine,18.0,10,14,1583.0,1194.0,389.0
2214053,J15,Semaxanib,0.01,10,15,1607.0,1223.0,384.0
2214053,J16,Erlotinib,0.2,10,16,1536.0,1136.0,400.0
2214053,J17,Bexarotene,0.02,10,17,1545.0,1141.0,404.0
2214053,J18,MLN0128,0.01,10,18,1517.0,916.0,601.0
2214053,J19,Cerivastatin,0.01,10,19,1589.0,1096.0,493.0
2214053,J20,Veliparib,10.0,10,20,1449.0,1161.0,288.0
2214053,J21,Regorafenib,2.0,10,21,1733.0,1264.0,469.0
2214053,J22,DMSO,0.0,10,22,1616.0,1155.0,461.0
2214053,J23,Alisertib,1.0,10,23,692.0,457.0,235.0
2214053,J24,Vincristine,2.0,10,24,266.0,179.0,87.0
2214053,K01,Idelalisib,0.01,11,1,1427.0,1042.0,385.0
2214053,K02,6-Mercaptopurine,0.01,11,2,1444.0,1020.0,424.0
2214053,K03,Telaglenastat,0.01,11,3,1546.0,834.0,712.0
2214053,K04,Vemurafenib,0.02,11,4,1718.0,1185.0,533.0
2214053,K05,Afatinib,10.0,11,5,211.0,171.0,40.0
2214053,K06,Cabozantinib,2.0,11,6,1308.0,862.0,446.0
2214053,K07,Cisplatin,0.02,11,7,1589.0,1091.0,498.0
2214053,K08,DMSO,0.0,11,8,1678.0,1260.0,418.0
2214053,K09,Vemurafenib,2.0,11,9,1588.0,1070.0,518.0
2214053,K10,Cediranib,0.01,11,10,1482.0,1074.0,408.0
2214053,K11,Carfilzomib,0.0,11,11,1625.0,1219.0,406.0
2214053,K12,Lestaurtinib,0.01,11,12,1424.0,1041.0,383.0
2214053,K13,I-BET762,10.0,11,13,898.0,673.0,225.0
2214053,K14,Alitretinoin,0.02,11,14,1509.0,1105.0,404.0
2214053,K15,Vismodegib,0.02,11,15,1552.0,1211.0,341.0
2214053,K16,DMSO,0.0,11,16,1611.0,1173.0,438.0
2214053,K17,Erlotinib,0.02,11,17,1485.0,997.0,488.0
2214053,K18,Dicumarol (Bishydroxycoumarin),1.0,11,18,1639.0,1110.0,529.0
2214053,K19,Afatinib,1.0,11,19,1674.0,1293.0,381.0
2214053,K20,Vismodegib,0.02,11,20,1563.0,1135.0,428.0
2214053,K21,Neratinib,10.0,11,21,1252.0,950.0,302.0
2214053,K22,Lestaurtinib,10.0,11,22,188.0,169.0,19.0
2214053,K23,DMSO,0.0,11,23,1612.0,1119.0,493.0
2214053,K24,trametinib,1.0,11,24,1437.0,1135.0,302.0
2214053,L01,Idelalisib,1.0,12,1,1584.0,1162.0,422.0
2214053,L02,Chloroquine,0.09,12,2,1427.0,885.0,542.0
2214053,L03,Temsirolimus,20.0,12,3,868.0,588.0,280.0
2214053,L04,Ceritinib,1.0,12,4,716.0,631.0,85.0
2214053,L05,Motesanib,0.1,12,5,1467.0,960.0,507.0
2214053,L06,Alitretinoin,2.0,12,6,1618.0,1166.0,452.0
2214053,L07,DMSO,0.0,12,7,1553.0,1128.0,425.0
2214053,L08,Lestaurtinib,1.0,12,8,845.0,401.0,444.0
2214053,L09,Thioguanine,1.0,12,9,1220.0,857.0,363.0
2214053,L10,Olaparib,0.01,12,10,1405.0,1000.0,405.0
2214053,L11,Chloroquine,1.8,12,11,1492.0,1100.0,392.0
2214053,L12,Vandetanib,0.2,12,12,1622.0,1281.0,341.0
2214053,L13,trametinib,0.1,12,13,1545.0,1082.0,463.0
2214053,L14,Crizotinib,0.2,12,14,1432.0,1054.0,378.0
2214053,L15,DMSO,0.0,12,15,1630.0,1197.0,433.0
2214053,L16,Dicumarol (Bishydroxycoumarin),0.1,12,16,1545.0,1161.0,384.0
2214053,L17,A-485,10.0,12,17,106.0,51.0,55.0
2214053,L18,Pacritinib,1.0,12,18,1496.0,1124.0,372.0
2214053,L19,Cerivastatin,0.1,12,19,1502.0,1163.0,339.0
2214053,L20,Alitretinoin,0.2,12,20,1542.0,1092.0,450.0
2214053,L21,Semaxanib,1.0,12,21,1727.0,1253.0,474.0
2214053,L22,Cabozantinib,0.2,12,22,1437.0,912.0,525.0
2214053,L23,Seclidemstat,1.0,12,23,473.0,364.0,109.0
2214053,L24,DMSO,0.0,12,24,1585.0,1233.0,352.0
2214053,M01,Veliparib,0.01,13,1,1474.0,1128.0,346.0
2214053,M02,Tretinoin,20.0,13,2,1355.0,1015.0,340.0
2214053,M03,Temsirolimus,2.0,13,3,1073.0,815.0,258.0
2214053,M04,Olaparib,10.0,13,4,772.0,520.0,252.0
2214053,M05,MLN0128,0.1,13,5,1036.0,810.0,226.0
2214053,M06,Neratinib,0.01,13,6,1334.0,912.0,422.0
2214053,M07,Ruxolitinib,0.2,13,7,1575.0,1190.0,385.0
2214053,M08,Vandetanib,0.02,13,8,1631.0,1133.0,498.0
2214053,M09,EPZ-5676,1.0,13,9,1511.0,1033.0,478.0
2214053,M10,DMSO,0.0,13,10,1712.0,1176.0,536.0
2214053,M11,6-Mercaptopurine,0.1,13,11,1624.0,1130.0,494.0
2214053,M12,MLN0128,0.1,13,12,1019.0,717.0,302.0
2214053,M14,DMSO,0.0,13,14,1490.0,956.0,534.0
2214053,M15,Cabozantinib,0.2,13,15,1486.0,1051.0,435.0
2214053,M16,Masitinib,0.1,13,16,1484.0,1143.0,341.0
2214053,M17,Dicumarol (Bishydroxycoumarin),10.0,13,17,1516.0,1145.0,371.0
2214053,M18,Ceritinib,0.01,13,18,1801.0,1144.0,657.0
2214053,M19,Bexarotene,20.0,13,19,1752.0,1259.0,493.0
2214053,M20,Alitretinoin,0.2,13,20,1625.0,1205.0,420.0
2214053,M21,Seclidemstat,0.01,13,21,1520.0,1092.0,428.0
2214053,M23,Ruxolitinib,0.02,13,23,1540.0,1104.0,436.0
2214053,M24,EPZ-5676,1.0,13,24,1493.0,1163.0,330.0
2214053,N01,Idelalisib,0.1,14,1,1448.0,1079.0,369.0
2214053,N02,Motesanib,1.0,14,2,1611.0,1106.0,505.0
2214053,N03,EPZ-5676,0.1,14,3,1524.0,942.0,582.0
2214053,N04,Cerivastatin,2.0,14,4,690.0,511.0,179.0
2214053,N05,TAK-733,0.1,14,5,1359.0,874.0,485.0
2214053,N06,Afatinib,0.1,14,6,1463.0,1046.0,417.0
2214053,N07,Crizotinib,0.2,14,7,1476.0,972.0,504.0
2214053,N08,EPZ-5676,0.1,14,8,1523.0,982.0,541.0
2214053,N09,DMSO,0.0,14,9,1480.0,977.0,503.0
2214053,N10,Olaparib,0.1,14,10,1410.0,936.0,474.0
2214053,N12,Idelalisib,1.0,14,12,1532.0,1074.0,458.0
2214053,N13,DMSO,0.0,14,13,1529.0,1148.0,381.0
2214053,N14,Carfilzomib,0.0,14,14,1470.0,1032.0,438.0
2214053,N15,Temsirolimus,0.02,14,15,1233.0,911.0,322.0
2214053,N16,Dicumarol (Bishydroxycoumarin),10.0,14,16,1421.0,1014.0,407.0
2214053,N17,Masitinib,1.0,14,17,1495.0,1100.0,395.0
2214053,N18,Motesanib,0.01,14,18,1408.0,934.0,474.0
2214053,N19,Semaxanib,10.0,14,19,1752.0,1322.0,430.0
2214053,N21,Regorafenib,0.2,14,21,1566.0,1099.0,467.0
2214053,N22,Cerivastatin,0.01,14,22,1316.0,849.0,467.0
2214053,N23,Masitinib,0.1,14,23,1440.0,1014.0,426.0
2214053,N24,trametinib,0.01,14,24,1660.0,1318.0,342.0
2214053,O01,Crizotinib,2.0,15,1,570.0,459.0,111.0
2214053,O02,Cediranib,0.1,15,2,1197.0,849.0,348.0
2214053,O03,Tretinoin,2.0,15,3,1562.0,1186.0,376.0
2214053,O04,Vemurafenib,0.2,15,4,1417.0,984.0,433.0
2214053,O06,trametinib,1.0,15,6,1412.0,921.0,491.0
2214053,O07,Vandetanib,20.0,15,7,1155.0,796.0,359.0
2214053,O08,Ixazomib,1.0,15,8,72.0,25.0,47.0
2214053,O09,Tretinoin,20.0,15,9,1528.0,1215.0,313.0
2214053,O10,Neratinib,10.0,15,10,1159.0,844.0,315.0
2214053,O11,Idelalisib,0.01,15,11,1590.0,1011.0,579.0
2214053,O12,DMSO,0.0,15,12,1601.0,1000.0,601.0
2214053,O13,Thioguanine,0.01,15,13,1361.0,1044.0,317.0
2214053,O14,Dicumarol (Bishydroxycoumarin),1.0,15,14,1335.0,926.0,409.0
2214053,O15,Afatinib,0.1,15,15,1459.0,1101.0,358.0
2214053,O16,Vandetanib,2.0,15,16,1576.0,1130.0,446.0
2214053,O17,Masitinib,0.01,15,17,1437.0,1069.0,368.0
2214053,O18,Semaxanib,0.01,15,18,1581.0,1104.0,477.0
2214053,O19,Afatinib,1.0,15,19,1555.0,1115.0,440.0
2214053,O20,Afatinib,10.0,15,20,242.0,193.0,49.0
2214053,O21,Carfilzomib,0.0,15,21,1287.0,939.0,348.0
2214053,O22,Vemurafenib,20.0,15,22,1491.0,1126.0,365.0
2214053,O23,Cerivastatin,20.0,15,23,110.0,70.0,40.0
2214053,O24,MLN0128,10.0,15,24,276.0,247.0,29.0
2214053,P01,Erlotinib,0.2,16,1,1498.0,1149.0,349.0
2214053,P02,Semaxanib,0.1,16,2,1463.0,1108.0,355.0
2214053,P03,Tretinoin,2.0,16,3,1527.0,1107.0,420.0
2214053,P04,Cabozantinib,20.0,16,4,573.0,497.0,76.0
2214053,P05,JQ1-(+),0.9,16,5,749.0,589.0,160.0
2214053,P06,Cisplatin,0.2,16,6,1382.0,945.0,437.0
2214053,P07,Idelalisib,10.0,16,7,1308.0,971.0,337.0
2214053,P08,6-Mercaptopurine,2.0,16,8,1521.0,1101.0,420.0
2214053,P09,Ruxolitinib,0.2,16,9,1368.0,1011.0,357.0
2214053,P10,Vincristine,0.2,16,10,534.0,409.0,125.0
2214053,P11,DMSO,0.0,16,11,1537.0,1138.0,399.0
2214053,P12,TAK-733,10.0,16,12,1005.0,907.0,98.0
2214053,P13,Seclidemstat,10.0,16,13,38.0,25.0,13.0
2214053,P14,Regorafenib,20.0,16,14,1430.0,1113.0,317.0
2214053,P15,Vismodegib,0.2,16,15,1551.0,1057.0,494.0
2214053,P16,Masitinib,0.01,16,16,1520.0,1026.0,494.0
2214053,P17,Semaxanib,1.0,16,17,1444.0,1053.0,391.0
2214053,P18,Crizotinib,0.02,16,18,1550.0,1162.0,388.0
2214053,P19,A-485,10.0,16,19,155.0,62.0,93.0
2214053,P20,Cediranib,1.0,16,20,1540.0,1225.0,315.0
2214053,P21,Regorafenib,2.0,16,21,1573.0,1123.0,450.0
2214053,P22,Cediranib,10.0,16,22,813.0,726.0,87.0
2214053,P23,Carfilzomib,0.0,16,23,1320.0,984.0,336.0
2214053,P24,Ixazomib,0.01,16,24,1423.0,1177.0,246.0
2214054,A01,Hydroxyurea,2.0,1,1,1608.0,1285.0,323.0
2214054,A02,Entinostat,50.0,1,2,119.0,17.0,102.0
2214054,A03,Vorinostat,2.0,1,3,531.0,89.0,442.0
2214054,A04,Imatinib,2.0,1,4,1410.0,1031.0,379.0
2214054,A05,Trichostatin A,20.0,1,5,1666.0,1182.0,484.0
2214054,A07,I-BRD9,0.01,1,7,1509.0,992.0,517.0
2214054,A08,Temozolomide,0.1,1,8,1774.0,1300.0,474.0
2214054,A09,Staurosporine,2.0,1,9,64.0,46.0,18.0
2214054,A10,Everolimus,0.1,1,10,1156.0,925.0,231.0
2214054,A11,Trichostatin A,0.02,1,11,1623.0,1120.0,503.0
2214054,A12,Meclofenamate (sodium),0.1,1,12,1817.0,1314.0,503.0
2214054,A13,DMSO,0.0,1,13,1508.0,1079.0,429.0
2214054,A14,GSK-J4,5.0,1,14,132.0,69.0,63.0
2214054,A15,C646,0.2,1,15,1565.0,1022.0,543.0
2214054,A16,5-Carboxy-8-hydroxyquinoline (IOX1),0.05,1,16,1593.0,1187.0,406.0
2214054,A17,Fenoprofen,0.1,1,17,1410.0,950.0,460.0
2214054,A18,Hydroxyurea,0.01,1,18,1470.0,1043.0,427.0
2214054,A19,Metformin,20.0,1,19,1563.0,1094.0,469.0
2214054,A20,Tamoxifen,0.09,1,20,1430.0,1044.0,386.0
2214054,A21,Disulfiram,2.0,1,21,19.0,8.0,11.0
2214054,A22,I-CBP112,20.0,1,22,1531.0,884.0,647.0
2214054,A23,Metformin,0.01,1,23,1611.0,1280.0,331.0
2214054,A24,5-Carboxy-8-hydroxyquinoline (IOX1),50.0,1,24,159.0,104.0,55.0
2214054,B01,Fenoprofen,0.1,2,1,1535.0,1225.0,310.0
2214054,B02,Carboplatin,2.0,2,2,1505.0,1068.0,437.0
2214054,B03,MK-1775,0.2,2,3,1460.0,1099.0,361.0
2214054,B04,Eflornithine,0.01,2,4,1240.0,888.0,352.0
2214054,B05,Gefitinib,20.0,2,5,1530.0,1048.0,482.0
2214054,B06,AT9283,0.02,2,6,1067.0,771.0,296.0
2214054,B07,MK-1775,2.0,2,7,1593.0,1086.0,507.0
2214054,B08,Venetoclax,10.0,2,8,910.0,641.0,269.0
2214054,B09,MK-1775,20.0,2,9,1321.0,924.0,397.0
2214054,B10,Everolimus,20.0,2,10,875.0,747.0,128.0
2214054,B11,Sunitinib,0.1,2,11,1348.0,944.0,404.0
2214054,B12,Meclofenamate (sodium),20.0,2,12,1291.0,979.0,312.0
2214054,B13,Romidepsin,0.02,2,13,265.0,127.0,138.0
2214054,B14,DMSO,0.0,2,14,1680.0,1172.0,508.0
2214054,B15,Bortezomib,0.1,2,15,19.0,13.0,6.0
2214054,B16,SGC-CBP30,50.0,2,16,377.0,340.0,37.0
2214054,B17,Eflornithine,20.0,2,17,1393.0,962.0,431.0
2214054,B18,Hydroxyurea,20.0,2,18,1352.0,872.0,480.0
2214054,B19,Sunitinib,2.0,2,19,1564.0,1106.0,458.0
2214054,B20,Melphalan,0.1,2,20,1650.0,1142.0,508.0
2214054,B21,Panobinostat,50.0,2,21,59.0,28.0,31.0
2214054,B22,Vorinostat,0.1,2,22,1370.0,999.0,371.0
2214054,B23,Hydroxyurea,0.01,2,23,1667.0,1271.0,396.0
2214054,B24,Busulfan,0.01,2,24,1514.0,1199.0,315.0
2214054,C01,Romidepsin,20.0,3,1,17.0,5.0,12.0
2214054,C02,C646,0.02,3,2,1762.0,1284.0,478.0
2214054,C03,Sunitinib,0.01,3,3,1531.0,956.0,575.0
2214054,C04,EX-527,0.5,3,4,1545.0,1161.0,384.0
2214054,C05,AT9283,20.0,3,5,1734.0,1181.0,553.0
2214054,C06,Sorafenib,0.1,3,6,1456.0,1037.0,419.0
2214054,C07,Imatinib,0.1,3,7,1569.0,1033.0,536.0
2214054,C09,Tamoxifen,18.0,3,9,1535.0,1117.0,418.0
2214054,C10,Auranofin,0.1,3,10,1352.0,1036.0,316.0
2214054,C11,DMSO,0.0,3,11,1657.0,1141.0,516.0
2214054,C12,5-Carboxy-8-hydroxyquinoline (IOX1),0.5,3,12,1790.0,1275.0,515.0
2214054,C13,Gefitinib,20.0,3,13,1343.0,979.0,364.0
2214054,C14,Duvelisib,10.0,3,14,1449.0,1070.0,379.0
2214054,C15,DMSO,0.0,3,15,1384.0,987.0,397.0
2214054,C16,Metformin,2.0,3,16,1448.0,1132.0,316.0
2214054,C17,Disulfiram,2.0,3,17,11.0,7.0,4.0
2214054,C18,Doxorubicin,0.01,3,18,1489.0,959.0,530.0
2214054,C19,I-BRD9,0.1,3,19,1603.0,1142.0,461.0
2214054,C20,Staurosporine,20.0,3,20,15.0,11.0,4.0
2214054,C21,Auranofin,2.0,3,21,44.0,20.0,24.0
2214054,C22,Panobinostat,0.05,3,22,668.0,255.0,413.0
2214054,C23,Topotecan,10.0,3,23,34.0,11.0,23.0
2214054,C24,Panobinostat,0.05,3,24,1620.0,1225.0,395.0
2214054,D01,AT9283,2.0,4,1,1676.0,1257.0,419.0
2214054,D02,5-Carboxy-8-hydroxyquinoline (IOX1),5.0,4,2,1796.0,1176.0,620.0
2214054,D03,Entinostat,0.5,4,3,1700.0,930.0,770.0
2214054,D04,Metformin,0.1,4,4,1474.0,978.0,496.0
2214054,D05,Melphalan,1.0,4,5,1278.0,837.0,441.0
2214054,D06,Etoposide,0.02,4,6,1598.0,1039.0,559.0
2214054,D07,Melphalan,10.0,4,7,148.0,74.0,74.0
2214054,D08,Auranofin,20.0,4,8,19.0,8.0,11.0
2214054,D09,Fenoprofen,2.0,4,9,1520.0,1093.0,427.0
2214054,D10,Melphalan,0.1,4,10,1711.0,1277.0,434.0
2214054,D11,Irinotecan,0.01,4,11,1415.0,1022.0,393.0
2214054,D12,DMSO,0.0,4,12,1578.0,1242.0,336.0
2214054,D13,Mitoxantrone,2.0,4,13,110.0,30.0,80.0
2214054,D14,I-CBP112,0.02,4,14,1647.0,1189.0,458.0
2214054,D15,Imatinib,20.0,4,15,1281.0,1065.0,216.0
2214054,D16,DMSO,0.0,4,16,1513.0,1101.0,412.0
2214054,D17,C646,20.0,4,17,1530.0,1085.0,445.0
2214054,D18,I-BRD9,0.1,4,18,1537.0,1065.0,472.0
2214054,D19,Busulfan,20.0,4,19,1496.0,1078.0,418.0
2214054,D20,SGC-CBP30,50.0,4,20,620.0,526.0,94.0
2214054,D21,Hydroxyurea,0.1,4,21,1663.0,1222.0,441.0
2214054,D22,GSK-J4,0.5,4,22,1633.0,1251.0,382.0
2214054,D23,Auranofin,0.1,4,23,1415.0,1102.0,313.0
2214054,D24,EX-527,0.05,4,24,1572.0,1259.0,313.0
2214054,E01,Mitoxantrone,2.0,5,1,80.0,44.0,36.0
2214054,E02,DMSO,0.0,5,2,1763.0,1163.0,600.0
2214054,E03,Doxorubicin,0.01,5,3,1367.0,861.0,506.0
2214054,E04,Bortezomib,2.0,5,4,18.0,9.0,9.0
2214054,E05,Methotrexate,0.1,5,5,1710.0,1095.0,615.0
2214054,E06,Staurosporine,0.02,5,6,1415.0,1157.0,258.0
2214054,E07,MK-1775,0.02,5,7,1774.0,1240.0,534.0
2214054,E08,Tamoxifen,0.09,5,8,1559.0,1087.0,472.0
2214054,E09,DMSO,0.0,5,9,1497.0,1025.0,472.0
2214054,E11,Vorinostat,20.0,5,11,136.0,14.0,122.0
2214054,E12,Temozolomide,0.01,5,12,1497.0,1134.0,363.0
2214054,E13,Staurosporine,2.0,5,13,35.0,33.0,2.0
2214054,E14,Etoposide,2.0,5,14,1734.0,1167.0,567.0
2214054,E15,MK-1775,0.2,5,15,1463.0,1166.0,297.0
2214054,E16,Melphalan,0.01,5,16,1374.0,985.0,389.0
2214054,E17,DMSO,0.0,5,17,1646.0,1247.0,399.0
2214054,E18,Glasdegib,0.01,5,18,1544.0,987.0,557.0
2214054,E19,Sunitinib,0.1,5,19,1575.0,1149.0,426.0
2214054,E20,SGC-CBP30,5.0,5,20,1714.0,1169.0,545.0
2214054,E21,AT9283,0.2,5,21,776.0,535.0,241.0
2214054,E22,5-Fluorouracil,10.0,5,22,1619.0,1133.0,486.0
2214054,E23,Auranofin,0.01,5,23,1557.0,1142.0,415.0
2214054,E24,Tamoxifen,0.009,5,24,1567.0,1219.0,348.0
2214054,F01,DMSO,0.0,6,1,1454.0,1095.0,359.0
2214054,F02,Auranofin,20.0,6,2,11.0,2.0,9.0
2214054,F03,C646,2.0,6,3,1598.0,1079.0,519.0
2214054,F04,I-BRD9,1.0,6,4,1548.0,1119.0,429.0
2214054,F05,Venetoclax,10.0,6,5,873.0,534.0,339.0
2214054,F06,Hydroxyurea,0.1,6,6,1638.0,1191.0,447.0
2214054,F07,Melphalan,1.0,6,7,1276.0,761.0,515.0
2214054,F08,Glasdegib,0.1,6,8,1598.0,1117.0,481.0
2214054,F09,Duvelisib,0.01,6,9,1689.0,1110.0,579.0
2214054,F10,DMSO,0.0,6,10,1609.0,1132.0,477.0
2214054,F11,Hydroxyurea,20.0,6,11,1639.0,1171.0,468.0
2214054,F12,Entinostat,5.0,6,12,144.0,33.0,111.0
2214054,F13,Entinostat,5.0,6,13,193.0,49.0,144.0
2214054,F14,EX-527,0.5,6,14,1672.0,1182.0,490.0
2214054,F15,EX-527,5.0,6,15,1666.0,1229.0,437.0
2214054,F16,Etoposide,2.0,6,16,1347.0,994.0,353.0
2214054,F17,Tamoxifen,1.8,6,17,1465.0,1140.0,325.0
2214054,F18,DMSO,0.0,6,18,1599.0,1165.0,434.0
2214054,F19,Imatinib,0.01,6,19,1565.0,1184.0,381.0
2214054,F20,Eflornithine,0.1,6,20,1631.0,1297.0,334.0
2214054,F21,Bortezomib,0.1,6,21,30.0,7.0,23.0
2214054,F22,Gefitinib,0.1,6,22,1584.0,1047.0,537.0
2214054,F23,Fenoprofen,0.01,6,23,1765.0,1299.0,466.0
2214054,F24,5-Carboxy-8-hydroxyquinoline (IOX1),0.5,6,24,1529.0,1226.0,303.0
2214054,G01,I-BRD9,0.01,7,1,1439.0,1031.0,408.0
2214054,G02,Entinostat,50.0,7,2,96.0,21.0,75.0
2214054,G03,5-Carboxy-8-hydroxyquinoline (IOX1),5.0,7,3,1446.0,933.0,513.0
2214054,G04,DMSO,0.0,7,4,1417.0,1068.0,349.0
2214054,G05,Glasdegib,0.1,7,5,1551.0,991.0,560.0
2214054,G06,Gefitinib,0.01,7,6,1545.0,1138.0,407.0
2214054,G07,PBIT,0.02,7,7,1657.0,1130.0,527.0
2214054,G08,Everolimus,20.0,7,8,812.0,699.0,113.0
2214054,G09,Glasdegib,0.01,7,9,1555.0,1080.0,475.0
2214054,G10,Temozolomide,20.0,7,10,1529.0,1174.0,355.0
2214054,G11,Busulfan,0.1,7,11,1458.0,1113.0,345.0
2214054,G12,Bortezomib,2.0,7,12,14.0,12.0,2.0
2214054,G13,SGC-CBP30,0.05,7,13,1571.0,1119.0,452.0
2214054,G14,Panobinostat,0.5,7,14,79.0,24.0,55.0
2214054,G15,PBIT,2.0,7,15,1554.0,1158.0,396.0
2214054,G16,Metformin,20.0,7,16,1472.0,1046.0,426.0
2214054,G17,Everolimus,0.1,7,17,1084.0,890.0,194.0
2214054,G18,MK-1775,20.0,7,18,1329.0,988.0,341.0
2214054,G19,DMSO,0.0,7,19,1555.0,1089.0,466.0
2214054,G20,Bortezomib,0.01,7,20,153.0,98.0,55.0
2214054,G21,Irinotecan,0.01,7,21,1590.0,1061.0,529.0
2214054,G22,GSK-J4,50.0,7,22,6.0,4.0,2.0
2214054,G23,Duvelisib,1.0,7,23,1581.0,1226.0,355.0
2214054,G24,5-Carboxy-8-hydroxyquinoline (IOX1),50.0,7,24,141.0,90.0,51.0
2214054,H01,Methotrexate,0.01,8,1,1315.0,987.0,328.0
2214054,H02,Everolimus,2.0,8,2,1051.0,794.0,257.0
2214054,H03,DMSO,0.0,8,3,1560.0,1043.0,517.0
2214054,H04,MK-1775,0.02,8,4,1581.0,1113.0,468.0
2214054,H05,Sunitinib,0.01,8,5,1560.0,1009.0,551.0
2214054,H06,Venetoclax,0.1,8,6,1531.0,901.0,630.0
2214054,H07,Disulfiram,20.0,8,7,7.0,3.0,4.0
2214054,H08,Trichostatin A,2.0,8,8,1604.0,1156.0,448.0
2214054,H09,Disulfiram,20.0,8,9,10.0,5.0,5.0
2214054,H10,Disulfiram,0.01,8,10,1653.0,1205.0,448.0
2214054,H11,Irinotecan,0.1,8,11,1619.0,1131.0,488.0
2214054,H12,Etoposide,0.2,8,12,1168.0,895.0,273.0
2214054,H13,Temozolomide,2.0,8,13,1626.0,1238.0,388.0
2214054,H14,Methotrexate,2.0,8,14,1292.0,729.0,563.0
2214054,H15,Bortezomib,0.01,8,15,155.0,93.0,62.0
2214054,H16,Romidepsin,0.2,8,16,69.0,21.0,48.0
2214054,H17,EX-527,5.0,8,17,1424.0,1007.0,417.0
2214054,H18,Metformin,0.1,8,18,1537.0,1074.0,463.0
2214054,H19,I-BRD9,1.0,8,19,1447.0,1024.0,423.0
2214054,H20,DMSO,0.0,8,20,1527.0,1145.0,382.0
2214054,H21,Busulfan,2.0,8,21,1621.0,1256.0,365.0
2214054,H22,Etoposide,20.0,8,22,1425.0,1024.0,401.0
2214054,H23,I-CBP112,20.0,8,23,1344.0,1007.0,337.0
2214054,H24,Duvelisib,0.01,8,24,1398.0,1081.0,317.0
2214054,I01,PBIT,0.02,9,1,1691.0,1332.0,359.0
2214054,I02,Everolimus,0.01,9,2,1326.0,1031.0,295.0
2214054,I03,Etoposide,0.02,9,3,1536.0,991.0,545.0
2214054,I04,GSK-J4,5.0,9,4,127.0,82.0,45.0
2214054,I05,Busulfan,2.0,9,5,1619.0,1094.0,525.0
2214054,I06,DMSO,0.0,9,6,1525.0,1007.0,518.0
2214054,I07,I-CBP112,0.02,9,7,1631.0,1151.0,480.0
2214054,I08,Eflornithine,2.0,9,8,1622.0,1231.0,391.0
2214054,I09,Fenoprofen,2.0,9,9,1545.0,1094.0,451.0
2214054,I10,Topotecan,1.0,9,10,76.0,37.0,39.0
2214054,I11,5-Fluorouracil,0.01,9,11,1435.0,1044.0,391.0
2214054,I12,GSK-J4,0.05,9,12,1687.0,1245.0,442.0
2214054,I13,Trichostatin A,0.02,9,13,1610.0,1169.0,441.0
2214054,I14,Romidepsin,2.0,9,14,98.0,37.0,61.0
2214054,I15,5-Carboxy-8-hydroxyquinoline (IOX1),0.05,9,15,1623.0,1235.0,388.0
2214054,I16,Venetoclax,0.01,9,16,1583.0,1190.0,393.0
2214054,I17,Venetoclax,1.0,9,17,1266.0,903.0,363.0
2214054,I18,Duvelisib,0.1,9,18,1679.0,1233.0,446.0
2214054,I19,Fenoprofen,20.0,9,19,1411.0,1018.0,393.0
2214054,I20,Topotecan,0.1,9,20,209.0,93.0,116.0
2214054,I21,DMSO,0.0,9,21,1473.0,1041.0,432.0
2214054,I22,Trichostatin A,20.0,9,22,1587.0,1132.0,455.0
2214054,I23,5-Fluorouracil,10.0,9,23,1452.0,1022.0,430.0
2214054,I24,Sorafenib,20.0,9,24,1469.0,1161.0,308.0
2214054,J01,Imatinib,0.1,10,1,1421.0,1071.0,350.0
2214054,J02,Carboplatin,20.0,10,2,1288.0,874.0,414.0
2214054,J03,Methotrexate,20.0,10,3,998.0,429.0,569.0
2214054,J04,Everolimus,2.0,10,4,1040.0,854.0,186.0
2214054,J05,DMSO,0.0,10,5,1637.0,1049.0,588.0
2214054,J06,5-Fluorouracil,1.0,10,6,1559.0,1075.0,484.0
2214054,J07,Vorinostat,0.01,10,7,1678.0,1229.0,449.0
2214054,J08,Carboplatin,20.0,10,8,1391.0,1112.0,279.0
2214054,J09,GSK-J4,50.0,10,9,7.0,6.0,1.0
2214054,J10,Mitoxantrone,0.01,10,10,1212.0,885.0,327.0
2214054,J11,Methotrexate,20.0,10,11,1131.0,660.0,471.0
2214054,J12,Romidepsin,0.2,10,12,56.0,17.0,39.0
2214054,J13,Vorinostat,0.1,10,13,1738.0,1345.0,393.0
2214054,J14,Duvelisib,10.0,10,14,1416.0,1067.0,349.0
2214054,J16,Disulfiram,0.1,10,16,941.0,673.0,268.0
2214054,J17,Melphalan,0.01,10,17,1500.0,1061.0,439.0
2214054,J18,Staurosporine,0.02,10,18,1287.0,1065.0,222.0
2214054,J19,Topotecan,0.01,10,19,1345.0,814.0,531.0
2214054,J20,Fenoprofen,20.0,10,20,1598.0,1163.0,435.0
2214054,J21,Panobinostat,5.0,10,21,46.0,18.0,28.0
2214054,J22,DMSO,0.0,10,22,1645.0,1158.0,487.0
2214054,J23,Hydroxyurea,2.0,10,23,1644.0,1145.0,499.0
2214054,J24,Trichostatin A,2.0,10,24,1389.0,1029.0,360.0
2214054,K01,Sorafenib,0.01,11,1,1542.0,1174.0,368.0
2214054,K02,Venetoclax,0.01,11,2,1538.0,1042.0,496.0
2214054,K03,Everolimus,0.01,11,3,1052.0,740.0,312.0
2214054,K04,C646,0.02,11,4,1598.0,1085.0,513.0
2214054,K06,PBIT,2.0,11,6,1602.0,1035.0,567.0
2214054,K07,GSK-J4,0.05,11,7,1540.0,1075.0,465.0
2214054,K08,DMSO,0.0,11,8,1388.0,957.0,431.0
2214054,K09,C646,2.0,11,9,1438.0,913.0,525.0
2214054,K10,Temozolomide,0.01,11,10,1472.0,1031.0,441.0
2214054,K11,Eflornithine,0.01,11,11,1446.0,1071.0,375.0
2214054,K12,Romidepsin,0.02,11,12,224.0,121.0,103.0
2214054,K13,I-BRD9,10.0,11,13,1484.0,1089.0,395.0
2214054,K14,SGC-CBP30,0.05,11,14,1498.0,1124.0,374.0
2214054,K15,Entinostat,0.05,11,15,1647.0,1262.0,385.0
2214054,K16,DMSO,0.0,11,16,1653.0,1180.0,473.0
2214054,K17,Disulfiram,0.01,11,17,1618.0,1130.0,488.0
2214054,K18,Irinotecan,2.0,11,18,675.0,367.0,308.0
2214054,K20,Entinostat,0.05,11,20,1566.0,1220.0,346.0
2214054,K21,EX-527,50.0,11,21,1387.0,1037.0,350.0
2214054,K22,Romidepsin,20.0,11,22,17.0,4.0,13.0
2214054,K23,DMSO,0.0,11,23,1491.0,1023.0,468.0
2214054,K24,Gefitinib,2.0,11,24,1618.0,1381.0,237.0
2214054,L01,Sorafenib,2.0,12,1,1411.0,1035.0,376.0
2214054,L02,Duvelisib,0.1,12,2,1484.0,887.0,597.0
2214054,L03,Tamoxifen,18.0,12,3,1398.0,871.0,527.0
2214054,L04,Metformin,2.0,12,4,1516.0,1076.0,440.0
2214054,L05,Methotrexate,0.1,12,5,1507.0,1069.0,438.0
2214054,L06,SGC-CBP30,5.0,12,6,1421.0,931.0,490.0
2214054,L07,DMSO,0.0,12,7,1544.0,1086.0,458.0
2214054,L08,Romidepsin,2.0,12,8,60.0,22.0,38.0
2214054,L09,Vorinostat,2.0,12,9,636.0,228.0,408.0
2214054,L10,Busulfan,0.01,12,10,1463.0,1065.0,398.0
2214054,L11,Duvelisib,1.0,12,11,1429.0,1069.0,360.0
2214054,L12,AT9283,0.2,12,12,755.0,487.0,268.0
2214054,L13,Gefitinib,0.1,12,13,1380.0,1085.0,295.0
2214054,L14,5-Fluorouracil,0.1,12,14,1489.0,1015.0,474.0
2214054,L15,DMSO,0.0,12,15,1502.0,1157.0,345.0
2214054,L16,Irinotecan,0.1,12,16,1747.0,1269.0,478.0
2214054,L17,Bortezomib,20.0,12,17,14.0,2.0,12.0
2214054,L18,MK-1775,2.0,12,18,1655.0,1177.0,478.0
2214054,L19,Topotecan,0.1,12,19,164.0,89.0,75.0
2214054,L20,SGC-CBP30,0.5,12,20,1606.0,1170.0,436.0
2214054,L21,Meclofenamate (sodium),2.0,12,21,1554.0,1073.0,481.0
2214054,L22,PBIT,0.2,12,22,1592.0,1142.0,450.0
2214054,L23,Imatinib,2.0,12,23,1592.0,1273.0,319.0
2214054,L24,DMSO,0.0,12,24,1374.0,1005.0,369.0
2214054,M01,Fenoprofen,0.01,13,1,1480.0,1115.0,365.0
2214054,M02,Glasdegib,10.0,13,2,1424.0,961.0,463.0
2214054,M03,Tamoxifen,1.8,13,3,1535.0,1113.0,422.0
2214054,M04,Busulfan,20.0,13,4,1532.0,1113.0,419.0
2214054,M05,Staurosporine,0.2,13,5,509.0,441.0,68.0
2214054,M06,EX-527,0.05,13,6,1691.0,1095.0,596.0
2214054,M07,Mitoxantrone,0.1,13,7,256.0,193.0,63.0
2214054,M08,AT9283,0.02,13,8,1194.0,834.0,360.0
2214054,M09,I-CBP112,2.0,13,9,1560.0,1024.0,536.0
2214054,M10,DMSO,0.0,13,10,1552.0,1008.0,544.0
2214054,M11,Venetoclax,0.1,13,11,1572.0,1153.0,419.0
2214054,M12,Staurosporine,0.2,13,12,508.0,423.0,85.0
2214054,M13,Vorinostat,20.0,13,13,123.0,21.0,102.0
2214054,M14,DMSO,0.0,13,14,1410.0,980.0,430.0
2214054,M15,PBIT,0.2,13,15,1576.0,1190.0,386.0
2214054,M16,Carboplatin,0.1,13,16,1677.0,1263.0,414.0
2214054,M17,Irinotecan,20.0,13,17,134.0,74.0,60.0
2214054,M18,Metformin,0.01,13,18,1573.0,1087.0,486.0
2214054,M19,Melphalan,10.0,13,19,150.0,86.0,64.0
2214054,M20,SGC-CBP30,0.5,13,20,1522.0,1104.0,418.0
2214054,M21,Imatinib,0.01,13,21,1610.0,1231.0,379.0
2214054,M22,Trichostatin A,0.2,13,22,618.0,247.0,371.0
2214054,M23,Mitoxantrone,0.01,13,23,1587.0,1139.0,448.0
2214054,M24,I-CBP112,2.0,13,24,1368.0,1042.0,326.0
2214054,N01,Sorafenib,0.1,14,1,1327.0,1026.0,301.0
2214054,N02,Methotrexate,2.0,14,2,1118.0,580.0,538.0
2214054,N03,I-CBP112,0.2,14,3,1386.0,866.0,520.0
2214054,N04,Topotecan,1.0,14,4,108.0,27.0,81.0
2214054,N05,Etoposide,0.2,14,5,1000.0,659.0,341.0
2214054,N06,Doxorubicin,0.1,14,6,344.0,237.0,107.0
2214054,N07,5-Fluorouracil,0.1,14,7,1567.0,1023.0,544.0
2214054,N08,I-CBP112,0.2,14,8,1632.0,1060.0,572.0
2214054,N09,DMSO,0.0,14,9,1419.0,990.0,429.0
2214054,N10,Busulfan,0.1,14,10,1557.0,1020.0,537.0
2214054,N11,I-BRD9,10.0,14,11,1483.0,1068.0,415.0
2214054,N12,Sorafenib,2.0,14,12,1373.0,976.0,397.0
2214054,N13,DMSO,0.0,14,13,1549.0,1110.0,439.0
2214054,N14,Eflornithine,2.0,14,14,1593.0,1201.0,392.0
2214054,N15,Tamoxifen,0.009,14,15,1599.0,1168.0,431.0
2214054,N16,Irinotecan,20.0,14,16,131.0,71.0,60.0
2214054,N17,Carboplatin,2.0,14,17,1444.0,1062.0,382.0
2214054,N18,Methotrexate,0.01,14,18,1771.0,1271.0,500.0
2214054,N19,Meclofenamate (sodium),20.0,14,19,1529.0,1050.0,479.0
2214054,N20,PBIT,20.0,14,20,1496.0,1136.0,360.0
2214054,N22,Topotecan,0.01,14,22,1204.0,831.0,373.0
2214054,N23,Carboplatin,0.1,14,23,1516.0,1131.0,385.0
2214054,N24,Gefitinib,0.01,14,24,1502.0,1197.0,305.0
2214054,O01,5-Fluorouracil,1.0,15,1,1556.0,1129.0,427.0
2214054,O02,Temozolomide,0.1,15,2,1576.0,1084.0,492.0
2214054,O03,Glasdegib,1.0,15,3,1516.0,1083.0,433.0
2214054,O04,C646,0.2,15,4,1643.0,1063.0,580.0
2214054,O05,Sunitinib,20.0,15,5,1071.0,611.0,460.0
2214054,O06,Gefitinib,2.0,15,6,1500.0,1038.0,462.0
2214054,O07,AT9283,20.0,15,7,1336.0,885.0,451.0
2214054,O08,Auranofin,2.0,15,8,38.0,15.0,23.0
2214054,O09,Glasdegib,10.0,15,9,1380.0,905.0,475.0
2214054,O10,EX-527,50.0,15,10,1070.0,778.0,292.0
2214054,O11,Sorafenib,0.01,15,11,1441.0,992.0,449.0
2214054,O12,DMSO,0.0,15,12,1218.0,792.0,426.0
2214054,O13,Vorinostat,0.01,15,13,1255.0,965.0,290.0
2214054,O14,Irinotecan,2.0,15,14,551.0,332.0,219.0
2214054,O15,Doxorubicin,0.1,15,15,298.0,229.0,69.0
2214054,O16,AT9283,2.0,15,16,1436.0,1085.0,351.0
2214054,O17,Carboplatin,0.01,15,17,1518.0,1083.0,435.0
2214054,O18,Meclofenamate (sodium),0.01,15,18,1636.0,1220.0,416.0
2214054,O21,Eflornithine,20.0,15,21,1403.0,994.0,409.0
2214054,O22,C646,20.0,15,22,1377.0,1029.0,348.0
2214054,O23,Topotecan,10.0,15,23,49.0,22.0,27.0
2214054,O24,Staurosporine,20.0,15,24,18.0,9.0,9.0
2214054,P01,Disulfiram,0.1,16,1,1152.0,953.0,199.0
2214054,P02,Meclofenamate (sodium),0.1,16,2,1451.0,1147.0,304.0
2214054,P03,Glasdegib,1.0,16,3,1330.0,925.0,405.0
2214054,P04,PBIT,20.0,16,4,1476.0,1037.0,439.0
2214054,P05,Sunitinib,2.0,16,5,1324.0,975.0,349.0
2214054,P06,GSK-J4,0.5,16,6,1534.0,1101.0,433.0
2214054,P07,Sorafenib,20.0,16,7,1427.0,1065.0,362.0
2214054,P08,Venetoclax,1.0,16,8,1115.0,768.0,347.0
2214054,P09,Mitoxantrone,0.1,16,9,1190.0,889.0,301.0
2214054,P10,Trichostatin A,0.2,16,10,582.0,215.0,367.0
2214054,P11,DMSO,0.0,16,11,1420.0,1088.0,332.0
2214054,P12,Etoposide,20.0,16,12,1501.0,1060.0,441.0
2214054,P13,Imatinib,20.0,16,13,1121.0,958.0,163.0
2214054,P14,Panobinostat,50.0,16,14,46.0,30.0,16.0
2214054,P15,Entinostat,0.5,16,15,1655.0,1059.0,596.0
2214054,P16,Carboplatin,0.01,16,16,1505.0,1072.0,433.0
2214054,P17,Meclofenamate (sodium),2.0,16,17,1529.0,1108.0,421.0
2214054,P18,5-Fluorouracil,0.01,16,18,1613.0,1190.0,423.0
2214054,P19,Bortezomib,20.0,16,19,15.0,13.0,2.0
2214054,P20,Temozolomide,2.0,16,20,1579.0,1280.0,299.0
2214054,P21,Panobinostat,5.0,16,21,64.0,24.0,40.0
2214054,P22,Temozolomide,20.0,16,22,1671.0,1296.0,375.0
2214054,P23,Eflornithine,0.1,16,23,1616.0,1250.0,366.0
2214054,P24,Auranofin,0.01,16,24,1390.0,1108.0,282.0
2214055,A01,cobimetinib,1.0,1,1,1026.0,909.0,117.0
2214055,A02,Dasatinib,10.0,1,2,717.0,613.0,104.0
2214055,A03,Tofacitinib,1.0,1,3,1520.0,1009.0,511.0
2214055,A04,Dabrafenib,1.0,1,4,1580.0,1249.0,331.0
2214055,A05,AZD6738,10.0,1,5,135.0,71.0,64.0
2214055,A06,OSI-906 (Linsitinib),10.0,1,6,416.0,343.0,73.0
2214055,A07,CGP 57380,0.01,1,7,1545.0,1017.0,528.0
2214055,A08,Bardoxolone methyl,0.1,1,8,1406.0,981.0,425.0
2214055,A09,GSK-2256098,1.0,1,9,1500.0,960.0,540.0
2214055,A10,Ribociclib,0.1,1,10,1536.0,1127.0,409.0
2214055,A11,AZD6738,0.01,1,11,1640.0,1242.0,398.0
2214055,A12,Fasudil,0.1,1,12,1495.0,1192.0,303.0
2214055,A13,DMSO,0.0,1,13,1406.0,1134.0,272.0
2214055,A14,MK-2206 dihydrochloride,1.0,1,14,1555.0,1141.0,414.0
2214055,A15,Vinorelbine bitatrate,0.1,1,15,1333.0,1027.0,306.0
2214055,A16,3-Methyladenine,0.01,1,16,1482.0,1105.0,377.0
2214055,A17,THZ1,0.1,1,17,1024.0,862.0,162.0
2214055,A18,cobimetinib,0.01,1,18,1644.0,1262.0,382.0
2214055,A19,Rapamycin (Sirolimus),10.0,1,19,1109.0,938.0,171.0
2214055,A20,Genistein,0.1,1,20,1615.0,1229.0,386.0
2214055,A21,Palbociclib,1.0,1,21,1350.0,802.0,548.0
2214055,A22,NVP-AEW541 (hydrochloride),10.0,1,22,330.0,295.0,35.0
2214055,A23,Rapamycin (Sirolimus),0.01,1,23,1434.0,1155.0,279.0
2214055,A24,3-Methyladenine,10.0,1,24,1760.0,1467.0,293.0
2214055,B01,THZ1,0.1,2,1,1219.0,978.0,241.0
2214055,B02,Afuresertib,1.0,2,2,1517.0,1012.0,505.0
2214055,B03,MK-8776 (SCH 900776),0.1,2,3,1440.0,1027.0,413.0
2214055,B04,Selumetinib,0.01,2,4,1517.0,1074.0,443.0
2214055,B05,Lenvatinib,10.0,2,5,1193.0,715.0,478.0
2214055,B06,"BKM120 (NVP-BKM120, Buparlisib)",0.01,2,6,1720.0,1101.0,619.0
2214055,B07,MK-8776 (SCH 900776),1.0,2,7,1547.0,995.0,552.0
2214055,B08,,0.0,2,8,1554.0,1178.0,376.0
2214055,B09,MK-8776 (SCH 900776),10.0,2,9,1299.0,853.0,446.0
2214055,B10,Ribociclib,10.0,2,10,956.0,658.0,298.0
2214055,B11,OSI-906 (Linsitinib),0.1,2,11,1560.0,1117.0,443.0
2214055,B12,Fasudil,10.0,2,12,1557.0,1244.0,313.0
2214055,B13,BGJ398 (NVP-BGJ398),0.01,2,13,1357.0,979.0,378.0
2214055,B14,DMSO,0.0,2,14,1675.0,1207.0,468.0
2214055,B15,Decitabine,0.1,2,15,1403.0,1030.0,373.0
2214055,B16,FRAX597,10.0,2,16,957.0,696.0,261.0
2214055,B17,Selumetinib,10.0,2,17,1295.0,993.0,302.0
2214055,B18,cobimetinib,10.0,2,18,644.0,552.0,92.0
2214055,B19,OSI-906 (Linsitinib),1.0,2,19,1109.0,934.0,175.0
2214055,B20,Etomoxir,0.1,2,20,1293.0,969.0,324.0
2214055,B21,(S)-H-1152 (hydrochloride),10.0,2,21,739.0,562.0,177.0
2214055,B22,Tofacitinib,0.1,2,22,1610.0,1175.0,435.0
2214055,B23,cobimetinib,0.01,2,23,1582.0,1169.0,413.0
2214055,B24,Entrectinib,0.01,2,24,1696.0,1336.0,360.0
2214055,C01,BGJ398 (NVP-BGJ398),10.0,3,1,1499.0,1223.0,276.0
2214055,C02,Vinorelbine bitatrate,0.01,3,2,1693.0,1151.0,542.0
2214055,C03,OSI-906 (Linsitinib),0.01,3,3,1459.0,758.0,701.0
2214055,C04,Alectinib,0.1,3,4,1633.0,1158.0,475.0
2214055,C05,"BKM120 (NVP-BKM120, Buparlisib)",10.0,3,5,469.0,341.0,128.0
2214055,C06,Arsenic trioxide,0.1,3,6,1591.0,998.0,593.0
2214055,C07,Dabrafenib,0.1,3,7,1463.0,699.0,764.0
2214055,C08,Y-27632 dihydrochloride,10.0,3,8,1856.0,1252.0,604.0
2214055,C09,Genistein,10.0,3,9,1350.0,920.0,430.0
2214055,C10,"Defactinib (VS-6063, PF-04554878)",0.1,3,10,1615.0,1102.0,513.0
2214055,C11,DMSO,0.0,3,11,1663.0,1210.0,453.0
2214055,C12,3-Methyladenine,0.1,3,12,1673.0,1218.0,455.0
2214055,C13,Lenvatinib,10.0,3,13,1452.0,1071.0,381.0
2214055,C14,Rotenone,10.0,3,14,528.0,377.0,151.0
2214055,C15,DMSO,0.0,3,15,1508.0,1114.0,394.0
2214055,C16,Rapamycin (Sirolimus),1.0,3,16,1257.0,1083.0,174.0
2214055,C17,Palbociclib,1.0,3,17,1379.0,968.0,411.0
2214055,C18,Dinaciclib (SCH727965),0.01,3,18,1721.0,1248.0,473.0
2214055,C19,CGP 57380,0.1,3,19,1715.0,1174.0,541.0
2214055,C20,GSK-2256098,10.0,3,20,1222.0,960.0,262.0
2214055,C21,"Defactinib (VS-6063, PF-04554878)",1.0,3,21,1704.0,1270.0,434.0
2214055,C22,(S)-H-1152 (hydrochloride),0.01,3,22,1523.0,1113.0,410.0
2214055,C23,,0.0,3,23,1556.0,1171.0,385.0
2214055,C24,(S)-H-1152 (hydrochloride),0.01,3,24,1475.0,1141.0,334.0
2214055,D01,"BKM120 (NVP-BKM120, Buparlisib)",1.0,4,1,1456.0,1135.0,321.0
2214055,D02,3-Methyladenine,1.0,4,2,1546.0,1018.0,528.0
2214055,D03,Dasatinib,0.1,4,3,1225.0,774.0,451.0
2214055,D04,Rapamycin (Sirolimus),0.1,4,4,1191.0,965.0,226.0
2214055,D05,Etomoxir,1.0,4,5,1679.0,1028.0,651.0
2214055,D06,GSK-2636771,0.01,4,6,1747.0,1237.0,510.0
2214055,D07,Etomoxir,10.0,4,7,1459.0,901.0,558.0
2214055,D08,"Defactinib (VS-6063, PF-04554878)",10.0,4,8,1307.0,960.0,347.0
2214055,D09,THZ1,1.0,4,9,122.0,95.0,27.0
2214055,D10,Etomoxir,0.1,4,10,1586.0,1157.0,429.0
2214055,D11,Tazemetostat,0.01,4,11,1755.0,1236.0,519.0
2214055,D12,DMSO,0.0,4,12,1593.0,1199.0,394.0
2214055,D13,Y-27632 dihydrochloride,1.0,4,13,1705.0,1217.0,488.0
2214055,D14,NVP-AEW541 (hydrochloride),0.01,4,14,1663.0,1117.0,546.0
2214055,D15,Dabrafenib,10.0,4,15,1403.0,992.0,411.0
2214055,D16,DMSO,0.0,4,16,1585.0,1116.0,469.0
2214055,D17,Vinorelbine bitatrate,10.0,4,17,381.0,280.0,101.0
2214055,D18,CGP 57380,0.1,4,18,1709.0,1139.0,570.0
2214055,D19,Entrectinib,10.0,4,19,500.0,477.0,23.0
2214055,D20,FRAX597,10.0,4,20,959.0,647.0,312.0
2214055,D21,cobimetinib,0.1,4,21,1806.0,1288.0,518.0
2214055,D23,"Defactinib (VS-6063, PF-04554878)",0.1,4,23,1733.0,1179.0,554.0
2214055,D24,Alectinib,0.01,4,24,1736.0,1382.0,354.0
2214055,E01,Y-27632 dihydrochloride,1.0,5,1,1651.0,1257.0,394.0
2214055,E02,DMSO,0.0,5,2,1774.0,1024.0,750.0
2214055,E03,Dinaciclib (SCH727965),0.01,5,3,1536.0,986.0,550.0
2214055,E04,Decitabine,1.0,5,4,1246.0,792.0,454.0
2214055,E05,LY2835219,0.1,5,5,1739.0,1072.0,667.0
2214055,E06,GSK-2256098,0.01,5,6,1648.0,1014.0,634.0
2214055,E07,MK-8776 (SCH 900776),0.01,5,7,1575.0,1024.0,551.0
2214055,E08,Genistein,0.1,5,8,1562.0,1067.0,495.0
2214055,E09,DMSO,0.0,5,9,1596.0,1085.0,511.0
2214055,E10,Y-27632 dihydrochloride,10.0,5,10,1685.0,1109.0,576.0
2214055,E11,Tofacitinib,10.0,5,11,1679.0,1221.0,458.0
2214055,E12,Bardoxolone methyl,0.01,5,12,1474.0,1042.0,432.0
2214055,E13,GSK-2256098,1.0,5,13,1546.0,1041.0,505.0
2214055,E14,GSK-2636771,1.0,5,14,1747.0,1209.0,538.0
2214055,E15,MK-8776 (SCH 900776),0.1,5,15,1676.0,1226.0,450.0
2214055,E16,Etomoxir,0.01,5,16,1741.0,1311.0,430.0
2214055,E17,DMSO,0.0,5,17,1647.0,1130.0,517.0
2214055,E18,Indomethacin,0.01,5,18,1753.0,1181.0,572.0
2214055,E19,OSI-906 (Linsitinib),0.1,5,19,1616.0,1155.0,461.0
2214055,E20,FRAX597,1.0,5,20,1386.0,1016.0,370.0
2214055,E21,"BKM120 (NVP-BKM120, Buparlisib)",0.1,5,21,1637.0,1172.0,465.0
2214055,E22,ISRIB,10.0,5,22,1533.0,1079.0,454.0
2214055,E23,"Defactinib (VS-6063, PF-04554878)",0.01,5,23,1694.0,1210.0,484.0
2214055,E24,Genistein,0.01,5,24,1691.0,1303.0,388.0
2214055,F01,DMSO,0.0,6,1,1547.0,1133.0,414.0
2214055,F02,"Defactinib (VS-6063, PF-04554878)",10.0,6,2,1287.0,778.0,509.0
2214055,F03,Vinorelbine bitatrate,1.0,6,3,695.0,457.0,238.0
2214055,F04,CGP 57380,1.0,6,4,1753.0,1129.0,624.0
2214055,F05,,0.0,6,5,1451.0,733.0,718.0
2214055,F06,cobimetinib,0.1,6,6,1462.0,966.0,496.0
2214055,F07,Etomoxir,1.0,6,7,1564.0,1072.0,492.0
2214055,F08,Indomethacin,0.1,6,8,1631.0,1212.0,419.0
2214055,F09,Rotenone,0.01,6,9,1670.0,979.0,691.0
2214055,F10,DMSO,0.0,6,10,1814.0,1222.0,592.0
2214055,F11,cobimetinib,10.0,6,11,708.0,606.0,102.0
2214055,F12,Dasatinib,1.0,6,12,790.0,718.0,72.0
2214055,F13,Dasatinib,1.0,6,13,767.0,664.0,103.0
2214055,F14,Alectinib,0.1,6,14,1764.0,1254.0,510.0
2214055,F15,Alectinib,1.0,6,15,1403.0,1081.0,322.0
2214055,F16,GSK-2636771,1.0,6,16,1808.0,1316.0,492.0
2214055,F17,Genistein,1.0,6,17,1669.0,1231.0,438.0
2214055,F18,DMSO,0.0,6,18,1647.0,1079.0,568.0
2214055,F19,Dabrafenib,0.01,6,19,1637.0,1088.0,549.0
2214055,F21,Decitabine,0.1,6,21,1480.0,970.0,510.0
2214055,F22,Lenvatinib,0.1,6,22,1836.0,1285.0,551.0
2214055,F23,THZ1,0.01,6,23,1674.0,1163.0,511.0
2214055,F24,3-Methyladenine,0.1,6,24,1663.0,1299.0,364.0
2214055,G01,CGP 57380,0.01,7,1,1442.0,996.0,446.0
2214055,G03,3-Methyladenine,1.0,7,3,1625.0,825.0,800.0
2214055,G04,DMSO,0.0,7,4,1793.0,1246.0,547.0
2214055,G05,Indomethacin,0.1,7,5,1560.0,862.0,698.0
2214055,G06,Lenvatinib,0.01,7,6,1613.0,952.0,661.0
2214055,G07,AZD4547,0.01,7,7,1485.0,981.0,504.0
2214055,G08,Ribociclib,10.0,7,8,898.0,580.0,318.0
2214055,G09,Indomethacin,0.01,7,9,1515.0,988.0,527.0
2214055,G10,Bardoxolone methyl,10.0,7,10,2.0,1.0,1.0
2214055,G11,Entrectinib,0.1,7,11,1497.0,1121.0,376.0
2214055,G12,Decitabine,1.0,7,12,1225.0,904.0,321.0
2214055,G13,FRAX597,0.01,7,13,1631.0,1172.0,459.0
2214055,G14,(S)-H-1152 (hydrochloride),0.1,7,14,1541.0,937.0,604.0
2214055,G15,AZD4547,1.0,7,15,1410.0,1050.0,360.0
2214055,G16,Rapamycin (Sirolimus),10.0,7,16,1231.0,1078.0,153.0
2214055,G18,MK-8776 (SCH 900776),10.0,7,18,1416.0,885.0,531.0
2214055,G19,DMSO,0.0,7,19,1594.0,1141.0,453.0
2214055,G20,Decitabine,0.01,7,20,1431.0,1036.0,395.0
2214055,G21,Tazemetostat,0.01,7,21,1543.0,1067.0,476.0
2214055,G22,MK-2206 dihydrochloride,10.0,7,22,614.0,473.0,141.0
2214055,G23,Rotenone,1.0,7,23,657.0,502.0,155.0
2214055,G24,3-Methyladenine,10.0,7,24,1685.0,1344.0,341.0
2214055,H01,LY2835219,0.01,8,1,1517.0,1118.0,399.0
2214055,H02,Ribociclib,1.0,8,2,1194.0,522.0,672.0
2214055,H03,DMSO,0.0,8,3,1660.0,1104.0,556.0
2214055,H04,MK-8776 (SCH 900776),0.01,8,4,1486.0,1063.0,423.0
2214055,H05,OSI-906 (Linsitinib),0.01,8,5,1535.0,988.0,547.0
2214055,H06,,0.0,8,6,1451.0,926.0,525.0
2214055,H08,AZD6738,1.0,8,8,1321.0,1003.0,318.0
2214055,H09,Palbociclib,10.0,8,9,742.0,481.0,261.0
2214055,H10,Palbociclib,0.01,8,10,1528.0,1033.0,495.0
2214055,H11,Tazemetostat,0.1,8,11,1633.0,1149.0,484.0
2214055,H12,GSK-2636771,0.1,8,12,1652.0,1209.0,443.0
2214055,H13,Bardoxolone methyl,1.0,8,13,841.0,623.0,218.0
2214055,H14,LY2835219,1.0,8,14,931.0,670.0,261.0
2214055,H15,Decitabine,0.01,8,15,1559.0,1111.0,448.0
2214055,H16,BGJ398 (NVP-BGJ398),0.1,8,16,1582.0,1192.0,390.0
2214055,H17,Alectinib,1.0,8,17,1360.0,1038.0,322.0
2214055,H18,Rapamycin (Sirolimus),0.1,8,18,1063.0,853.0,210.0
2214055,H19,CGP 57380,1.0,8,19,1688.0,1216.0,472.0
2214055,H21,Entrectinib,1.0,8,21,1129.0,926.0,203.0
2214055,H22,GSK-2636771,10.0,8,22,1491.0,1075.0,416.0
2214055,H23,NVP-AEW541 (hydrochloride),10.0,8,23,128.0,112.0,16.0
2214055,H24,Rotenone,0.01,8,24,1355.0,1043.0,312.0
2214055,I01,AZD4547,0.01,9,1,1455.0,1121.0,334.0
2214055,I02,Ribociclib,0.01,9,2,1709.0,1100.0,609.0
2214055,I03,GSK-2636771,0.01,9,3,1744.0,1097.0,647.0
2214055,I04,MK-2206 dihydrochloride,1.0,9,4,1506.0,946.0,560.0
2214055,I05,Entrectinib,1.0,9,5,1076.0,781.0,295.0
2214055,I06,DMSO,0.0,9,6,1759.0,1230.0,529.0
2214055,I07,NVP-AEW541 (hydrochloride),0.01,9,7,1552.0,910.0,642.0
2214055,I08,Selumetinib,1.0,9,8,1498.0,1048.0,450.0
2214055,I09,THZ1,1.0,9,9,104.0,78.0,26.0
2214055,I10,,0.0,9,10,1386.0,955.0,431.0
2214055,I11,ISRIB,0.01,9,11,1583.0,1180.0,403.0
2214055,I12,MK-2206 dihydrochloride,0.01,9,12,1582.0,1225.0,357.0
2214055,I13,AZD6738,0.01,9,13,1434.0,1057.0,377.0
2214055,I14,BGJ398 (NVP-BGJ398),1.0,9,14,1598.0,1244.0,354.0
2214055,I15,3-Methyladenine,0.01,9,15,1583.0,1186.0,397.0
2214055,I16,,0.0,9,16,1382.0,974.0,408.0
2214055,I17,,0.0,9,17,1642.0,1194.0,448.0
2214055,I18,Rotenone,0.1,9,18,1377.0,985.0,392.0
2214055,I19,THZ1,10.0,9,19,79.0,67.0,12.0
2214055,I20,,0.0,9,20,1643.0,1111.0,532.0
2214055,I21,DMSO,0.0,9,21,1702.0,1145.0,557.0
2214055,I22,AZD6738,10.0,9,22,131.0,57.0,74.0
2214055,I23,ISRIB,10.0,9,23,1642.0,1141.0,501.0
2214055,I24,Arsenic trioxide,10.0,9,24,1679.0,1230.0,449.0
2214055,J01,Dabrafenib,0.1,10,1,1555.0,1169.0,386.0
2214055,J04,Ribociclib,1.0,10,4,1407.0,911.0,496.0
2214055,J05,DMSO,0.0,10,5,1523.0,868.0,655.0
2214055,J06,ISRIB,1.0,10,6,1641.0,1064.0,577.0
2214055,J07,Tofacitinib,0.01,10,7,1509.0,1127.0,382.0
2214055,J08,Afuresertib,10.0,10,8,899.0,717.0,182.0
2214055,J09,MK-2206 dihydrochloride,10.0,10,9,488.0,382.0,106.0
2214055,J10,Y-27632 dihydrochloride,0.01,10,10,1636.0,1141.0,495.0
2214055,J11,LY2835219,10.0,10,11,580.0,406.0,174.0
2214055,J12,BGJ398 (NVP-BGJ398),0.1,10,12,1455.0,1012.0,443.0
2214055,J13,Tofacitinib,0.1,10,13,1672.0,1237.0,435.0
2214055,J14,Rotenone,10.0,10,14,600.0,447.0,153.0
2214055,J15,Fasudil,0.01,10,15,1477.0,1082.0,395.0
2214055,J16,Palbociclib,0.1,10,16,1443.0,1056.0,387.0
2214055,J17,Etomoxir,0.01,10,17,1489.0,1065.0,424.0
2214055,J18,GSK-2256098,0.01,10,18,1596.0,936.0,660.0
2214055,J19,,0.0,10,19,1593.0,1043.0,550.0
2214055,J20,THZ1,10.0,10,20,95.0,83.0,12.0
2214055,J21,(S)-H-1152 (hydrochloride),1.0,10,21,1741.0,1253.0,488.0
2214055,J22,DMSO,0.0,10,22,1560.0,1045.0,515.0
2214055,J23,cobimetinib,1.0,10,23,1040.0,847.0,193.0
2214055,J24,AZD6738,1.0,10,24,1310.0,1028.0,282.0
2214055,K01,Arsenic trioxide,0.01,11,1,1579.0,1141.0,438.0
2214055,K02,,0.0,11,2,1555.0,1021.0,534.0
2214055,K03,Ribociclib,0.01,11,3,1516.0,807.0,709.0
2214055,K04,Vinorelbine bitatrate,0.01,11,4,1552.0,1079.0,473.0
2214055,K05,Dinaciclib (SCH727965),10.0,11,5,186.0,100.0,86.0
2214055,K06,AZD4547,1.0,11,6,1450.0,1002.0,448.0
2214055,K07,MK-2206 dihydrochloride,0.01,11,7,1648.0,1139.0,509.0
2214055,K08,DMSO,0.0,11,8,1586.0,1067.0,519.0
2214055,K09,Vinorelbine bitatrate,1.0,11,9,555.0,370.0,185.0
2214055,K10,Bardoxolone methyl,0.01,11,10,1437.0,956.0,481.0
2214055,K11,Selumetinib,0.01,11,11,1600.0,1119.0,481.0
2214055,K12,BGJ398 (NVP-BGJ398),0.01,11,12,1531.0,1109.0,422.0
2214055,K13,CGP 57380,10.0,11,13,1369.0,1036.0,333.0
2214055,K14,FRAX597,0.01,11,14,1404.0,947.0,457.0
2214055,K15,Dasatinib,0.01,11,15,1359.0,1028.0,331.0
2214055,K16,DMSO,0.0,11,16,1538.0,1114.0,424.0
2214055,K17,Palbociclib,0.01,11,17,1719.0,1150.0,569.0
2214055,K18,Tazemetostat,1.0,11,18,1730.0,1200.0,530.0
2214055,K19,Dinaciclib (SCH727965),1.0,11,19,195.0,110.0,85.0
2214055,K20,Dasatinib,0.01,11,20,1495.0,1101.0,394.0
2214055,K21,Alectinib,10.0,11,21,1149.0,825.0,324.0
2214055,K22,BGJ398 (NVP-BGJ398),10.0,11,22,1303.0,1000.0,303.0
2214055,K23,DMSO,0.0,11,23,1716.0,1175.0,541.0
2214055,K24,Lenvatinib,1.0,11,24,1385.0,1115.0,270.0
2214055,L01,Arsenic trioxide,1.0,12,1,1540.0,1122.0,418.0
2214055,L02,Rotenone,0.1,12,2,1359.0,780.0,579.0
2214055,L03,Genistein,10.0,12,3,1387.0,766.0,621.0
2214055,L04,Rapamycin (Sirolimus),1.0,12,4,1088.0,890.0,198.0
2214055,L05,LY2835219,0.1,12,5,1537.0,982.0,555.0
2214055,L06,FRAX597,1.0,12,6,1343.0,958.0,385.0
2214055,L07,DMSO,0.0,12,7,1583.0,974.0,609.0
2214055,L08,BGJ398 (NVP-BGJ398),1.0,12,8,1509.0,1055.0,454.0
2214055,L09,Tofacitinib,1.0,12,9,1659.0,1186.0,473.0
2214055,L10,Entrectinib,0.01,12,10,1386.0,1041.0,345.0
2214055,L11,Rotenone,1.0,12,11,602.0,458.0,144.0
2214055,L12,"BKM120 (NVP-BKM120, Buparlisib)",0.1,12,12,1521.0,1070.0,451.0
2214055,L13,Lenvatinib,0.1,12,13,1489.0,1099.0,390.0
2214055,L14,ISRIB,0.1,12,14,1376.0,1017.0,359.0
2214055,L15,DMSO,0.0,12,15,1740.0,1295.0,445.0
2214055,L16,Tazemetostat,0.1,12,16,1604.0,1159.0,445.0
2214055,L17,Decitabine,10.0,12,17,1461.0,1089.0,372.0
2214055,L18,MK-8776 (SCH 900776),1.0,12,18,1465.0,1036.0,429.0
2214055,L20,FRAX597,0.1,12,20,1455.0,1055.0,400.0
2214055,L21,Fasudil,1.0,12,21,1600.0,1163.0,437.0
2214055,L22,AZD4547,0.1,12,22,1574.0,1173.0,401.0
2214055,L23,Dabrafenib,1.0,12,23,1560.0,1106.0,454.0
2214055,L24,DMSO,0.0,12,24,1517.0,1121.0,396.0
2214055,M01,THZ1,0.01,13,1,1477.0,1117.0,360.0
2214055,M02,Indomethacin,10.0,13,2,1290.0,762.0,528.0
2214055,M03,Genistein,1.0,13,3,1391.0,906.0,485.0
2214055,M05,GSK-2256098,0.1,13,5,1590.0,1061.0,529.0
2214055,M06,Alectinib,0.01,13,6,1602.0,1041.0,561.0
2214055,M07,Y-27632 dihydrochloride,0.1,13,7,1745.0,1221.0,524.0
2214055,M08,"BKM120 (NVP-BKM120, Buparlisib)",0.01,13,8,1503.0,974.0,529.0
2214055,M09,NVP-AEW541 (hydrochloride),1.0,13,9,652.0,590.0,62.0
2214055,M10,DMSO,0.0,13,10,1528.0,1070.0,458.0
2214055,M11,,0.0,13,11,1454.0,1041.0,413.0
2214055,M12,GSK-2256098,0.1,13,12,1731.0,1148.0,583.0
2214055,M13,Tofacitinib,10.0,13,13,1526.0,1137.0,389.0
2214055,M14,DMSO,0.0,13,14,1385.0,913.0,472.0
2214055,M15,AZD4547,0.1,13,15,1565.0,1121.0,444.0
2214055,M16,Afuresertib,0.1,13,16,1567.0,1156.0,411.0
2214055,M17,Tazemetostat,10.0,13,17,1559.0,1131.0,428.0
2214055,M18,Rapamycin (Sirolimus),0.01,13,18,1011.0,764.0,247.0
2214055,M19,Etomoxir,10.0,13,19,1500.0,1064.0,436.0
2214055,M20,FRAX597,0.1,13,20,1498.0,1154.0,344.0
2214055,M21,Dabrafenib,0.01,13,21,1569.0,1057.0,512.0
2214055,M22,AZD6738,0.1,13,22,1524.0,1107.0,417.0
2214055,M23,Y-27632 dihydrochloride,0.01,13,23,1590.0,1188.0,402.0
2214055,M24,NVP-AEW541 (hydrochloride),1.0,13,24,770.0,645.0,125.0
2214055,N01,Arsenic trioxide,0.1,14,1,1530.0,1051.0,479.0
2214055,N03,NVP-AEW541 (hydrochloride),0.1,14,3,1425.0,788.0,637.0
2214055,N04,,0.0,14,4,1491.0,1018.0,473.0
2214055,N05,GSK-2636771,0.1,14,5,1451.0,920.0,531.0
2214055,N07,ISRIB,0.1,14,7,1762.0,1101.0,661.0
2214055,N08,NVP-AEW541 (hydrochloride),0.1,14,8,1497.0,1050.0,447.0
2214055,N09,DMSO,0.0,14,9,1624.0,1077.0,547.0
2214055,N10,Entrectinib,0.1,14,10,1465.0,1075.0,390.0
2214055,N11,CGP 57380,10.0,14,11,1425.0,983.0,442.0
2214055,N12,Arsenic trioxide,1.0,14,12,1567.0,1183.0,384.0
2214055,N13,DMSO,0.0,14,13,1565.0,1153.0,412.0
2214055,N14,Selumetinib,1.0,14,14,1379.0,937.0,442.0
2214055,N15,Genistein,0.01,14,15,1729.0,1211.0,518.0
2214055,N16,Tazemetostat,10.0,14,16,1593.0,1137.0,456.0
2214055,N17,Afuresertib,1.0,14,17,1472.0,1105.0,367.0
2214055,N18,LY2835219,0.01,14,18,1618.0,1134.0,484.0
2214055,N19,Fasudil,10.0,14,19,1713.0,1301.0,412.0
2214055,N20,AZD4547,10.0,14,20,685.0,561.0,124.0
2214055,N21,(S)-H-1152 (hydrochloride),0.1,14,21,1404.0,971.0,433.0
2214055,N22,,0.0,14,22,1483.0,986.0,497.0
2214055,N23,Afuresertib,0.1,14,23,1726.0,1205.0,521.0
2214055,N24,Lenvatinib,0.01,14,24,1591.0,1237.0,354.0
2214055,O01,ISRIB,1.0,15,1,1412.0,944.0,468.0
2214055,O02,Bardoxolone methyl,0.1,15,2,1316.0,752.0,564.0
2214055,O03,Indomethacin,1.0,15,3,1322.0,873.0,449.0
2214055,O04,Vinorelbine bitatrate,0.1,15,4,1273.0,904.0,369.0
2214055,O05,OSI-906 (Linsitinib),10.0,15,5,383.0,304.0,79.0
2214055,O06,Lenvatinib,1.0,15,6,1251.0,805.0,446.0
2214055,O07,"BKM120 (NVP-BKM120, Buparlisib)",10.0,15,7,390.0,317.0,73.0
2214055,O08,"Defactinib (VS-6063, PF-04554878)",1.0,15,8,1450.0,1051.0,399.0
2214055,O09,Indomethacin,10.0,15,9,1406.0,895.0,511.0
2214055,O10,Alectinib,10.0,15,10,1141.0,833.0,308.0
2214055,O11,Arsenic trioxide,0.01,15,11,1360.0,865.0,495.0
2214055,O13,Tofacitinib,0.01,15,13,1519.0,1060.0,459.0
2214055,O14,Tazemetostat,1.0,15,14,1457.0,958.0,499.0
2214055,O15,Dinaciclib (SCH727965),0.1,15,15,88.0,70.0,18.0
2214055,O16,"BKM120 (NVP-BKM120, Buparlisib)",1.0,15,16,1332.0,1026.0,306.0
2214055,O17,Afuresertib,0.01,15,17,1530.0,1116.0,414.0
2214055,O18,Fasudil,0.01,15,18,1388.0,948.0,440.0
2214055,O19,Dinaciclib (SCH727965),1.0,15,19,177.0,146.0,31.0
2214055,O20,Dinaciclib (SCH727965),10.0,15,20,132.0,82.0,50.0
2214055,O21,Selumetinib,10.0,15,21,1074.0,831.0,243.0
2214055,O22,Vinorelbine bitatrate,10.0,15,22,383.0,284.0,99.0
2214055,O23,,0.0,15,23,1770.0,1255.0,515.0
2214055,O24,GSK-2256098,10.0,15,24,1166.0,967.0,199.0
2214055,P01,Palbociclib,0.1,16,1,1324.0,991.0,333.0
2214055,P02,Fasudil,0.1,16,2,1463.0,1050.0,413.0
2214055,P03,Indomethacin,1.0,16,3,1343.0,903.0,440.0
2214055,P04,AZD4547,10.0,16,4,628.0,566.0,62.0
2214055,P05,OSI-906 (Linsitinib),1.0,16,5,1001.0,814.0,187.0
2214055,P06,MK-2206 dihydrochloride,0.1,16,6,1504.0,1188.0,316.0
2214055,P07,Arsenic trioxide,10.0,16,7,1449.0,987.0,462.0
2214055,P08,,0.0,16,8,1297.0,923.0,374.0
2214055,P09,Y-27632 dihydrochloride,0.1,16,9,1353.0,1035.0,318.0
2214055,P10,AZD6738,0.1,16,10,1527.0,1201.0,326.0
2214055,P11,DMSO,0.0,16,11,1428.0,1109.0,319.0
2214055,P12,GSK-2636771,10.0,16,12,1530.0,1218.0,312.0
2214055,P13,Dabrafenib,10.0,16,13,1280.0,961.0,319.0
2214055,P14,(S)-H-1152 (hydrochloride),10.0,16,14,631.0,494.0,137.0
2214055,P15,Dasatinib,0.1,16,15,982.0,731.0,251.0
2214055,P16,Afuresertib,0.01,16,16,1387.0,1009.0,378.0
2214055,P17,Fasudil,1.0,16,17,1349.0,1066.0,283.0
2214055,P18,ISRIB,0.01,16,18,1392.0,1072.0,320.0
2214055,P19,Decitabine,10.0,16,19,1279.0,1001.0,278.0
2214055,P20,Bardoxolone methyl,1.0,16,20,819.0,603.0,216.0
2214055,P21,(S)-H-1152 (hydrochloride),1.0,16,21,1579.0,1231.0,348.0
2214055,P22,Bardoxolone methyl,10.0,16,22,19.0,11.0,8.0
2214055,P23,Selumetinib,0.1,16,23,1317.0,988.0,329.0
2214055,P24,"Defactinib (VS-6063, PF-04554878)",0.01,16,24,1430.0,1072.0,358.0
