gene,sample,norm_count,cell_line,time
ANKRD1,CM_DMSO_ctrl_rep1_1,16639.875438119023,CLBMa,DMSO
ANKRD1,CM_DMSO_ctrl_rep2_1,14424.658239314806,CLBMa,DMSO
ANKRD1,CM_DMSO_ctrl_rep3,16008.228547951057,CLBMa,DMSO
ANKRD1,CM_control_batch1,22937.17317684207,CLBMa,DMSO
ANKRD1,CM_24h_batch1,6399.019174023695,CLBMa,h24
ANKRD1,CM_24h_rep1_1,2874.803235085078,CLBMa,h24
ANKRD1,CM_24h_rep2_1,2372.1495305371213,CLBMa,h24
ANKRD1,CM_24h_rep3,2924.2847144874745,CLBMa,h24
ANKRD1,CM_48h_batch1,5463.148659098472,CLBMa,h48
ANKRD1,CM_48h_rep1_1,1826.4660237035953,CLBMa,h48
ANKRD1,CM_48h_rep3,2238.303035999332,CLBMa,h48
ANKRD1,SH_DMSO_ctrl_rep1_1,10975.234065231345,SK_N_SH,DMSO
ANKRD1,SH_DMSO_ctrl_rep2_1,10358.56276090468,SK_N_SH,DMSO
ANKRD1,SH_control_batch1,7361.9015404719885,SK_N_SH,DMSO
ANKRD1,SH_24h_batch1,758.2998480930999,SK_N_SH,h24
ANKRD1,SH_24h_rep1_1,492.64217587848185,SK_N_SH,h24
ANKRD1,SH_24h_rep2_1,442.0368692526775,SK_N_SH,h24
ANKRD1,SH_48h_batch1,511.5111171489186,SK_N_SH,h48
ANKRD1,SH_48h_rep1_1,64.54964470316676,SK_N_SH,h48
ANKRD1,SH_48h_rep2_1,76.73158433630357,SK_N_SH,h48
CCN2,CM_DMSO_ctrl_rep1_1,3481.6132503214767,CLBMa,DMSO
CCN2,CM_DMSO_ctrl_rep2_1,3449.617400651061,CLBMa,DMSO
CCN2,CM_DMSO_ctrl_rep3,3311.3487456824687,CLBMa,DMSO
CCN2,CM_control_batch1,5610.770503105361,CLBMa,DMSO
CCN2,CM_24h_batch1,1050.1075231516634,CLBMa,h24
CCN2,CM_24h_rep1_1,591.128257477951,CLBMa,h24
CCN2,CM_24h_rep2_1,571.3030282968983,CLBMa,h24
CCN2,CM_24h_rep3,613.7051680939279,CLBMa,h24
CCN2,CM_48h_batch1,984.2299215529822,CLBMa,h48
CCN2,CM_48h_rep1_1,503.2511086619017,CLBMa,h48
CCN2,CM_48h_rep3,642.262211360633,CLBMa,h48
CCN2,SH_DMSO_ctrl_rep1_1,516.8184080689664,SK_N_SH,DMSO
CCN2,SH_DMSO_ctrl_rep2_1,541.951309550369,SK_N_SH,DMSO
CCN2,SH_control_batch1,705.39575677572725,SK_N_SH,DMSO
CCN2,SH_24h_batch1,72.12864637681551,SK_N_SH,h24
CCN2,SH_24h_rep1_1,16.252113018671565,SK_N_SH,h24
CCN2,SH_24h_rep2_1,13.77452000504094,SK_N_SH,h24
CCN2,SH_48h_batch1,52.64094992017997,SK_N_SH,h48
CCN2,SH_48h_rep1_1,5.613012582884067,SK_N_SH,h48
CCN2,SH_48h_rep2_1,10.531786085375,SK_N_SH,h48
FOSL1,CM_DMSO_ctrl_rep1_1,4607.547810631862,CLBMa,DMSO
FOSL1,CM_DMSO_ctrl_rep2_1,4212.203562189667,CLBMa,DMSO
FOSL1,CM_DMSO_ctrl_rep3,5221.802186720918,CLBMa,DMSO
FOSL1,CM_control_batch1,1928.8460658612821,CLBMa,DMSO
FOSL1,CM_24h_batch1,1365.469262511419,CLBMa,h24
FOSL1,CM_24h_rep1_1,2806.596128453007,CLBMa,h24
FOSL1,CM_24h_rep2_1,2375.5367026416484,CLBMa,h24
FOSL1,CM_24h_rep3,3234.5392118830746,CLBMa,h24
FOSL1,CM_48h_batch1,1157.9834954034518,CLBMa,h48
FOSL1,CM_48h_rep1_1,2802.1021730294688,CLBMa,h48
FOSL1,CM_48h_rep3,3293.3565289131066,CLBMa,h48
FOSL1,SH_DMSO_ctrl_rep1_1,714.2038642119244,SK_N_SH,DMSO
FOSL1,SH_DMSO_ctrl_rep2_1,840.8110026797283,SK_N_SH,DMSO
FOSL1,SH_control_batch1,1486.3861936003984,SK_N_SH,DMSO
FOSL1,SH_24h_batch1,628.753002955793,SK_N_SH,h24
FOSL1,SH_24h_rep1_1,218.38776868839918,SK_N_SH,h24
FOSL1,SH_24h_rep2_1,164.04201096912394,SK_N_SH,h24
FOSL1,SH_48h_batch1,441.48872150037727,SK_N_SH,h48
FOSL1,SH_48h_rep1_1,133.30904884349658,SK_N_SH,h48
FOSL1,SH_48h_rep2_1,171.51765910467856,SK_N_SH,h48
FOSL2,CM_DMSO_ctrl_rep1_1,3922.4046526557554,CLBMa,DMSO
FOSL2,CM_DMSO_ctrl_rep2_1,3576.09510549161,CLBMa,DMSO
FOSL2,CM_DMSO_ctrl_rep3,4120.096980510328,CLBMa,DMSO
FOSL2,CM_control_batch1,3864.33451552553,CLBMa,DMSO
FOSL2,CM_24h_batch1,2840.609100053917,CLBMa,h24
FOSL2,CM_24h_rep1_1,2607.0271868258355,CLBMa,h24
FOSL2,CM_24h_rep2_1,2464.7322347275276,CLBMa,h24
FOSL2,CM_24h_rep3,2910.6770610929307,CLBMa,h24
FOSL2,CM_48h_batch1,2637.130854730513,CLBMa,h48
FOSL2,CM_48h_rep1_1,2360.583200363427,CLBMa,h48
FOSL2,CM_48h_rep3,2534.435911896151,CLBMa,h48
FOSL2,SH_DMSO_ctrl_rep1_1,4767.3861315749555,SK_N_SH,DMSO
FOSL2,SH_DMSO_ctrl_rep2_1,4638.760021586801,SK_N_SH,DMSO
FOSL2,SH_control_batch1,4253.708008643636,SK_N_SH,DMSO
FOSL2,SH_24h_batch1,2399.701083733921,SK_N_SH,h24
FOSL2,SH_24h_rep1_1,3016.7984790909095,SK_N_SH,h24
FOSL2,SH_24h_rep2_1,3085.4924811291708,SK_N_SH,h24
FOSL2,SH_48h_batch1,2186.0892598927567,SK_N_SH,h48
FOSL2,SH_48h_rep1_1,2900.5242522053413,SK_N_SH,h48
FOSL2,SH_48h_rep2_1,2932.350154342268,SK_N_SH,h48
JUN,CM_DMSO_ctrl_rep1_1,3896.851527882754,CLBMa,DMSO
JUN,CM_DMSO_ctrl_rep2_1,3501.6964555854047,CLBMa,DMSO
JUN,CM_DMSO_ctrl_rep3,4907.02927066075,CLBMa,DMSO
JUN,CM_control_batch1,3161.26373761159,CLBMa,DMSO
JUN,CM_24h_batch1,2635.388624888464,CLBMa,h24
JUN,CM_24h_rep1_1,2588.080768316927,CLBMa,h24
JUN,CM_24h_rep2_1,2656.6719873173947,CLBMa,h24
JUN,CM_24h_rep3,3532.5468212235846,CLBMa,h24
JUN,CM_48h_batch1,2456.090840686314,CLBMa,h48
JUN,CM_48h_rep1_1,2463.917428008671,CLBMa,h48
JUN,CM_48h_rep3,3518.9815772154448,CLBMa,h48
JUN,SH_DMSO_ctrl_rep1_1,2977.35619342355,SK_N_SH,DMSO
JUN,SH_DMSO_ctrl_rep2_1,3085.833577861996,SK_N_SH,DMSO
JUN,SH_control_batch1,4341.824506860196,SK_N_SH,DMSO
JUN,SH_24h_batch1,2696.282688901748,SK_N_SH,h24
JUN,SH_24h_rep1_1,2696.835004035813,SK_N_SH,h24
JUN,SH_24h_rep2_1,2686.0314009829835,SK_N_SH,h24
JUN,SH_48h_batch1,2588.842188055643,SK_N_SH,h48
JUN,SH_48h_rep1_1,3237.3050071783855,SK_N_SH,h48
JUN,SH_48h_rep2_1,3076.7860777988394,SK_N_SH,h48
MAML2,CM_DMSO_ctrl_rep1_1,2560.1036881951045,CLBMa,DMSO
MAML2,CM_DMSO_ctrl_rep2_1,2132.7612973112236,CLBMa,DMSO
MAML2,CM_DMSO_ctrl_rep3,2691.152604138176,CLBMa,DMSO
MAML2,CM_control_batch1,2565.493005745562,CLBMa,DMSO
MAML2,CM_24h_batch1,2142.577070993443,CLBMa,h24
MAML2,CM_24h_rep1_1,2320.304720057684,CLBMa,h24
MAML2,CM_24h_rep2_1,1695.844166999884,CLBMa,h24
MAML2,CM_24h_rep3,2433.0484269444414,CLBMa,h24
MAML2,CM_48h_batch1,1979.1092556967997,CLBMa,h48
MAML2,CM_48h_rep1_1,1992.874390301131,CLBMa,h48
MAML2,CM_48h_rep3,1994.7305406729442,CLBMa,h48
MAML2,SH_DMSO_ctrl_rep1_1,2453.0039893185926,SK_N_SH,DMSO
MAML2,SH_DMSO_ctrl_rep2_1,2124.9067176565923,SK_N_SH,DMSO
MAML2,SH_control_batch1,2434.797977036534,SK_N_SH,DMSO
MAML2,SH_24h_batch1,2300.9987255340684,SK_N_SH,h24
MAML2,SH_24h_rep1_1,1967.5214323229266,SK_N_SH,h24
MAML2,SH_24h_rep2_1,1873.3347206855678,SK_N_SH,h24
MAML2,SH_48h_batch1,2076.8344581716287,SK_N_SH,h48
MAML2,SH_48h_rep1_1,1208.2009584657953,SK_N_SH,h48
MAML2,SH_48h_rep2_1,1391.7003041388393,SK_N_SH,h48
NOTCH1,CM_DMSO_ctrl_rep1_1,926.3007730213104,CLBMa,DMSO
NOTCH1,CM_DMSO_ctrl_rep2_1,881.6240013885349,CLBMa,DMSO
NOTCH1,CM_DMSO_ctrl_rep3,1218.5763384111483,CLBMa,DMSO
NOTCH1,CM_control_batch1,732.195076126945,CLBMa,DMSO
NOTCH1,CM_24h_batch1,662.73034181871,CLBMa,h24
NOTCH1,CM_24h_rep1_1,799.5388610759467,CLBMa,h24
NOTCH1,CM_24h_rep2_1,860.3417145498746,CLBMa,h24
NOTCH1,CM_24h_rep3,1043.7070153615136,CLBMa,h24
NOTCH1,CM_48h_batch1,756.1082939493012,CLBMa,h48
NOTCH1,CM_48h_rep1_1,848.1458684648584,CLBMa,h48
NOTCH1,CM_48h_rep3,917.8837192299667,CLBMa,h48
NOTCH1,SH_DMSO_ctrl_rep1_1,1702.6379041339126,SK_N_SH,DMSO
NOTCH1,SH_DMSO_ctrl_rep2_1,1468.5593533198655,SK_N_SH,DMSO
NOTCH1,SH_control_batch1,1895.4322537425362,SK_N_SH,DMSO
NOTCH1,SH_24h_batch1,1874.3957446606662,SK_N_SH,h24
NOTCH1,SH_24h_rep1_1,1157.963052580349,SK_N_SH,h24
NOTCH1,SH_24h_rep2_1,1228.4367386313784,SK_N_SH,h24
NOTCH1,SH_48h_batch1,1559.8606009366536,SK_N_SH,h48
NOTCH1,SH_48h_rep1_1,1116.9895039939292,SK_N_SH,h48
NOTCH1,SH_48h_rep2_1,1122.387488527107,SK_N_SH,h48
NOTCH2,CM_DMSO_ctrl_rep1_1,3880.880824899628,CLBMa,DMSO
NOTCH2,CM_DMSO_ctrl_rep2_1,3170.62246350279,CLBMa,DMSO
NOTCH2,CM_DMSO_ctrl_rep3,4151.26261576381,CLBMa,DMSO
NOTCH2,CM_control_batch1,7503.849886950673,CLBMa,DMSO
NOTCH2,CM_24h_batch1,6473.858750976234,CLBMa,h24
NOTCH2,CM_24h_rep1_1,3254.9946998305127,CLBMa,h24
NOTCH2,CM_24h_rep2_1,2671.3497331036788,CLBMa,h24
NOTCH2,CM_24h_rep3,4110.872090491699,CLBMa,h24
NOTCH2,CM_48h_batch1,6044.382388398269,CLBMa,h48
NOTCH2,CM_48h_rep1_1,2686.6899187763393,CLBMa,h48
NOTCH2,CM_48h_rep3,2680.5794090919835,CLBMa,h48
NOTCH2,SH_DMSO_ctrl_rep1_1,7096.835865903299,SK_N_SH,DMSO
NOTCH2,SH_DMSO_ctrl_rep2_1,6466.236996798863,SK_N_SH,DMSO
NOTCH2,SH_control_batch1,7603.5262540026615,SK_N_SH,DMSO
NOTCH2,SH_24h_batch1,6093.921557704373,SK_N_SH,h24
NOTCH2,SH_24h_rep1_1,6014.297573972147,SK_N_SH,h24
NOTCH2,SH_24h_rep2_1,5304.442431032129,SK_N_SH,h24
NOTCH2,SH_48h_batch1,5686.712429584724,SK_N_SH,h48
NOTCH2,SH_48h_rep1_1,4811.755036677366,SK_N_SH,h48
NOTCH2,SH_48h_rep2_1,5261.379420079482,SK_N_SH,h48
WWTR1,CM_DMSO_ctrl_rep1_1,1038.0956939031926,CLBMa,DMSO
WWTR1,CM_DMSO_ctrl_rep2_1,1030.421301200946,CLBMa,DMSO
WWTR1,CM_DMSO_ctrl_rep3,1251.3002554273046,CLBMa,DMSO
WWTR1,CM_control_batch1,1231.3957665498517,CLBMa,DMSO
WWTR1,CM_24h_batch1,1485.9656882966387,CLBMa,h24
WWTR1,CM_24h_rep1_1,1045.8423016917595,CLBMa,h24
WWTR1,CM_24h_rep2_1,1213.736670788865,CLBMa,h24
WWTR1,CM_24h_rep3,1209.7203867749488,CLBMa,h24
WWTR1,CM_48h_batch1,1428.7027733704736,CLBMa,h48
WWTR1,CM_48h_rep1_1,1544.6454028529304,CLBMa,h48
WWTR1,CM_48h_rep3,1390.927144363846,CLBMa,h48
WWTR1,SH_DMSO_ctrl_rep1_1,1790.0299381514055,SK_N_SH,DMSO
WWTR1,SH_DMSO_ctrl_rep2_1,1575.8056546820758,SK_N_SH,DMSO
WWTR1,SH_control_batch1,1655.6626243848432,SK_N_SH,DMSO
WWTR1,SH_24h_batch1,1642.3502967773584,SK_N_SH,h24
WWTR1,SH_24h_rep1_1,1371.2720359504135,SK_N_SH,h24
WWTR1,SH_24h_rep2_1,1195.8787822558272,SK_N_SH,h24
WWTR1,SH_48h_batch1,1317.5135862097873,SK_N_SH,h48
WWTR1,SH_48h_rep1_1,1034.1975683963892,SK_N_SH,h48
WWTR1,SH_48h_rep2_1,1310.4550971945177,SK_N_SH,h48
YAP1,CM_DMSO_ctrl_rep1_1,6348.354435792601,CLBMa,DMSO
YAP1,CM_DMSO_ctrl_rep2_1,5509.220025554516,CLBMa,DMSO
YAP1,CM_DMSO_ctrl_rep3,6275.200658288612,CLBMa,DMSO
YAP1,CM_control_batch1,5217.847953529911,CLBMa,DMSO
YAP1,CM_24h_batch1,5610.144136461083,CLBMa,h24
YAP1,CM_24h_rep1_1,7156.693818098442,CLBMa,h24
YAP1,CM_24h_rep2_1,6126.265279721285,CLBMa,h24
YAP1,CM_24h_rep3,6764.36450242775,CLBMa,h24
YAP1,CM_48h_batch1,5087.616741421651,CLBMa,h48
YAP1,CM_48h_rep1_1,6084.641404461499,CLBMa,h48
YAP1,CM_48h_rep3,6123.925316706076,CLBMa,h48
YAP1,SH_DMSO_ctrl_rep1_1,1610.7255924948254,SK_N_SH,DMSO
YAP1,SH_DMSO_ctrl_rep2_1,1532.9071341371919,SK_N_SH,DMSO
YAP1,SH_control_batch1,1790.619997969154,SK_N_SH,DMSO
YAP1,SH_24h_batch1,1895.7496202327495,SK_N_SH,h24
YAP1,SH_24h_rep1_1,1714.5979234698502,SK_N_SH,h24
YAP1,SH_24h_rep2_1,1705.5360224423418,SK_N_SH,h24
YAP1,SH_48h_batch1,1995.3899696158783,SK_N_SH,h48
YAP1,SH_48h_rep1_1,1467.8027904241835,SK_N_SH,h48
YAP1,SH_48h_rep2_1,1487.9909197765535,SK_N_SH,h48
