sample,gene,expr,cell_line,time,series
CM_DMSO_ctrl_rep1_1,YAP1,12.726919598203146,CLBMa,DMSO,CM_rep1
CM_DMSO_ctrl_rep2_1,YAP1,12.34840901925914,CLBMa,DMSO,CM_rep2
CM_DMSO_ctrl_rep3,YAP1,12.529998151092917,CLBMa,DMSO,CM_rep3
CM_control_batch1,YAP1,12.48643412885294,CLBMa,DMSO,CM_batch1
CM_24h_batch1,YAP1,12.587267957363437,CLBMa,24h,CM_batch1
CM_24h_rep1_1,YAP1,12.89480024737307,CLBMa,24h,CM_rep1
CM_24h_rep2_1,YAP1,12.496435631713325,CLBMa,24h,CM_rep2
CM_24h_rep3,YAP1,12.63503774258654,CLBMa,24h,CM_rep3
CM_48h_batch1,YAP1,12.451338039660271,CLBMa,48h,CM_batch1
CM_48h_rep1_1,YAP1,12.667632358239596,CLBMa,48h,CM_rep1
CM_48h_rep3,YAP1,12.495902038743848,CLBMa,48h,CM_rep3
SH_DMSO_ctrl_rep1_1,YAP1,10.870893257886994,SK_N_SH,DMSO,SH_rep1
SH_DMSO_ctrl_rep2_1,YAP1,10.626550511684318,SK_N_SH,DMSO,SH_rep2
SH_control_batch1,YAP1,11.040857353538202,SK_N_SH,DMSO,SH_batch1
SH_24h_batch1,YAP1,11.115303216190465,SK_N_SH,24h,SH_batch1
SH_24h_rep1_1,YAP1,10.951645000075949,SK_N_SH,24h,SH_rep1
SH_24h_rep2_1,YAP1,10.764060384863136,SK_N_SH,24h,SH_rep2
SH_48h_batch1,YAP1,11.18246817025348,SK_N_SH,48h,SH_batch1
SH_48h_rep1_1,YAP1,10.751778404080042,SK_N_SH,48h,SH_rep1
SH_48h_rep2_1,YAP1,10.588498341201843,SK_N_SH,48h,SH_rep2
CM_DMSO_ctrl_rep1_1,WWTR1,10.320218455334684,CLBMa,DMSO,CM_rep1
CM_DMSO_ctrl_rep2_1,WWTR1,10.322958729574765,CLBMa,DMSO,CM_rep2
CM_DMSO_ctrl_rep3,WWTR1,10.56311886101121,CLBMa,DMSO,CM_rep3
CM_control_batch1,WWTR1,10.36780254573574,CLBMa,DMSO,CM_batch1
CM_24h_batch1,WWTR1,10.605287528685388,CLBMa,24h,CM_batch1
CM_24h_rep1_1,WWTR1,10.329305482255856,CLBMa,24h,CM_rep1
CM_24h_rep2_1,WWTR1,10.525025319821841,CLBMa,24h,CM_rep2
CM_24h_rep3,WWTR1,10.520891575772156,CLBMa,24h,CM_rep3
CM_48h_batch1,WWTR1,10.555199570326009,CLBMa,48h,CM_batch1
CM_48h_rep1_1,WWTR1,10.818317018446178,CLBMa,48h,CM_rep1
CM_48h_rep3,WWTR1,10.696428596196359,CLBMa,48h,CM_rep3
SH_DMSO_ctrl_rep1_1,WWTR1,11.00883085132417,SK_N_SH,DMSO,SH_rep1
SH_DMSO_ctrl_rep2_1,WWTR1,10.855759980217567,SK_N_SH,DMSO,SH_rep2
SH_control_batch1,WWTR1,10.74419830473345,SK_N_SH,DMSO,SH_batch1
SH_24h_batch1,WWTR1,10.733774678448428,SK_N_SH,24h,SH_batch1
SH_24h_rep1_1,WWTR1,10.666597574844019,SK_N_SH,24h,SH_rep1
SH_24h_rep2_1,WWTR1,10.50655273323854,SK_N_SH,24h,SH_rep2
SH_48h_batch1,WWTR1,10.452630538717486,SK_N_SH,48h,SH_batch1
SH_48h_rep1_1,WWTR1,10.3156237844416,SK_N_SH,48h,SH_rep1
SH_48h_rep2_1,WWTR1,10.621121759696242,SK_N_SH,48h,SH_rep2
CM_DMSO_ctrl_rep1_1,JUN,12.052123661956665,CLBMa,DMSO,CM_rep1
CM_DMSO_ctrl_rep2_1,JUN,11.744062305149884,CLBMa,DMSO,CM_rep2
CM_DMSO_ctrl_rep3,JUN,12.208362286746404,CLBMa,DMSO,CM_rep3
CM_control_batch1,JUN,11.775225377644528,CLBMa,DMSO,CM_batch1
CM_24h_batch1,JUN,11.529612500499963,CLBMa,24h,CM_batch1
CM_24h_rep1_1,JUN,11.496639593557848,CLBMa,24h,CM_rep1
CM_24h_rep2_1,JUN,11.370022042349067,CLBMa,24h,CM_rep2
CM_24h_rep3,JUN,11.756038569726794,CLBMa,24h,CM_rep3
CM_48h_batch1,JUN,11.435274827828986,CLBMa,48h,CM_batch1
CM_48h_rep1_1,JUN,11.430848184575218,CLBMa,48h,CM_rep1
CM_48h_rep3,JUN,11.750784736002018,CLBMa,48h,CM_rep3
SH_DMSO_ctrl_rep1_1,JUN,11.685333460643209,SK_N_SH,DMSO,SH_rep1
SH_DMSO_ctrl_rep2_1,JUN,11.572077921128832,SK_N_SH,DMSO,SH_rep2
SH_control_batch1,JUN,12.209556470634755,SK_N_SH,DMSO,SH_batch1
SH_24h_batch1,JUN,11.56029471894585,SK_N_SH,24h,SH_batch1
SH_24h_rep1_1,JUN,11.551893692180293,SK_N_SH,24h,SH_rep1
SH_24h_rep2_1,JUN,11.3847861957105,SK_N_SH,24h,SH_rep2
SH_48h_batch1,JUN,11.505710258281606,SK_N_SH,48h,SH_batch1
SH_48h_rep1_1,JUN,11.798835560922447,SK_N_SH,48h,SH_rep1
SH_48h_rep2_1,JUN,11.568098148300743,SK_N_SH,48h,SH_rep2
CM_DMSO_ctrl_rep1_1,FOSL1,12.362047177449565,CLBMa,DMSO,CM_rep1
CM_DMSO_ctrl_rep2_1,FOSL1,11.802054752941213,CLBMa,DMSO,CM_rep2
CM_DMSO_ctrl_rep3,FOSL1,12.099294123619291,CLBMa,DMSO,CM_rep3
CM_control_batch1,FOSL1,11.23169880298361,CLBMa,DMSO,CM_batch1
CM_24h_batch1,FOSL1,10.786564084591541,CLBMa,24h,CM_batch1
CM_24h_rep1_1,FOSL1,11.68473247712892,CLBMa,24h,CM_rep1
CM_24h_rep2_1,FOSL1,11.025058967935276,CLBMa,24h,CM_rep2
CM_24h_rep3,FOSL1,11.440619383558682,CLBMa,24h,CM_rep3
CM_48h_batch1,FOSL1,10.580075846063288,CLBMa,48h,CM_batch1
CM_48h_rep1_1,FOSL1,11.6825729482823,CLBMa,48h,CM_rep1
CM_48h_rep3,FOSL1,11.465125137192654,CLBMa,48h,CM_rep3
SH_DMSO_ctrl_rep1_1,FOSL1,9.95592199529609,SK_N_SH,DMSO,SH_rep1
SH_DMSO_ctrl_rep2_1,FOSL1,9.710130800895113,SK_N_SH,DMSO,SH_rep2
SH_control_batch1,FOSL1,10.89443990644433,SK_N_SH,DMSO,SH_batch1
SH_24h_batch1,FOSL1,9.856835586003111,SK_N_SH,24h,SH_batch1
SH_24h_rep1_1,FOSL1,8.762465318935073,SK_N_SH,24h,SH_rep1
SH_24h_rep2_1,FOSL1,8.094200468782642,SK_N_SH,24h,SH_rep2
SH_48h_batch1,FOSL1,9.474386636907507,SK_N_SH,48h,SH_batch1
SH_48h_rep1_1,FOSL1,8.376260945901437,SK_N_SH,48h,SH_rep1
SH_48h_rep2_1,FOSL1,8.128850849066312,SK_N_SH,48h,SH_rep2
CM_DMSO_ctrl_rep1_1,FOSL2,11.982672998770104,CLBMa,DMSO,CM_rep1
CM_DMSO_ctrl_rep2_1,FOSL2,11.838260643399282,CLBMa,DMSO,CM_rep2
CM_DMSO_ctrl_rep3,FOSL2,12.032445560196994,CLBMa,DMSO,CM_rep3
CM_control_batch1,FOSL2,12.062240357264217,CLBMa,DMSO,CM_batch1
CM_24h_batch1,FOSL2,11.643442410998482,CLBMa,24h,CM_batch1
CM_24h_rep1_1,FOSL2,11.427997780194444,CLBMa,24h,CM_rep1
CM_24h_rep2_1,FOSL2,11.335061483601496,CLBMa,24h,CM_rep2
CM_24h_rep3,FOSL2,11.558489256415267,CLBMa,24h,CM_rep3
CM_48h_batch1,FOSL2,11.543437081241171,CLBMa,48h,CM_batch1
CM_48h_rep1_1,FOSL2,11.295280225329034,CLBMa,48h,CM_rep1
CM_48h_rep3,FOSL2,11.372354317865325,CLBMa,48h,CM_rep3
SH_DMSO_ctrl_rep1_1,FOSL2,12.251661242092968,SK_N_SH,DMSO,SH_rep1
SH_DMSO_ctrl_rep2_1,FOSL2,12.196009560399538,SK_N_SH,DMSO,SH_rep2
SH_control_batch1,FOSL2,12.194230337950131,SK_N_SH,DMSO,SH_batch1
SH_24h_batch1,FOSL2,11.417216890488298,SK_N_SH,24h,SH_batch1
SH_24h_rep1_1,FOSL2,11.624719934130045,SK_N_SH,24h,SH_rep1
SH_24h_rep2_1,FOSL2,11.637412194769881,SK_N_SH,24h,SH_rep2
SH_48h_batch1,FOSL2,11.29334174304026,SK_N_SH,48h,SH_batch1
SH_48h_rep1_1,FOSL2,11.571576640465965,SK_N_SH,48h,SH_rep1
SH_48h_rep2_1,FOSL2,11.568512077995626,SK_N_SH,48h,SH_rep2
CM_DMSO_ctrl_rep1_1,CCN2,12.202828506124582,CLBMa,DMSO,CM_rep1
CM_DMSO_ctrl_rep2_1,CCN2,11.743729968643565,CLBMa,DMSO,CM_rep2
CM_DMSO_ctrl_rep3,CCN2,11.68799454338808,CLBMa,DMSO,CM_rep3
CM_control_batch1,CCN2,12.239944208299422,CLBMa,DMSO,CM_batch1
CM_24h_batch1,CCN2,10.01840240364889,CLBMa,24h,CM_batch1
CM_24h_rep1_1,CCN2,9.968021826622662,CLBMa,24h,CM_rep1
CM_24h_rep2_1,CCN2,9.483829056232917,CLBMa,24h,CM_rep2
CM_24h_rep3,CCN2,9.563235024339523,CLBMa,24h,CM_rep3
CM_48h_batch1,CCN2,9.939492394476211,CLBMa,48h,CM_batch1
CM_48h_rep1_1,CCN2,9.7925760746236,CLBMa,48h,CM_rep1
CM_48h_rep3,CCN2,9.614276633336845,CLBMa,48h,CM_rep3
SH_DMSO_ctrl_rep1_1,CCN2,9.821154982407899,SK_N_SH,DMSO,SH_rep1
SH_DMSO_ctrl_rep2_1,CCN2,9.426083090007555,SK_N_SH,DMSO,SH_rep2
SH_control_batch1,CCN2,9.546181047774812,SK_N_SH,DMSO,SH_batch1
SH_24h_batch1,CCN2,7.590857288091061,SK_N_SH,24h,SH_batch1
SH_24h_rep1_1,CCN2,7.605374323396864,SK_N_SH,24h,SH_rep1
SH_24h_rep2_1,CCN2,7.114071136815182,SK_N_SH,24h,SH_rep2
SH_48h_batch1,CCN2,7.4264773834367945,SK_N_SH,48h,SH_batch1
SH_48h_rep1_1,CCN2,7.371399012551591,SK_N_SH,48h,SH_rep1
SH_48h_rep2_1,CCN2,7.048586848205926,SK_N_SH,48h,SH_rep2
CM_DMSO_ctrl_rep1_1,ANKRD1,14.416514524393401,CLBMa,DMSO,CM_rep1
CM_DMSO_ctrl_rep2_1,ANKRD1,13.853400300214778,CLBMa,DMSO,CM_rep2
CM_DMSO_ctrl_rep3,ANKRD1,14.001690077292785,CLBMa,DMSO,CM_rep3
CM_control_batch1,ANKRD1,14.104766930786816,CLBMa,DMSO,CM_batch1
CM_24h_batch1,ANKRD1,12.295318815749221,CLBMa,24h,CM_batch1
CM_24h_rep1_1,ANKRD1,11.9635179591226,CLBMa,24h,CM_rep1
CM_24h_rep2_1,ANKRD1,11.34607620552096,CLBMa,24h,CM_rep2
CM_24h_rep3,ANKRD1,11.626882539805846,CLBMa,24h,CM_rep3
CM_48h_batch1,ANKRD1,12.074723055525169,CLBMa,48h,CM_batch1
CM_48h_rep1_1,ANKRD1,11.361084568064456,CLBMa,48h,CM_rep1
CM_48h_rep3,ANKRD1,11.268870756058785,CLBMa,48h,CM_rep3
SH_DMSO_ctrl_rep1_1,ANKRD1,13.825081544541254,SK_N_SH,DMSO,SH_rep1
SH_DMSO_ctrl_rep2_1,ANKRD1,13.383530671291677,SK_N_SH,DMSO,SH_rep2
SH_control_batch1,ANKRD1,12.491763693039918,SK_N_SH,DMSO,SH_batch1
SH_24h_batch1,ANKRD1,9.501604932616305,SK_N_SH,24h,SH_batch1
SH_24h_rep1_1,ANKRD1,9.790450692143216,SK_N_SH,24h,SH_rep1
SH_24h_rep2_1,ANKRD1,9.316665973657608,SK_N_SH,24h,SH_rep2
SH_48h_batch1,ANKRD1,9.060696541228705,SK_N_SH,48h,SH_batch1
SH_48h_rep1_1,ANKRD1,8.172224680681195,SK_N_SH,48h,SH_rep1
SH_48h_rep2_1,ANKRD1,7.90804876808573,SK_N_SH,48h,SH_rep2
CM_DMSO_ctrl_rep1_1,NOTCH1,10.168791092122047,CLBMa,DMSO,CM_rep1
CM_DMSO_ctrl_rep2_1,NOTCH1,10.089120084068314,CLBMa,DMSO,CM_rep2
CM_DMSO_ctrl_rep3,NOTCH1,10.484297602199398,CLBMa,DMSO,CM_rep3
CM_control_batch1,NOTCH1,9.800607472603087,CLBMa,DMSO,CM_batch1
CM_24h_batch1,NOTCH1,9.686500688410039,CLBMa,24h,CM_batch1
CM_24h_rep1_1,NOTCH1,9.994054260473083,CLBMa,24h,CM_rep1
CM_24h_rep2_1,NOTCH1,10.060047907093931,CLBMa,24h,CM_rep2
CM_24h_rep3,NOTCH1,10.292913608939093,CLBMa,24h,CM_rep3
CM_48h_batch1,NOTCH1,9.837840378156216,CLBMa,48h,CM_batch1
CM_48h_rep1_1,NOTCH1,10.063630075744395,CLBMa,48h,CM_rep1
CM_48h_rep3,NOTCH1,10.137318133494274,CLBMa,48h,CM_rep3
SH_DMSO_ctrl_rep1_1,NOTCH1,10.930466030773852,SK_N_SH,DMSO,SH_rep1
SH_DMSO_ctrl_rep2_1,NOTCH1,10.719811265798496,SK_N_SH,DMSO,SH_rep2
SH_control_batch1,NOTCH1,10.979100042071098,SK_N_SH,DMSO,SH_batch1
SH_24h_batch1,NOTCH1,10.96450691124735,SK_N_SH,24h,SH_batch1
SH_24h_rep1_1,NOTCH1,10.441342642911232,SK_N_SH,24h,SH_rep1
SH_24h_rep2_1,NOTCH1,10.494360964710921,SK_N_SH,24h,SH_rep2
SH_48h_batch1,NOTCH1,10.72650885969134,SK_N_SH,48h,SH_batch1
SH_48h_rep1_1,NOTCH1,10.396780250154517,SK_N_SH,48h,SH_rep1
SH_48h_rep2_1,NOTCH1,10.382216236601076,SK_N_SH,48h,SH_rep2
CM_DMSO_ctrl_rep1_1,NOTCH2,12.143235304786902,CLBMa,DMSO,CM_rep1
CM_DMSO_ctrl_rep2_1,NOTCH2,11.97851303513718,CLBMa,DMSO,CM_rep2
CM_DMSO_ctrl_rep3,NOTCH2,12.34699536983006,CLBMa,DMSO,CM_rep3
CM_control_batch1,NOTCH2,12.505297684412582,CLBMa,DMSO,CM_batch1
CM_24h_batch1,NOTCH2,12.298295085303238,CLBMa,24h,CM_batch1
CM_24h_rep1_1,NOTCH2,11.902990845431352,CLBMa,24h,CM_rep1
CM_24h_rep2_1,NOTCH2,11.747085665826825,CLBMa,24h,CM_rep2
CM_24h_rep3,NOTCH2,12.33354110513007,CLBMa,24h,CM_rep3
CM_48h_batch1,NOTCH2,12.202356817031824,CLBMa,48h,CM_batch1
CM_48h_rep1_1,NOTCH2,11.643575175240613,CLBMa,48h,CM_rep1
CM_48h_rep3,NOTCH2,11.751719544675838,CLBMa,48h,CM_rep3
SH_DMSO_ctrl_rep1_1,NOTCH2,12.981492003601678,SK_N_SH,DMSO,SH_rep1
SH_DMSO_ctrl_rep2_1,NOTCH2,12.962332333810258,SK_N_SH,DMSO,SH_rep2
SH_control_batch1,NOTCH2,12.523839122861228,SK_N_SH,DMSO,SH_batch1
SH_24h_batch1,NOTCH2,12.213754365775557,SK_N_SH,24h,SH_batch1
SH_24h_rep1_1,NOTCH2,12.749872259272491,SK_N_SH,24h,SH_rep1
SH_24h_rep2_1,NOTCH2,12.68611950012345,SK_N_SH,24h,SH_rep2
SH_48h_batch1,NOTCH2,12.117279793364442,SK_N_SH,48h,SH_batch1
SH_48h_rep1_1,NOTCH2,12.439657280415828,SK_N_SH,48h,SH_rep1
SH_48h_rep2_1,NOTCH2,12.674790603798147,SK_N_SH,48h,SH_rep2
CM_DMSO_ctrl_rep1_1,MAML2,11.469574053406454,CLBMa,DMSO,CM_rep1
CM_DMSO_ctrl_rep2_1,MAML2,11.241185256412425,CLBMa,DMSO,CM_rep2
CM_DMSO_ctrl_rep3,MAML2,11.551181145684676,CLBMa,DMSO,CM_rep3
CM_control_batch1,MAML2,11.342235331366531,CLBMa,DMSO,CM_batch1
CM_24h_batch1,MAML2,11.102473984504488,CLBMa,24h,CM_batch1
CM_24h_rep1_1,MAML2,11.338295575193944,CLBMa,24h,CM_rep1
CM_24h_rep2_1,MAML2,10.941248508059381,CLBMa,24h,CM_rep2
CM_24h_rep3,MAML2,11.416135994462547,CLBMa,24h,CM_rep3
CM_48h_batch1,MAML2,10.99791103796464,CLBMa,48h,CM_batch1
CM_48h_rep1_1,MAML2,11.137171129848618,CLBMa,48h,CM_rep1
CM_48h_rep3,MAML2,11.153018432841808,CLBMa,48h,CM_rep3
SH_DMSO_ctrl_rep1_1,MAML2,11.41241742354316,SK_N_SH,DMSO,SH_rep1
SH_DMSO_ctrl_rep2_1,MAML2,11.236310724826833,SK_N_SH,DMSO,SH_rep2
SH_control_batch1,MAML2,11.272315649534477,SK_N_SH,DMSO,SH_batch1
SH_24h_batch1,MAML2,11.197030545332284,SK_N_SH,24h,SH_batch1
SH_24h_rep1_1,MAML2,11.120357503353283,SK_N_SH,24h,SH_rep1
SH_24h_rep2_1,MAML2,11.070735675428656,SK_N_SH,24h,SH_rep2
SH_48h_batch1,MAML2,11.061331678367376,SK_N_SH,48h,SH_batch1
SH_48h_rep1_1,MAML2,10.495482541724336,SK_N_SH,48h,SH_rep1
SH_48h_rep2_1,MAML2,10.687915231710058,SK_N_SH,48h,SH_rep2
