group,replicate,fastq_1,fastq_2,control
SK-N-SH-M_H3K4me1,1,./fastqs/MZ-SS-CR-484-SK-N-SH-M-H3K4me1-rep1_R1_001.fastq.gz,./fastqs/MZ-SS-CR-484-SK-N-SH-M-H3K4me1-rep1_R2_001.fastq.gz,SK-N-SH-M_IgG
CLB-Ma-A_IgG,1,./fastqs/MZ-SS-CR-477-CLB-Ma-A-IgG-rep1_R1_001.fastq.gz,./fastqs/MZ-SS-CR-477-CLB-Ma-A-IgG-rep1_R2_001.fastq.gz,
SK-N-SH-A_Jun,1,./fastqs/MZ-SS-CR-515-SK-N-SH-A-Jun-rep1_R1_001.fastq.gz,./fastqs/MZ-SS-CR-515-SK-N-SH-A-Jun-rep1_R2_001.fastq.gz,SK-N-SH-A_IgG
CLB-Ma-A_H3K4me1,1,./fastqs/MZ-SS-CR-479-CLB-Ma-A-H3K4me1-rep1_R1_001.fastq.gz,./fastqs/MZ-SS-CR-479-CLB-Ma-A-H3K4me1-rep1_R2_001.fastq.gz,CLB-Ma-A_IgG
SK-N-SH-A_FRA1,1,./fastqs/MZ-SS-CR-516-SK-N-SH-A-FRA1-rep1_R1_001.fastq.gz,./fastqs/MZ-SS-CR-516-SK-N-SH-A-FRA1-rep1_R2_001.fastq.gz,SK-N-SH-A_IgG
CLB-Ma-A_H3K27ac,1,./fastqs/MZ-SS-CR-478-CLB-Ma-A-H3K27ac-rep1_R1_001.fastq.gz,./fastqs/MZ-SS-CR-478-CLB-Ma-A-H3K27ac-rep1_R2_001.fastq.gz,CLB-Ma-A_IgG
SK-N-SH-M_IgG,1,./fastqs/MZ-SS-CR-482-SK-N-SH-M-IgG-rep1_R1_001.fastq.gz,./fastqs/MZ-SS-CR-482-SK-N-SH-M-IgG-rep1_R2_001.fastq.gz,
SK-N-SH-M_TAZ,1,./fastqs/MZ-SS-CR-507-SK-N-SH-M-TAZ-rep1_R1_001.fastq.gz,./fastqs/MZ-SS-CR-507-SK-N-SH-M-TAZ-rep1_R2_001.fastq.gz,SK-N-SH-M_IgG
SK-N-SH-A_IgG,1,./fastqs/MZ-SS-CR-487-SK-N-SH-A-IgG-rep1_R1_001.fastq.gz,./fastqs/MZ-SS-CR-487-SK-N-SH-A-IgG-rep1_R2_001.fastq.gz,
SK-N-SH-M_FRA1,1,./fastqs/MZ-SS-CR-509-SK-N-SH-M-FRA1-rep1_R1_001.fastq.gz,./fastqs/MZ-SS-CR-509-SK-N-SH-M-FRA1-rep1_R2_001.fastq.gz,SK-N-SH-M_IgG
CLB-Ma-M_FRA1,1,./fastqs/MZ-SS-CR-495-CLB-Ma-M-FRA1-rep1_R1_001.fastq.gz,./fastqs/MZ-SS-CR-495-CLB-Ma-M-FRA1-rep1_R2_001.fastq.gz,CLB-Ma-M_IgG
CLB-Ma-M_Jun,1,./fastqs/MZ-SS-CR-494-CLB-Ma-M-Jun-rep1_R1_001.fastq.gz,./fastqs/MZ-SS-CR-494-CLB-Ma-M-Jun-rep1_R2_001.fastq.gz,CLB-Ma-M_IgG
SK-N-SH-M_Jun,1,./fastqs/MZ-SS-CR-508-SK-N-SH-M-Jun-rep1_R1_001.fastq.gz,./fastqs/MZ-SS-CR-508-SK-N-SH-M-Jun-rep1_R2_001.fastq.gz,SK-N-SH-M_IgG
SK-N-SH-A_H3K4me1,1,./fastqs/MZ-SS-CR-489-SK-N-SH-A-H3K4me1-rep1_R1_001.fastq.gz,./fastqs/MZ-SS-CR-489-SK-N-SH-A-H3K4me1-rep1_R2_001.fastq.gz,SK-N-SH-A_IgG
CLB-Ma-A_Jun,1,./fastqs/MZ-SS-CR-501-CLB-Ma-A-Jun-rep1_R1_001.fastq.gz,./fastqs/MZ-SS-CR-501-CLB-Ma-A-Jun-rep1_R2_001.fastq.gz,CLB-Ma-A_IgG
SK-N-SH-A_TAZ,1,./fastqs/MZ-SS-CR-514-SK-N-SH-A-TAZ-rep1_R1_001.fastq.gz,./fastqs/MZ-SS-CR-514-SK-N-SH-A-TAZ-rep1_R2_001.fastq.gz,SK-N-SH-A_IgG
SK-N-SH-M_H3K27ac,1,./fastqs/MZ-SS-CR-483-SK-N-SH-M-H3K27ac-rep1_R1_001.fastq.gz,./fastqs/MZ-SS-CR-483-SK-N-SH-M-H3K27ac-rep1_R2_001.fastq.gz,SK-N-SH-M_IgG
CLB-Ma-M_H3K27ac,1,./fastqs/MZ-SS-CR-473-CLB-Ma-M-H3K27ac-rep1_R1_001.fastq.gz,./fastqs/MZ-SS-CR-473-CLB-Ma-M-H3K27ac-rep1_R2_001.fastq.gz,CLB-Ma-M_IgG
CLB-Ma-M_TAZ,1,./fastqs/MZ-SS-CR-493-CLB-Ma-M-TAZ-rep1_R1_001.fastq.gz,./fastqs/MZ-SS-CR-493-CLB-Ma-M-TAZ-rep1_R2_001.fastq.gz,CLB-Ma-M_IgG
CLB-Ma-A_FRA1,1,./fastqs/MZ-SS-CR-502-CLB-Ma-A-FRA1-rep1_R1_001.fastq.gz,./fastqs/MZ-SS-CR-502-CLB-Ma-A-FRA1-rep1_R2_001.fastq.gz,CLB-Ma-A_IgG
SK-N-SH-A_YAP,1,./fastqs/MZ-SS-CR-513-SK-N-SH-A-YAP-rep1_R1_001.fastq.gz,./fastqs/MZ-SS-CR-513-SK-N-SH-A-YAP-rep1_R2_001.fastq.gz,SK-N-SH-A_IgG
CLB-Ma-M_YAP,1,./fastqs/MZ-SS-CR-492-CLB-Ma-M-YAP-rep1_R1_001.fastq.gz,./fastqs/MZ-SS-CR-492-CLB-Ma-M-YAP-rep1_R2_001.fastq.gz,CLB-Ma-M_IgG
CLB-Ma-M_H3K4me1,1,./fastqs/MZ-SS-CR-474-CLB-Ma-M-H3K4me1-rep1_R1_001.fastq.gz,./fastqs/MZ-SS-CR-474-CLB-Ma-M-H3K4me1-rep1_R2_001.fastq.gz,CLB-Ma-M_IgG
SK-N-SH-A_H3K27ac,1,./fastqs/MZ-SS-CR-488-SK-N-SH-A-H3K27ac-rep1_R1_001.fastq.gz,./fastqs/MZ-SS-CR-488-SK-N-SH-A-H3K27ac-rep1_R2_001.fastq.gz,SK-N-SH-A_IgG
Ex251-STA-NB-10-MES-200k_IgG,1,./fastqs/MZ-SS-CR-455-Ex251-STA-NB-10-MES-200k-IgG-rep1_R1_001.fastq.gz,./fastqs/MZ-SS-CR-455-Ex251-STA-NB-10-MES-200k-IgG-rep1_R2_001.fastq.gz,
Ex251-STA-NB-10-MES-100k_IgG,1,./fastqs/MZ-SS-CR-451-Ex251-STA-NB-10-MES-100k-IgG-rep1_R1_001.fastq.gz,./fastqs/MZ-SS-CR-451-Ex251-STA-NB-10-MES-100k-IgG-rep1_R2_001.fastq.gz,
Ex251-STA-NB-10-MES_TAZ,1,./fastqs/MZ-SS-CR-454-Ex251-STA-NB-10-MES-TAZ-rep1_R1_001.fastq.gz,./fastqs/MZ-SS-CR-454-Ex251-STA-NB-10-MES-TAZ-rep1_R2_001.fastq.gz,Ex251-STA-NB-10-MES-100k_IgG
Ex251-STA-NB-10-MES-200k_H3K27ac,1,./fastqs/MZ-SS-CR-456-Ex251-STA-NB-10-MES-200k-H3K27ac-rep1_R1_001.fastq.gz,./fastqs/MZ-SS-CR-456-Ex251-STA-NB-10-MES-200k-H3K27ac-rep1_R2_001.fastq.gz,Ex251-STA-NB-10-MES-200k_IgG
Ex251-STA-NB-10-MES_YAP1,1,./fastqs/MZ-SS-CR-453-Ex251-STA-NB-10-MES-YAP1-rep1_R1_001.fastq.gz,./fastqs/MZ-SS-CR-453-Ex251-STA-NB-10-MES-YAP1-rep1_R2_001.fastq.gz,Ex251-STA-NB-10-MES-100k_IgG
Ex251-STA-NB-10-MES-100k_H3K27ac,1,./fastqs/MZ-SS-CR-452-Ex251-STA-NB-10-MES-100k-H3K27ac-rep1_R1_001.fastq.gz,./fastqs/MZ-SS-CR-452-Ex251-STA-NB-10-MES-100k-H3K27ac-rep1_R2_001.fastq.gz,Ex251-STA-NB-10-MES-100k_IgG
CLB-Ma-A_TAZ,2,./fastqs/MZ-SS-CR-505-CLB-Ma-A-TAZ-rep2_R1_001.fastq.gz,./fastqs/MZ-SS-CR-505-CLB-Ma-A-TAZ-rep2_R2_001.fastq.gz,CLB-Ma-A_IgG
CLB-Ma-M_H3K27ac,2,./fastqs/MZ-SS-CR-475-CLB-Ma-M-H3K27ac-rep2_R1_001.fastq.gz,./fastqs/MZ-SS-CR-475-CLB-Ma-M-H3K27ac-rep2_R2_001.fastq.gz,CLB-Ma-M_IgG
SK-N-SH-M_IgG,2,./fastqs/MZ-SS-CR-510-SK-N-SH-M-IgG-rep2_R1_001.fastq.gz,./fastqs/MZ-SS-CR-510-SK-N-SH-M-IgG-rep2_R2_001.fastq.gz,
SK-N-SH-A_IgG,2,./fastqs/MZ-SS-CR-517-SK-N-SH-A-IgG-rep2_R1_001.fastq.gz,./fastqs/MZ-SS-CR-517-SK-N-SH-A-IgG-rep2_R2_001.fastq.gz,
SK-N-SH-A_H3K27ac,2,./fastqs/MZ-SS-CR-490-SK-N-SH-A-H3K27ac-rep2_R1_001.fastq.gz,./fastqs/MZ-SS-CR-490-SK-N-SH-A-H3K27ac-rep2_R2_001.fastq.gz,SK-N-SH-A_IgG
CLB-Ma-M_Jun,2,./fastqs/MZ-SS-CR-499-CLB-Ma-M-Jun-rep2_R1_001.fastq.gz,./fastqs/MZ-SS-CR-499-CLB-Ma-M-Jun-rep2_R2_001.fastq.gz,CLB-Ma-M_IgG
CLB-Ma-A_Jun,2,./fastqs/MZ-SS-CR-506-CLB-Ma-A-Jun-rep2_R1_001.fastq.gz,./fastqs/MZ-SS-CR-506-CLB-Ma-A-Jun-rep2_R2_001.fastq.gz,CLB-Ma-A_IgG
SK-N-SH-M_H3K27ac,2,./fastqs/MZ-SS-CR-485-SK-N-SH-M-H3K27ac-rep2_R1_001.fastq.gz,./fastqs/MZ-SS-CR-485-SK-N-SH-M-H3K27ac-rep2_R2_001.fastq.gz,SK-N-SH-M_IgG
CLB-Ma-M_TAZ,2,./fastqs/MZ-SS-CR-498-CLB-Ma-M-TAZ-rep2_R1_001.fastq.gz,./fastqs/MZ-SS-CR-498-CLB-Ma-M-TAZ-rep2_R2_001.fastq.gz,CLB-Ma-M_IgG
CLB-Ma-A_YAP,2,./fastqs/MZ-SS-CR-504-CLB-Ma-A-YAP-rep2_R1_001.fastq.gz,./fastqs/MZ-SS-CR-504-CLB-Ma-A-YAP-rep2_R2_001.fastq.gz,CLB-Ma-A_IgG
SK-N-SH-A_Jun,2,./fastqs/MZ-SS-CR-520-SK-N-SH-A-Jun-rep2_R1_001.fastq.gz,./fastqs/MZ-SS-CR-520-SK-N-SH-A-Jun-rep2_R2_001.fastq.gz,SK-N-SH-A_IgG
SK-N-SH-A_TAZ,2,./fastqs/MZ-SS-CR-519-SK-N-SH-A-TAZ-rep2_R1_001.fastq.gz,./fastqs/MZ-SS-CR-519-SK-N-SH-A-TAZ-rep2_R2_001.fastq.gz,SK-N-SH-A_IgG
SK-N-SH-A_YAP,2,./fastqs/MZ-SS-CR-518-SK-N-SH-A-YAP-rep2_R1_001.fastq.gz,./fastqs/MZ-SS-CR-518-SK-N-SH-A-YAP-rep2_R2_001.fastq.gz,SK-N-SH-A_IgG
CLB-Ma-M_YAP,2,./fastqs/MZ-SS-CR-497-CLB-Ma-M-YAP-rep2_R1_001.fastq.gz,./fastqs/MZ-SS-CR-497-CLB-Ma-M-YAP-rep2_R2_001.fastq.gz,CLB-Ma-M_IgG
CLB-Ma-A_IgG,2,./fastqs/MZ-SS-CR-503-CLB-Ma-A-IgG-rep2_R1_001.fastq.gz,./fastqs/MZ-SS-CR-503-CLB-Ma-A-IgG-rep2_R2_001.fastq.gz,
CLB-Ma-M_IgG,2,./fastqs/MZ-SS-CR-496-CLB-Ma-M-IgG-rep2_R1_001.fastq.gz,./fastqs/MZ-SS-CR-496-CLB-Ma-M-IgG-rep2_R2_001.fastq.gz,
SK-N-SH-A_H3K4me1,2,./fastqs/MZ-SS-CR-491-SK-N-SH-A-H3K4me1-rep2_R1_001.fastq.gz,./fastqs/MZ-SS-CR-491-SK-N-SH-A-H3K4me1-rep2_R2_001.fastq.gz,SK-N-SH-A_IgG
CLB-Ma-A_H3K4me1,2,./fastqs/MZ-SS-CR-481-CLB-Ma-A-H3K4me1-rep2_R1_001.fastq.gz,./fastqs/MZ-SS-CR-481-CLB-Ma-A-H3K4me1-rep2_R2_001.fastq.gz,CLB-Ma-A_IgG
SK-N-SH-M_H3K4me1,2,./fastqs/MZ-SS-CR-486-SK-N-SH-M-H3K4me1-rep2_R1_001.fastq.gz,./fastqs/MZ-SS-CR-486-SK-N-SH-M-H3K4me1-rep2_R2_001.fastq.gz,SK-N-SH-M_IgG
CLB-Ma-A_H3K27ac,2,./fastqs/MZ-SS-CR-480-CLB-Ma-A-H3K27ac-rep2_R1_001.fastq.gz,./fastqs/MZ-SS-CR-480-CLB-Ma-A-H3K27ac-rep2_R2_001.fastq.gz,CLB-Ma-A_IgG
SK-N-SH-M_TAZ,2,./fastqs/MZ-SS-CR-512-SK-N-SH-M-TAZ-rep2_R1_001.fastq.gz,./fastqs/MZ-SS-CR-512-SK-N-SH-M-TAZ-rep2_R2_001.fastq.gz,SK-N-SH-M_IgG
CLB-Ma-M_FRA1,2,./fastqs/MZ-SS-CR-500-CLB-Ma-M-FRA1-rep2_R1_001.fastq.gz,./fastqs/MZ-SS-CR-500-CLB-Ma-M-FRA1-rep2_R2_001.fastq.gz,CLB-Ma-M_IgG
CLB-Ma-M_H3K4me1,2,./fastqs/MZ-SS-CR-476-CLB-Ma-M-H3K4me1-rep2_R1_001.fastq.gz,./fastqs/MZ-SS-CR-476-CLB-Ma-M-H3K4me1-rep2_R2_001.fastq.gz,CLB-Ma-M_IgG
SK-N-SH-A_FRA1,2,./fastqs/MZ-SS-CR-521-SK-N-SH-A-FRA1-rep2_R1_001.fastq.gz,./fastqs/MZ-SS-CR-521-SK-N-SH-A-FRA1-rep2_R2_001.fastq.gz,SK-N-SH-A_IgG
SK-N-SH-M_YAP,2,./fastqs/MZ-SS-CR-511-SK-N-SH-M-YAP-rep2_R1_001.fastq.gz,./fastqs/MZ-SS-CR-511-SK-N-SH-M-YAP-rep2_R2_001.fastq.gz,SK-N-SH-M_IgG