"gene","PeakId","Annotation","Distance.to.TSS","log2FoldChange","padj","contrast"
"MAML2","Interval_88786","intron (ENSG00000184384, intron 1 of 4)",-16284,-0.939944373714561,0.000215107880270894,"48h_vs_control"
"MAML2","Interval_88730","intron (ENSG00000184384, intron 1 of 4)",-33858,0.70049976095335,0.0724301561858342,"48h_vs_control"
"MAML2","Interval_88686","intron (ENSG00000184384, intron 2 of 3)",28284,-0.631319323939883,0.103633152376503,"48h_vs_control"
"MAML2","Interval_88769","intron (ENSG00000184384, intron 1 of 4)",-76741,-0.367533728161309,0.109996983827054,"48h_vs_control"
"MAML2","Interval_88739","intron (ENSG00000184384, intron 1 of 4)",-56794,-0.334289813789577,0.13025481301104,"48h_vs_control"
"MAML2","Interval_88713","intron (ENSG00000184384, intron 1 of 3)",-9880,0.470794995693082,0.149532596173773,"48h_vs_control"
"MAML2","Interval_88789","intron (ENSG00000184384, intron 1 of 4)",-3266,0.402591206839376,0.152845606971251,"48h_vs_control"
"MAML2","Interval_88709","intron (ENSG00000184384, intron 1 of 3)",-26620,-0.299502334350241,0.247424673202814,"48h_vs_control"
"NOTCH2","Interval_22381","intron (ENSG00000134250, intron 3 of 3)",14371,-0.287129614139145,0.247625437896689,"48h_vs_control"
"NOTCH2","Interval_22375","promoter-TSS (ENSG00000134250)",81960,-0.253415015259075,0.27950817959874,"48h_vs_control"
"MAML2","Interval_88751","intron (ENSG00000184384, intron 1 of 4)",-106672,-0.242540371368768,0.308071467459016,"48h_vs_control"
"MAML2","Interval_88748","intron (ENSG00000184384, intron 1 of 4)",-94920,-0.231715414104853,0.311954008470018,"48h_vs_control"
"MAML2","Interval_88722","intron (ENSG00000184384, intron 1 of 4)",-9467,-0.230609663928941,0.329525560656145,"48h_vs_control"
"MAML2","Interval_88782","intron (ENSG00000184384, intron 1 of 4)",-26875,-0.203178455340202,0.353395014595342,"48h_vs_control"
"MAML2","Interval_88785","intron (ENSG00000184384, intron 1 of 4)",-20632,0.122121779001127,0.364406223429993,"48h_vs_control"
"MAML2","Interval_88694","intron (ENSG00000184384, intron 1 of 3)",50995,-0.110907515689844,0.384807977701539,"48h_vs_control"
"MAML2","Interval_88696","intron (ENSG00000184384, intron 1 of 3)",54764,-0.141732312809376,0.44183375007521,"48h_vs_control"
"MAML2","Interval_88741","intron (ENSG00000184384, intron 1 of 4)",-62988,-0.171261342147624,0.442423113344758,"48h_vs_control"
"MAML2","Interval_88761","intron (ENSG00000184384, intron 1 of 4)",-112462,-0.12808301827654,0.570754035306561,"48h_vs_control"
"MAML2","Interval_88740","intron (ENSG00000184384, intron 1 of 4)",-61378,-0.119726072877471,0.600883365336964,"48h_vs_control"
"MAML2","Interval_88771","intron (ENSG00000184384, intron 1 of 4)",-68433,0.0745655010860432,0.606003244689008,"48h_vs_control"
"MAML2","Interval_88754","intron (ENSG00000184384, intron 1 of 4)",-114266,0.12014770835713,0.609651496497472,"48h_vs_control"
"MAML2","Interval_88705","intron (ENSG00000184384, intron 1 of 3)",-41735,0.109795849436009,0.639363661549263,"48h_vs_control"
"NOTCH1","Interval_491605","promoter-TSS (ENSG00000148400)",6475,-0.0848126368937098,0.641738326858934,"48h_vs_control"
"NOTCH2","Interval_22369","intron (ENSG00000134250, intron 7 of 11)",-68640,0.0786187936253172,0.666579211016052,"48h_vs_control"
"MAML2","Interval_88763","intron (ENSG00000184384, intron 1 of 4)",-104426,0.0613994305230874,0.716674668199069,"48h_vs_control"
"MAML2","Interval_88707","intron (ENSG00000184384, intron 1 of 3)",-36816,-0.0905956364571252,0.718305389282447,"48h_vs_control"
"MAML2","Interval_88712","intron (ENSG00000184384, intron 1 of 3)",-11605,-0.0506441297631649,0.73329283099265,"48h_vs_control"
"MAML2","Interval_88755","intron (ENSG00000184384, intron 1 of 4)",-119091,-0.0674237189181704,0.734789136219487,"48h_vs_control"
"NOTCH2","Interval_22355","exon (ENSG00000134250, exon 34 of 34)",-17639,-0.0532332326270893,0.740175407663472,"48h_vs_control"
"MAML2","Interval_88780","intron (ENSG00000184384, intron 1 of 4)",-34035,0.0817230089894438,0.752571648848633,"48h_vs_control"
"MAML2","Interval_88684","TTS (ENSG00000184384)",14590,-0.0316920779017129,0.755347438813477,"48h_vs_control"
"NOTCH2","Interval_22380","intron (ENSG00000134250, intron 3 of 3)",11587,-0.0367506136610844,0.758890154212766,"48h_vs_control"
"MAML2","Interval_88743","intron (ENSG00000184384, intron 1 of 4)",-68222,-0.0585180262737158,0.774020781407568,"48h_vs_control"
"MAML2","Interval_88726","intron (ENSG00000184384, intron 1 of 4)",-19560,0.0753343298298605,0.77431230479615,"48h_vs_control"
"MAML2","Interval_88721","intron (ENSG00000184384, intron 1 of 4)",-5147,-0.0755521724374675,0.779129528437193,"48h_vs_control"
"MAML2","Interval_88737","intron (ENSG00000184384, intron 1 of 4)",-51354,-0.0668903554954854,0.791222697489339,"48h_vs_control"
"MAML2","Interval_88724","intron (ENSG00000184384, intron 1 of 4)",-11994,-0.0525554125394602,0.820031663303477,"48h_vs_control"
"MAML2","Interval_88781","intron (ENSG00000184384, intron 1 of 4)",-30064,-0.0615913671573054,0.820476101376471,"48h_vs_control"
"MAML2","Interval_88744","intron (ENSG00000184384, intron 1 of 4)",-69623,-0.0634548563119065,0.829292113777439,"48h_vs_control"
"MAML2","Interval_88768","intron (ENSG00000184384, intron 1 of 4)",-82005,-0.0564483580489224,0.843876293763994,"48h_vs_control"
"MAML2","Interval_88760","intron (ENSG00000184384, intron 1 of 4)",-119611,-0.043499773603473,0.848343593740227,"48h_vs_control"
"MAML2","Interval_88727","intron (ENSG00000184384, intron 1 of 4)",-21236,-0.0403249612953006,0.850119506505134,"48h_vs_control"
"MAML2","Interval_88702","intron (ENSG00000184384, intron 1 of 3)",-57027,-0.0363915596476831,0.851660714123547,"48h_vs_control"
"MAML2","Interval_88706","intron (ENSG00000184384, intron 1 of 3)",-39100,-0.0366627749781586,0.854748154881825,"48h_vs_control"
"MAML2","Interval_88758","intron (ENSG00000184384, intron 1 of 4)",-122143,0.024651482710687,0.859952912910626,"48h_vs_control"
"MAML2","Interval_88784","intron (ENSG00000184384, intron 1 of 4)",-23411,0.0428450084834696,0.872603793534205,"48h_vs_control"
"MAML2","Interval_88791","intron (ENSG00000184384, intron 1 of 4)",-1105,-0.0425321250601656,0.880757685851786,"48h_vs_control"
"MAML2","Interval_88692","intron (ENSG00000184384, intron 1 of 3)",49286,0.0464952875025576,0.880873376758484,"48h_vs_control"
"NOTCH1","Interval_491600","TTS (ENSG00000148400)",11022,0.0502956574369381,0.882610172375665,"48h_vs_control"
"NOTCH2","Interval_22373","intron (ENSG00000134250, intron 1 of 11)",-81872,0.0283618150889599,0.89465436697869,"48h_vs_control"
"MAML2","Interval_88728","intron (ENSG00000184384, intron 1 of 4)",-29195,-0.0251376881758153,0.899722546533746,"48h_vs_control"
"MAML2","Interval_88746","intron (ENSG00000184384, intron 1 of 4)",-75745,-0.0377613310263414,0.900602008237098,"48h_vs_control"
"MAML2","Interval_88762","intron (ENSG00000184384, intron 1 of 4)",-105632,0.0304475514955975,0.904154345142444,"48h_vs_control"
"NOTCH1","Interval_491618","promoter-TSS (ENSG00000265181)",-82,-0.0371975241340248,0.91793390997729,"48h_vs_control"
"MAML2","Interval_88711","intron (ENSG00000184384, intron 1 of 3)",-16725,0.033072212403707,0.919869577631914,"48h_vs_control"
"NOTCH2","Interval_22374","intron (ENSG00000134250, intron 1 of 11)",-85614,0.0304394232938802,0.921595758379132,"48h_vs_control"
"NOTCH2","Interval_22379","promoter-TSS (ENSG00000134250)",322,-0.0356826381489728,0.925903240197637,"48h_vs_control"
"MAML2","Interval_88759","intron (ENSG00000184384, intron 1 of 4)",-121011,0.0262248117620453,0.933934579544099,"48h_vs_control"
"NOTCH1","Interval_491620","TTS (ENSG00000237886)",1529,-0.0224596370206938,0.93587707834824,"48h_vs_control"
"MAML2","Interval_88716","intron (ENSG00000184384, intron 1 of 3)",-1164,-0.0303656239188384,0.93610337822762,"48h_vs_control"
"NOTCH2","Interval_22378","intron (ENSG00000134250, intron 1 of 13)",54407,0.0238254873570726,0.938233242985282,"48h_vs_control"
"MAML2","Interval_88792","TTS (ENSG00000266192)",396,0.0290287676190499,0.938785403504454,"48h_vs_control"
"NOTCH1","Interval_491603","intron (ENSG00000148400, intron 26 of 33)",15730,-0.0170919035829081,0.938840254055888,"48h_vs_control"
"MAML2","Interval_88787","intron (ENSG00000184384, intron 1 of 4)",-12164,-0.027336497910874,0.942592484913814,"48h_vs_control"
"MAML2","Interval_88757","intron (ENSG00000184384, intron 1 of 4)",-121997,-0.0265764167483086,0.942865072807698,"48h_vs_control"
"MAML2","Interval_88790","intron (ENSG00000184384, intron 1 of 4)",-2163,-0.0292333016036604,0.943264210962589,"48h_vs_control"
"MAML2","Interval_88793","promoter-TSS (ENSG00000184384)",1798,0.0257265039809181,0.946036799404987,"48h_vs_control"
"MAML2","Interval_88772","intron (ENSG00000184384, intron 1 of 4)",-65333,0.016022441049202,0.946340898431822,"48h_vs_control"
"MAML2","Interval_88765","intron (ENSG00000184384, intron 1 of 4)",-98102,0.0270438760967471,0.948581499026561,"48h_vs_control"
"MAML2","Interval_88708","intron (ENSG00000184384, intron 1 of 3)",-29789,-0.0200227277871005,0.952582129660019,"48h_vs_control"
"MAML2","Interval_88776","intron (ENSG00000184384, intron 1 of 4)",-48022,0.0207698446753282,0.952755589434556,"48h_vs_control"
"MAML2","Interval_88704","intron (ENSG00000184384, intron 1 of 3)",-45924,-0.021495353060092,0.954858424242945,"48h_vs_control"
"NOTCH2","Interval_22363","intron (ENSG00000134250, intron 16 of 33)",-52470,0.0228929276086122,0.955934033597662,"48h_vs_control"
"NOTCH1","Interval_491611","intron (ENSG00000148400, intron 2 of 33)",-8239,-0.0116304448730053,0.959318001251029,"48h_vs_control"
"MAML2","Interval_88734","intron (ENSG00000184384, intron 1 of 4)",-41170,-0.0150661732197448,0.965292698853873,"48h_vs_control"
"MAML2","Interval_88779","intron (ENSG00000184384, intron 1 of 4)",-38104,-0.0110119871437502,0.971692615498378,"48h_vs_control"
"MAML2","Interval_88703","intron (ENSG00000184384, intron 1 of 3)",-54707,-0.0106703665405024,0.972074605006278,"48h_vs_control"
"MAML2","Interval_88717","exon (ENSG00000184384, exon 2 of 5)",567,0.0102786835040804,0.975979323689207,"48h_vs_control"
"MAML2","Interval_88756","intron (ENSG00000184384, intron 1 of 4)",-120017,-0.0144556492951813,0.977604982754828,"48h_vs_control"
"NOTCH2","Interval_22371","exon (ENSG00000134250, exon 7 of 34)",-71673,0.00962528707387928,0.978407396830069,"48h_vs_control"
"MAML2","Interval_88788","intron (ENSG00000184384, intron 1 of 4)",-8941,-0.0106032215056162,0.982678810490584,"48h_vs_control"
"MAML2","Interval_88770","intron (ENSG00000184384, intron 1 of 4)",-73677,0.00589895532592504,0.988522211633252,"48h_vs_control"
"MAML2","Interval_88695","intron (ENSG00000184384, intron 1 of 3)",53163,0.0044987785831631,0.989800701846662,"48h_vs_control"
"MAML2","Interval_88773","intron (ENSG00000184384, intron 1 of 4)",-62484,-0.00654256162214072,0.990837879720995,"48h_vs_control"
"MAML2","Interval_88753","intron (ENSG00000184384, intron 1 of 4)",-112061,-0.00321364025323393,0.992339444221803,"48h_vs_control"
"MAML2","Interval_88693","intron (ENSG00000184384, intron 1 of 3)",50472,-0.00366594685953097,0.992765222620993,"48h_vs_control"
"MAML2","Interval_88719","intron (ENSG00000184384, intron 1 of 4)",-2823,-0.00117140376950143,0.99847360767806,"48h_vs_control"
"MAML2","Interval_88715","intron (ENSG00000184384, intron 1 of 3)",-3129,7.58178348123566e-05,0.999928332022404,"48h_vs_control"
"NOTCH2","Interval_22367","intron (ENSG00000134250, intron 8 of 11)",-64397,0.0134175620355866,NA,"48h_vs_control"
"NOTCH2","Interval_22368","intron (ENSG00000134250, intron 8 of 11)",-65664,-0.00110994940613027,NA,"48h_vs_control"
"NOTCH2","Interval_22372","intron (ENSG00000134250, intron 5 of 14)",-79400,-0.0182814541946424,NA,"48h_vs_control"
"NOTCH2","Interval_22377","intron (ENSG00000134250, intron 1 of 13)",59053,-0.0927132476202584,NA,"48h_vs_control"
"MAML2","Interval_88691","intron (ENSG00000184384, intron 1 of 3)",45222,0.0275941597810578,NA,"48h_vs_control"
"MAML2","Interval_88701","intron (ENSG00000184384, intron 1 of 3)",-58090,0.0182115027932929,NA,"48h_vs_control"
"MAML2","Interval_88725","intron (ENSG00000184384, intron 1 of 4)",-14167,-0.0516509145762471,NA,"48h_vs_control"
"MAML2","Interval_88733","intron (ENSG00000184384, intron 1 of 4)",-39031,0.0135065996196975,NA,"48h_vs_control"
"MAML2","Interval_88749","intron (ENSG00000184384, intron 1 of 4)",-100668,0.0116754715174913,NA,"48h_vs_control"
"MAML2","Interval_88752","intron (ENSG00000184384, intron 1 of 4)",-111348,-0.00560239428297175,NA,"48h_vs_control"
"MAML2","Interval_88766","intron (ENSG00000184384, intron 1 of 4)",-87258,0.0248283846352745,NA,"48h_vs_control"
"MAML2","Interval_88783","intron (ENSG00000184384, intron 1 of 4)",-24361,-0.0738135018385219,NA,"48h_vs_control"
"NOTCH1","Interval_491614","intron (ENSG00000148400, intron 2 of 33)",-7742,0.12837206692464,NA,"48h_vs_control"
"NOTCH1","Interval_491617","intron (ENSG00000148400, intron 2 of 33)",-5826,0.0460602496428907,NA,"48h_vs_control"
"MAML2","Interval_88786","intron (ENSG00000184384, intron 1 of 4)",-16284,-0.672374062628391,0.0162774191513552,"24h_vs_control"
"MAML2","Interval_88686","intron (ENSG00000184384, intron 2 of 3)",28284,-0.936351933691972,0.0437289866222718,"24h_vs_control"
"MAML2","Interval_88769","intron (ENSG00000184384, intron 1 of 4)",-76741,-0.340763053202395,0.189624173205167,"24h_vs_control"
"MAML2","Interval_88751","intron (ENSG00000184384, intron 1 of 4)",-106672,-0.0417298299274081,0.288683262126826,"24h_vs_control"
"MAML2","Interval_88782","intron (ENSG00000184384, intron 1 of 4)",-26875,-0.0260491881631031,0.506536644379934,"24h_vs_control"
"MAML2","Interval_88761","intron (ENSG00000184384, intron 1 of 4)",-112462,-0.0432687208344869,0.693142723605772,"24h_vs_control"
"MAML2","Interval_88740","intron (ENSG00000184384, intron 1 of 4)",-61378,-0.0288422434591567,0.707921964066306,"24h_vs_control"
"NOTCH2","Interval_22375","promoter-TSS (ENSG00000134250)",81960,-0.0307396729181577,0.767964748048335,"24h_vs_control"
"MAML2","Interval_88748","intron (ENSG00000184384, intron 1 of 4)",-94920,-0.0292902168987886,0.798281697026596,"24h_vs_control"
"NOTCH2","Interval_22381","intron (ENSG00000134250, intron 3 of 3)",14371,-0.0134523848183027,0.907628350353956,"24h_vs_control"
"MAML2","Interval_88755","intron (ENSG00000184384, intron 1 of 4)",-119091,-0.0130301692402471,0.959706639217971,"24h_vs_control"
"MAML2","Interval_88703","intron (ENSG00000184384, intron 1 of 3)",-54707,-0.0102684716115431,0.968123660159893,"24h_vs_control"
"MAML2","Interval_88789","intron (ENSG00000184384, intron 1 of 4)",-3266,0.0167080185043516,0.968782888704431,"24h_vs_control"
"MAML2","Interval_88741","intron (ENSG00000184384, intron 1 of 4)",-62988,-0.0214012765903924,0.975392826655628,"24h_vs_control"
"MAML2","Interval_88730","intron (ENSG00000184384, intron 1 of 4)",-33858,0.0114542930894627,0.983651009883327,"24h_vs_control"
"MAML2","Interval_88721","intron (ENSG00000184384, intron 1 of 4)",-5147,-0.0180061240775147,0.998336061976538,"24h_vs_control"
"MAML2","Interval_88727","intron (ENSG00000184384, intron 1 of 4)",-21236,-0.0105695327488674,0.998336061976538,"24h_vs_control"
"MAML2","Interval_88781","intron (ENSG00000184384, intron 1 of 4)",-30064,-0.0160569199173323,0.998336061976538,"24h_vs_control"
"NOTCH2","Interval_22363","intron (ENSG00000134250, intron 16 of 33)",-52470,-0.0077937971987576,0.999984913578322,"24h_vs_control"
"NOTCH2","Interval_22369","intron (ENSG00000134250, intron 7 of 11)",-68640,0.00322067372990423,0.999984913578322,"24h_vs_control"
"NOTCH2","Interval_22371","exon (ENSG00000134250, exon 7 of 34)",-71673,0.00544882733355687,0.999984913578322,"24h_vs_control"
"NOTCH2","Interval_22374","intron (ENSG00000134250, intron 1 of 11)",-85614,-0.00170906899115491,0.999984913578322,"24h_vs_control"
"NOTCH2","Interval_22378","intron (ENSG00000134250, intron 1 of 13)",54407,0.00781552593485324,0.999984913578322,"24h_vs_control"
"NOTCH2","Interval_22379","promoter-TSS (ENSG00000134250)",322,-0.00486047483693872,0.999984913578322,"24h_vs_control"
"NOTCH2","Interval_22380","intron (ENSG00000134250, intron 3 of 3)",11587,-0.00434380617306918,0.999984913578322,"24h_vs_control"
"MAML2","Interval_88692","intron (ENSG00000184384, intron 1 of 3)",49286,0.00149550634346814,0.999984913578322,"24h_vs_control"
"MAML2","Interval_88694","intron (ENSG00000184384, intron 1 of 3)",50995,-0.00849292641934784,0.999984913578322,"24h_vs_control"
"MAML2","Interval_88695","intron (ENSG00000184384, intron 1 of 3)",53163,0.000281359073420364,0.999984913578322,"24h_vs_control"
"MAML2","Interval_88696","intron (ENSG00000184384, intron 1 of 3)",54764,-0.0114929269620161,0.999984913578322,"24h_vs_control"
"MAML2","Interval_88704","intron (ENSG00000184384, intron 1 of 3)",-45924,-0.013819669520714,0.999984913578322,"24h_vs_control"
"MAML2","Interval_88705","intron (ENSG00000184384, intron 1 of 3)",-41735,-0.00560172911865085,0.999984913578322,"24h_vs_control"
"MAML2","Interval_88706","intron (ENSG00000184384, intron 1 of 3)",-39100,-0.00436477678499756,0.999984913578322,"24h_vs_control"
"MAML2","Interval_88707","intron (ENSG00000184384, intron 1 of 3)",-36816,-0.00275587153964911,0.999984913578322,"24h_vs_control"
"MAML2","Interval_88708","intron (ENSG00000184384, intron 1 of 3)",-29789,-0.00260859418234898,0.999984913578322,"24h_vs_control"
"MAML2","Interval_88709","intron (ENSG00000184384, intron 1 of 3)",-26620,-0.00733290172484084,0.999984913578322,"24h_vs_control"
"MAML2","Interval_88711","intron (ENSG00000184384, intron 1 of 3)",-16725,-0.00263721036247888,0.999984913578322,"24h_vs_control"
"MAML2","Interval_88713","intron (ENSG00000184384, intron 1 of 3)",-9880,0.00925824972390379,0.999984913578322,"24h_vs_control"
"MAML2","Interval_88715","intron (ENSG00000184384, intron 1 of 3)",-3129,0.00485531951222679,0.999984913578322,"24h_vs_control"
"MAML2","Interval_88716","intron (ENSG00000184384, intron 1 of 3)",-1164,-0.00879611344617877,0.999984913578322,"24h_vs_control"
"MAML2","Interval_88719","intron (ENSG00000184384, intron 1 of 4)",-2823,0.00104887555704603,0.999984913578322,"24h_vs_control"
"MAML2","Interval_88722","intron (ENSG00000184384, intron 1 of 4)",-9467,-0.0138293029123583,0.999984913578322,"24h_vs_control"
"MAML2","Interval_88724","intron (ENSG00000184384, intron 1 of 4)",-11994,0.0019060599171446,0.999984913578322,"24h_vs_control"
"MAML2","Interval_88726","intron (ENSG00000184384, intron 1 of 4)",-19560,0.00821386519855407,0.999984913578322,"24h_vs_control"
"MAML2","Interval_88728","intron (ENSG00000184384, intron 1 of 4)",-29195,-0.00486201401222375,0.999984913578322,"24h_vs_control"
"MAML2","Interval_88734","intron (ENSG00000184384, intron 1 of 4)",-41170,-0.00307778055642345,0.999984913578322,"24h_vs_control"
"MAML2","Interval_88737","intron (ENSG00000184384, intron 1 of 4)",-51354,-0.0124070189098202,0.999984913578322,"24h_vs_control"
"MAML2","Interval_88739","intron (ENSG00000184384, intron 1 of 4)",-56794,-0.0183320379281734,0.999984913578322,"24h_vs_control"
"MAML2","Interval_88743","intron (ENSG00000184384, intron 1 of 4)",-68222,-0.0107844580063804,0.999984913578322,"24h_vs_control"
"MAML2","Interval_88744","intron (ENSG00000184384, intron 1 of 4)",-69623,-0.0123909344380988,0.999984913578322,"24h_vs_control"
"MAML2","Interval_88746","intron (ENSG00000184384, intron 1 of 4)",-75745,-0.00516394002104228,0.999984913578322,"24h_vs_control"
"MAML2","Interval_88754","intron (ENSG00000184384, intron 1 of 4)",-114266,0.0126227014050679,0.999984913578322,"24h_vs_control"
"MAML2","Interval_88756","intron (ENSG00000184384, intron 1 of 4)",-120017,-0.00169853463846776,0.999984913578322,"24h_vs_control"
"MAML2","Interval_88757","intron (ENSG00000184384, intron 1 of 4)",-121997,-0.00184522935069658,0.999984913578322,"24h_vs_control"
"MAML2","Interval_88758","intron (ENSG00000184384, intron 1 of 4)",-122143,0.000622145764948445,0.999984913578322,"24h_vs_control"
"MAML2","Interval_88759","intron (ENSG00000184384, intron 1 of 4)",-121011,0.00316126039803468,0.999984913578322,"24h_vs_control"
"MAML2","Interval_88760","intron (ENSG00000184384, intron 1 of 4)",-119611,-0.00594909625947553,0.999984913578322,"24h_vs_control"
"MAML2","Interval_88762","intron (ENSG00000184384, intron 1 of 4)",-105632,0.00809917931440536,0.999984913578322,"24h_vs_control"
"MAML2","Interval_88765","intron (ENSG00000184384, intron 1 of 4)",-98102,-0.00712349541805494,0.999984913578322,"24h_vs_control"
"MAML2","Interval_88768","intron (ENSG00000184384, intron 1 of 4)",-82005,-0.00183580587554927,0.999984913578322,"24h_vs_control"
"MAML2","Interval_88770","intron (ENSG00000184384, intron 1 of 4)",-73677,0.0103602060745861,0.999984913578322,"24h_vs_control"
"MAML2","Interval_88771","intron (ENSG00000184384, intron 1 of 4)",-68433,0.00701991817361407,0.999984913578322,"24h_vs_control"
"MAML2","Interval_88772","intron (ENSG00000184384, intron 1 of 4)",-65333,0.00122827235157533,0.999984913578322,"24h_vs_control"
"MAML2","Interval_88773","intron (ENSG00000184384, intron 1 of 4)",-62484,0.0229497200798908,0.999984913578322,"24h_vs_control"
"MAML2","Interval_88776","intron (ENSG00000184384, intron 1 of 4)",-48022,-0.00382773899996864,0.999984913578322,"24h_vs_control"
"MAML2","Interval_88779","intron (ENSG00000184384, intron 1 of 4)",-38104,-0.00125976958885077,0.999984913578322,"24h_vs_control"
"MAML2","Interval_88780","intron (ENSG00000184384, intron 1 of 4)",-34035,-0.00628889346080883,0.999984913578322,"24h_vs_control"
"MAML2","Interval_88784","intron (ENSG00000184384, intron 1 of 4)",-23411,0.00663677297241484,0.999984913578322,"24h_vs_control"
"MAML2","Interval_88787","intron (ENSG00000184384, intron 1 of 4)",-12164,-0.00160142874904528,0.999984913578322,"24h_vs_control"
"MAML2","Interval_88788","intron (ENSG00000184384, intron 1 of 4)",-8941,-0.00660180362320822,0.999984913578322,"24h_vs_control"
"MAML2","Interval_88790","intron (ENSG00000184384, intron 1 of 4)",-2163,-0.00974713773493694,0.999984913578322,"24h_vs_control"
"MAML2","Interval_88791","intron (ENSG00000184384, intron 1 of 4)",-1105,-0.0120744179499885,0.999984913578322,"24h_vs_control"
"MAML2","Interval_88792","TTS (ENSG00000266192)",396,-0.00422312642010938,0.999984913578322,"24h_vs_control"
"MAML2","Interval_88793","promoter-TSS (ENSG00000184384)",1798,-0.0165800501206048,0.999984913578322,"24h_vs_control"
"NOTCH1","Interval_491600","TTS (ENSG00000148400)",11022,-0.0212224465482261,0.999984913578322,"24h_vs_control"
"NOTCH1","Interval_491605","promoter-TSS (ENSG00000148400)",6475,-0.00634884882816237,0.999984913578322,"24h_vs_control"
"NOTCH1","Interval_491618","promoter-TSS (ENSG00000265181)",-82,0.000531749467390198,0.999984913578322,"24h_vs_control"
"NOTCH1","Interval_491620","TTS (ENSG00000237886)",1529,0.0107637804905652,0.999984913578322,"24h_vs_control"
"NOTCH2","Interval_22355","exon (ENSG00000134250, exon 34 of 34)",-17639,-0.0006510206403472,NA,"24h_vs_control"
"NOTCH2","Interval_22367","intron (ENSG00000134250, intron 8 of 11)",-64397,0.00526655810412681,NA,"24h_vs_control"
"NOTCH2","Interval_22368","intron (ENSG00000134250, intron 8 of 11)",-65664,-0.00368340366227432,NA,"24h_vs_control"
"NOTCH2","Interval_22372","intron (ENSG00000134250, intron 5 of 14)",-79400,-0.00223902461058234,NA,"24h_vs_control"
"NOTCH2","Interval_22373","intron (ENSG00000134250, intron 1 of 11)",-81872,-0.00124536684883826,NA,"24h_vs_control"
"NOTCH2","Interval_22377","intron (ENSG00000134250, intron 1 of 13)",59053,-0.00648633009723187,NA,"24h_vs_control"
"MAML2","Interval_88684","TTS (ENSG00000184384)",14590,-0.00319879506294406,NA,"24h_vs_control"
"MAML2","Interval_88691","intron (ENSG00000184384, intron 1 of 3)",45222,0.00118260312138321,NA,"24h_vs_control"
"MAML2","Interval_88693","intron (ENSG00000184384, intron 1 of 3)",50472,-0.00830810081407738,NA,"24h_vs_control"
"MAML2","Interval_88701","intron (ENSG00000184384, intron 1 of 3)",-58090,0.00420365194334148,NA,"24h_vs_control"
"MAML2","Interval_88702","intron (ENSG00000184384, intron 1 of 3)",-57027,-0.00261199686418972,NA,"24h_vs_control"
"MAML2","Interval_88712","intron (ENSG00000184384, intron 1 of 3)",-11605,-0.00093576714722228,NA,"24h_vs_control"
"MAML2","Interval_88717","exon (ENSG00000184384, exon 2 of 5)",567,0.00397662181308533,NA,"24h_vs_control"
"MAML2","Interval_88725","intron (ENSG00000184384, intron 1 of 4)",-14167,0.00362075606838437,NA,"24h_vs_control"
"MAML2","Interval_88733","intron (ENSG00000184384, intron 1 of 4)",-39031,0.000142532800965529,NA,"24h_vs_control"
"MAML2","Interval_88749","intron (ENSG00000184384, intron 1 of 4)",-100668,0.00699585805169167,NA,"24h_vs_control"
"MAML2","Interval_88752","intron (ENSG00000184384, intron 1 of 4)",-111348,9.01564492323147e-05,NA,"24h_vs_control"
"MAML2","Interval_88753","intron (ENSG00000184384, intron 1 of 4)",-112061,-0.00295794064646154,NA,"24h_vs_control"
"MAML2","Interval_88763","intron (ENSG00000184384, intron 1 of 4)",-104426,0.0105627227093503,NA,"24h_vs_control"
"MAML2","Interval_88766","intron (ENSG00000184384, intron 1 of 4)",-87258,0.00109416373780307,NA,"24h_vs_control"
"MAML2","Interval_88783","intron (ENSG00000184384, intron 1 of 4)",-24361,-0.00857409263592724,NA,"24h_vs_control"
"MAML2","Interval_88785","intron (ENSG00000184384, intron 1 of 4)",-20632,0.0149749248590368,NA,"24h_vs_control"
"NOTCH1","Interval_491603","intron (ENSG00000148400, intron 26 of 33)",15730,-0.00298151469432259,NA,"24h_vs_control"
"NOTCH1","Interval_491611","intron (ENSG00000148400, intron 2 of 33)",-8239,-0.000485253393923443,NA,"24h_vs_control"
"NOTCH1","Interval_491614","intron (ENSG00000148400, intron 2 of 33)",-7742,0.00661244212611068,NA,"24h_vs_control"
"NOTCH1","Interval_491617","intron (ENSG00000148400, intron 2 of 33)",-5826,-0.000916401442895827,NA,"24h_vs_control"
