PeakID (cmd=annotatePeaks.pl /home/abykov/neuroblastoma/temp_results/BEDs/CLB_SKN_M_u_chr.bed hg38)	Chr	Start	End	Strand	Peak Score	Focus Ratio/Region Size	Annotation	Detailed Annotation	Distance to TSS	Nearest PromoterID	Entrez ID	Nearest Unigene	Nearest Refseq	Nearest Ensembl	Gene Name	Gene Alias	Gene Description	Gene Type
*-102	chr1	97091248	97148351	+	0	NA	intron (NM_000110, intron 20 of 22)	intron (NM_000110, intron 20 of 22)	23876	NR_046590	100873932		NR_046590	ENSG00000232878	DPYD-AS1	-	DPYD antisense RNA 1	ncRNA
*-7	chr4	88010645	88041951	+	0	NA	intron (NR_156488, intron 2 of 13)	THE1D-int|LTR|ERVL-MaLR	18663	NM_000297	5311		NM_000297	ENSG00000118762	PKD2	APKD2|PC2|PKD4|Pc-2|TRPP2	polycystin 2, transient receptor potential cation channel	protein-coding
*-22	chr12	27541148	27624851	+	0	NA	intron (NM_001198915, intron 2 of 26)	intron (NM_001198915, intron 2 of 26)	58793	NM_001198915	8496		NM_003622	ENSG00000110841	PPFIBP1	L2|NEDSMBA|SGT2|hSGT2|hSgt2p	PPFIA binding protein 1	protein-coding
*-190	chr9	115664948	115693701	+	0	NA	Intergenic	ERVL-B4-int|LTR|ERVL	64915	NR_109805	101928775		NR_109805		LOC101928775	-	uncharacterized LOC101928775	ncRNA
*-19	chr4	159262098	159310151	+	0	NA	intron (NM_001351728, intron 1 of 24)	L2a|LINE|L2	18315	NM_014247	9693		NM_014247	ENSG00000109756	RAPGEF2	CNrasGEF|NRAPGEP|PDZ-GEF1|PDZGEF1|RA-GEF|RA-GEF-1|RAGEF|Rap-GEP|nRap GEP	Rap guanine nucleotide exchange factor 2	protein-coding
*-98	chr1	85269398	85527851	+	0	NA	intron (NM_001134445, intron 2 of 6)	MER65-int|LTR|ERV1	5882	NM_001330655	23576		NM_012137	ENSG00000153904	DDAH1	DDAH|DDAH-1|DDAHI|HEL-S-16	dimethylarginine dimethylaminohydrolase 1	protein-coding
*-46	chr12	122071348	122131051	+	0	NA	intron (NM_014938, intron 1 of 16)	intron (NM_014938, intron 1 of 16)	22443	NM_014938	22877		NM_014938	ENSG00000175727	MLXIP	MIR|MONDOA|bHLHe36	MLX interacting protein	protein-coding
*-88	chr5	169548298	169606201	+	0	NA	Intergenic	Intergenic	-6524	NM_001329639	54908		NM_017785	ENSG00000040275	SPDL1	CCDC99	spindle apparatus coiled-coil protein 1	protein-coding
*-152	chr2	216443448	216512801	+	0	NA	intron (NM_014140, intron 16 of 17)	intron (NM_014140, intron 16 of 17)	-20720	NM_000998	6168		NM_000998	ENSG00000197756	RPL37A	L37A|eL43	ribosomal protein L37a	protein-coding
*-220	chr3	156531798	156559251	+	0	NA	intron (NM_001308204, intron 3 of 4)	intron (NM_001308204, intron 3 of 4)	8601	NM_001308205	6747		NM_007107	ENSG00000114850	SSR3	TRAPG	signal sequence receptor subunit 3	protein-coding
*-142	chr2	117930198	118011162	+	0	NA	intron (NM_019044, intron 11 of 23)	intron (NM_019044, intron 11 of 23)	43390	NM_019044	54520		NM_019044	ENSG00000125633	CCDC93	-	coiled-coil domain containing 93	protein-coding
*-331	chr8	100898948	100947570	+	0	NA	intron (NM_001135702, intron 5 of 5)	intron (NM_001135702, intron 5 of 5)	27312	NM_001135702	7534		NM_003406	ENSG00000164924	YWHAZ	14-3-3-zeta|HEL-S-3|HEL-S-93|HEL4|KCIP-1|POPCHAS|YWHAD	tyrosine 3-monooxygenase/tryptophan 5-monooxygenase activation protein zeta	protein-coding
*-328	chr8	73542448	73633701	+	0	NA	intron (NM_001164380, intron 11 of 14)	intron (NM_001164380, intron 11 of 14)	158766	NM_001164380	27067		NM_014393	ENSG00000040341	STAU2	39K2|39K3	staufen double-stranded RNA binding protein 2	protein-coding
*-53	chr11	33668348	33733101	+	0	NA	promoter-TSS (NM_001166692)	promoter-TSS (NM_001166692)	16	NM_001166692	100131378		NM_001166692	ENSG00000205177	C11orf91	-	chromosome 11 open reading frame 91	protein-coding
*-327	chr8	66505598	66563401	+	0	NA	Intergenic	Intergenic	40933	NM_152765	254778		NM_152765	ENSG00000169085	VXN	C8orf46	vexin	protein-coding
*-273	chr6	150853798	150900301	+	0	NA	intron (NM_015440, intron 2 of 27)	intron (NM_015440, intron 2 of 27)	10563	NM_001350491	25902		NM_015440	ENSG00000120254	MTHFD1L	FTHFSDC1|MTC1THFS|dJ292B18.2	methylenetetrahydrofolate dehydrogenase (NADP+ dependent) 1 like	protein-coding
*-112	chr1	172883998	172970651	+	0	NA	Intergenic	Charlie2a|DNA|hAT-Charlie	123617	NM_005092	8995		NM_005092	ENSG00000120337	TNFSF18	AITRL|GITRL|TL6|TNLG2A|hGITRL	TNF superfamily member 18	protein-coding
*-230	chr3	192851648	192915160	+	0	NA	intron (NM_178496, intron 1 of 1)	intron (NM_178496, intron 1 of 1)	34452	NM_178496	151963		NM_178496	ENSG00000180611	MB21D2	C3orf59|D2A|hMB21D2	Mab-21 domain containing 2	protein-coding
*-285	chr10	4762498	4781751	+	0	NA	Intergenic	Intergenic	-54053	NM_001271021	83592		NM_031436	ENSG00000165568	AKR1E2	AKR1CL2|AKRDC1|HTSP1|LoopADR|TAKR|hTSP|htAKR	aldo-keto reductase family 1 member E2	protein-coding
*-337	chr21	29308202	29352601	+	0	NA	intron (NR_027655, intron 4 of 7)	AluY|SINE|Alu	25197	NR_027655	571		NM_001186	ENSG00000156273	BACH1	BACH-1|BTBD24	BTB domain and CNC homolog 1	protein-coding
*-52	chr11	33043013	33086001	+	0	NA	intron (NM_001145541, intron 7 of 9)	intron (NM_001145541, intron 7 of 9)	-11643	NR_015451	283267		NR_015451	ENSG00000280798	LINC00294	NCRNA00294	long intergenic non-protein coding RNA 294	ncRNA
*-203	chr3	48011698	48086278	+	0	NA	intron (NM_001384893, intron 1 of 15)	L1MD2|LINE|L1	-32572	NM_001385676	4134		NM_002375	ENSG00000047849	MAP4	-	microtubule associated protein 4	protein-coding
*-321	chr8	32672598	32785351	+	0	NA	TTS (NM_004495)	TTS (NM_004495)	7139	NM_001322197	3084		NM_004495	ENSG00000157168	NRG1	ARIA|GGF|GGF2|HGL|HRG|HRG1|HRGA|MST131|MSTP131|NDF|NRG1-IT2|SMDF	neuregulin 1	protein-coding
*-172	chr17	50026998	50084801	+	0	NA	promoter-TSS (NR_038230)	promoter-TSS (NR_038230)	-160	NR_038230	284080		NR_038230	ENSG00000246640	PICART1	-	p53 inducible cancer associated RNA transcript 1	ncRNA
*-213	chr3	120403648	120448070	+	0	NA	intron (NM_007085, intron 2 of 10)	intron (NM_007085, intron 2 of 10)	25133	NM_007085	11167		NM_007085	ENSG00000163430	FSTL1	FRP|FSL1|MIR198|OCC-1|OCC1|tsc36	follistatin like 1	protein-coding
*-165	chr17	16002691	16048251	+	0	NA	intron (NM_017775, intron 8 of 9)	intron (NM_017775, intron 8 of 9)	25647	NM_017775	54902		NM_017775	ENSG00000011295	TTC19	2010204O13Rik|MC3DN2	tetratricopeptide repeat domain 19	protein-coding
*-23	chr12	29277048	29288851	+	0	NA	intron (NR_103860, intron 5 of 6)	intron (NR_103860, intron 5 of 6)	34899	NR_103860	100506606		NR_103860	ENSG00000257176	LOC100506606	-	uncharacterized LOC100506606	ncRNA
*-253	chr22	24282698	24339106	+	0	NA	intron (NM_001254732, intron 2 of 14)	L1MC4a|LINE|L1	-31206	NM_001254733	23384		NM_015330	ENSG00000100014	SPECC1L	CYTSA|GBBB2|OBLFC1|TBHS|TBHS1	sperm antigen with calponin homology and coiled-coil domains 1 like	protein-coding
*-243	chr14	49970048	50024601	+	0	NA	intron (NR_126498, intron 1 of 3)	MLT2B1|LTR|ERVL	-4190	NR_126499	283551		NM_001012706	ENSG00000214900	LINC01588	C14orf182	long intergenic non-protein coding RNA 1588	ncRNA
*-36	chr12	95198898	95263201	+	0	NA	intron (NM_001352100, intron 2 of 12)	intron (NM_001352100, intron 2 of 12)	13242	NM_001352109	55591		NM_017599	ENSG00000028203	VEZT	VEZATIN	vezatin, adherens junctions transmembrane protein	protein-coding
*-286	chr10	17648398	17689351	+	0	NA	intron (NM_001324287, intron 2 of 11)	L1MC2|LINE|L1	24723	NM_001324286	8027		NM_003473	ENSG00000136738	STAM	STAM-1|STAM1	signal transducing adaptor molecule	protein-coding
*-317	chr16	69431848	69497251	+	0	NA	3' UTR (NM_030579, exon 5 of 5)	3' UTR (NM_030579, exon 5 of 5)	39930	NM_030579	80777		NM_030579	ENSG00000103018	CYB5B	CYB5-M|CYPB5M|OMB5	cytochrome b5 type B	protein-coding
*-122	chr1	218335648	218391051	+	0	NA	exon (NM_001135599, exon 2 of 8)	exon (NM_001135599, exon 2 of 8)	-17671	NR_046268	728463		NR_046268		TGFB2-AS1	-	TGFB2 antisense RNA 1 (head to head)	ncRNA
*-250	chr14	77562348	77613766	+	0	NA	intron (NM_004863, intron 2 of 11)	AluJr|SINE|Alu	28580	NM_004863	9517		NM_004863	ENSG00000100596	SPTLC2	HSN1C|LCB2|LCB2A|NSAN1C|SPT2|hLCB2a	serine palmitoyltransferase long chain base subunit 2	protein-coding
*-240	chr7	134689348	134969601	+	0	NA	intron (NM_033138, intron 1 of 14)	intron (NM_033138, intron 1 of 14)	49840	NM_033138	800		NM_004342	ENSG00000122786	CALD1	CDM|H-CAD|HCAD|L-CAD|LCAD|NAG22|h-CD	caldesmon 1	protein-coding
*-188	chr9	110007398	110193301	+	0	NA	intron (NM_001198656, intron 1 of 4)	intron (NM_001198656, intron 1 of 4)	-25152	NM_001136562	445815		NM_007203	ENSG00000157654	PALM2AKAP2	AKAP-2|AKAP-KL|AKAP2|AKAPKL|MISP2|PALM2|PALM2-AKAP2|PRKA2	PALM2 and AKAP2 fusion	protein-coding
*-187	chr9	106859998	106898751	+	0	NA	intron (NM_001347997, intron 1 of 12)	intron (NM_001347997, intron 1 of 12)	16208	NM_001347997	58499		NM_021224	ENSG00000148143	ZNF462	WSKA|ZFPIP|Zfp462	zinc finger protein 462	protein-coding
*-318	chr16	75231498	75262947	+	0	NA	intron (NM_001170715, intron 1 of 6)	intron (NM_001170715, intron 1 of 6)	929	NM_001170719	9564		NM_014567	ENSG00000050820	BCAR1	CAS|CAS1|CASS1|CRKAS|P130Cas	BCAR1 scaffold protein, Cas family member	protein-coding
*-164	chr17	4194598	4257901	+	0	NA	intron (NR_047571, intron 2 of 23)	intron (NR_047571, intron 2 of 23)	37598	NM_001257999	51479		NM_016376	ENSG00000185722	ANKFY1	ANKHZN|BTBD23|ZFYVE14	ankyrin repeat and FYVE domain containing 1	protein-coding
*-210	chr3	107192748	107250501	+	0	NA	intron (NR_028303, intron 1 of 3)	intron (NR_028303, intron 1 of 3)	19014	NR_028303	100302640		NR_028303		LINC00882	-	long intergenic non-protein coding RNA 882	ncRNA
*-20	chr4	169200698	169268097	+	0	NA	intron (NM_020870, intron 2 of 11)	intron (NM_020870, intron 2 of 11)	36559	NM_020870	57630		NM_020870	ENSG00000154447	SH3RF1	POSH|RNF142|SH3MD2	SH3 domain containing ring finger 1	protein-coding
*-292	chr10	77385248	77437951	+	0	NA	intron (NM_001322836, intron 1 of 27)	MIRc|SINE|MIR	60727	NR_126365	101929286		NR_126365		KCNMA1-AS3	-	KCNMA1 antisense RNA 3	ncRNA
*-166	chr17	20165098	20227451	+	0	NA	intron (NM_001033554, intron 1 of 5)	MER51-int|LTR|ERV1	40202	NM_001033554	92521		NM_152904	ENSG00000128487	SPECC1	CYTSB|HCMOGT-1|HCMOGT1|NSP|NSP5	sperm antigen with calponin homology and coiled-coil domains 1	protein-coding
*-268	chr6	104995248	105073801	+	0	NA	intron (NM_001004317, intron 3 of 3)	intron (NM_001004317, intron 3 of 3)	77417	NM_001004317	389421		NM_001004317	ENSG00000187772	LIN28B	CSDD2	lin-28 homolog B	protein-coding
*-200	chr18	77063748	77109201	+	0	NA	intron (NM_001025100, intron 2 of 3)	intron (NM_001025100, intron 2 of 3)	46309	NM_001025100	4155		NM_002385	ENSG00000197971	MBP	-	myelin basic protein	protein-coding
*-267	chr6	56795348	56840664	+	0	NA	intron (NM_001144770, intron 2 of 94)	MLT1D|LTR|ERVL-MaLR	25641	NM_001374730	667		NM_001723	ENSG00000151914	DST	BP240|BPA|BPAG1|CATX-15|CATX15|D6S1101|DMH|DT|EBS3|EBSB2|HSAN6|MACF2	dystonin	protein-coding
*-21	chr4	185180698	185403601	+	0	NA	intron (NM_001378032, intron 7 of 19)	intron (NM_001378032, intron 7 of 19)	82592	NM_001378040	83891		NM_031953	ENSG00000109762	SNX25	MSTP043|SBBI31	sorting nexin 25	protein-coding
*-284	chr20	58235548	58296451	+	0	NA	intron (NR_003505, intron 4 of 16)	intron (NR_003505, intron 4 of 16)	-37346	NM_001304369	140731		NM_080674	ENSG00000124227	ANKRD60	C20orf86|bA196N14.3	ankyrin repeat domain 60	protein-coding
*-307	chr15	71651698	71731001	+	0	NA	intron (NR_120346, intron 1 of 2)	MLT1D|LTR|ERVL-MaLR	190	NR_120346	101929173		NR_120346		THSD4-AS2	-	THSD4 antisense RNA 2	ncRNA
*-57	chr11	74120548	74164051	+	0	NA	intron (NM_015531, intron 3 of 30)	intron (NM_015531, intron 3 of 30)	28703	NM_015531	26005		NM_015531	ENSG00000168014	C2CD3	OFD14	C2 domain containing 3 centriole elongation regulator	protein-coding
*-233	chr7	6226048	6284751	+	0	NA	intron (NM_004227, intron 1 of 12)	intron (NM_004227, intron 1 of 12)	17225	NM_001367581	9265		NM_004227	ENSG00000008256	CYTH3	ARNO3|GRP1|PSCD3|cytohesin-3	cytohesin 3	protein-coding
*-308	chr15	85393798	85445551	+	0	NA	intron (NM_007200, intron 1 of 36)	intron (NM_007200, intron 1 of 36)	39071	NM_006738	11214		NM_006738	ENSG00000170776	AKAP13	AKAP-13|AKAP-Lbc|ARHGEF13|BRX|HA-3|Ht31|LBC|PRKA13|PROTO-LB|PROTO-LBC|c-lbc|p47	A-kinase anchoring protein 13	protein-coding
*-24	chr12	31482598	31533801	+	0	NA	intron (NM_001308339, intron 1 of 22)	intron (NM_001308339, intron 1 of 22)	-81724	NR_046909	100874249		NR_046909	ENSG00000255867	DENND5B-AS1	-	DENND5B antisense RNA 1	ncRNA
*-25	chr12	45212948	45314301	+	0	NA	intron (NM_001142679, intron 1 of 19)	intron (NM_001142679, intron 1 of 19)	-29066	NM_001142678	196527		NM_001025356	ENSG00000177119	ANO6	BDPLT7|SCTS|TMEM16F	anoctamin 6	protein-coding
*-69	chr5	9324148	9372201	+	0	NA	intron (NM_003966, intron 3 of 22)	intron (NM_003966, intron 3 of 22)	-163159	NR_109935	101929338		NR_109935	ENSG00000251370	SEMA5A-AS1	CTD-2201E9.1	SEMA5A antisense RNA 1	ncRNA
*-9	chr4	94507448	94596301	+	0	NA	intron (NM_006457, intron 3 of 12)	intron (NM_006457, intron 3 of 12)	99932	NM_001256427	10611		NM_006457	ENSG00000163110	PDLIM5	ENH|ENH1|L9|LIM	PDZ and LIM domain 5	protein-coding
*-169	chr17	40280548	40348051	+	0	NA	intron (NM_000964, intron 1 of 8)	intron (NM_000964, intron 1 of 8)	-3946	NM_001145302	5914		NM_000964	ENSG00000131759	RARA	NR1B1|RAR|RARalpha	retinoic acid receptor alpha	protein-coding
*-270	chr6	129625998	129718001	+	0	NA	intron (NM_033515, intron 1 of 14)	MIRc|SINE|MIR	38178	NM_033515	93663		NM_033515	ENSG00000146376	ARHGAP18	MacGAP|SENEX|bA307O14.2	Rho GTPase activating protein 18	protein-coding
*-261	chr6	30724547	30794251	+	0	NA	Intergenic	Intergenic	-7426	NR_138037	105375013		NR_138037	ENSG00000228022	HCG20	NCRNA00149	HLA complex group 20	ncRNA
*-301	chr15	40992298	41050501	+	0	NA	intron (NR_104038, intron 25 of 34)	intron (NR_104038, intron 25 of 34)	67928	NM_001142776	79094		NM_024111	ENSG00000128965	CHAC1	-	ChaC glutathione specific gamma-glutamylcyclotransferase 1	protein-coding
*-223	chr3	171256148	171331701	+	0	NA	intron (NM_001161560, intron 2 of 31)	AluJr|SINE|Alu	166481	NM_001161566	23043		NM_015028	ENSG00000154310	TNIK	MRT54	TRAF2 and NCK interacting kinase	protein-coding
*-8	chr4	88586848	88641951	+	0	NA	intron (NM_001375479, intron 4 of 25)	intron (NM_001375479, intron 4 of 25)	21919	NM_001375481	8916		NM_014606	ENSG00000138641	HERC3	-	HECT and RLD domain containing E3 ubiquitin protein ligase 3	protein-coding
*-50	chr11	13207348	13236401	+	0	NA	Intergenic	Intergenic	-54778	NM_001351804	406		NM_001178	ENSG00000133794	BMAL1	ARNTL|ARNTL1|BMAL1c|JAP3|MOP3|PASD3|TIC|bHLHe5	basic helix-loop-helix ARNT like 1	protein-coding
*-311	chr15	98841398	98928101	+	0	NA	intron (NM_000875, intron 2 of 20)	intron (NM_000875, intron 2 of 20)	100323	NR_039864	100616432		NR_039864	ENSG00000264480	MIR4714	-	microRNA 4714	ncRNA
*-78	chr5	120599048	120624601	+	0	NA	intron (NM_001308088, intron 1 of 3)	THE1A-int|LTR|ERVL-MaLR	80360	NM_001308088	51334		NM_016644	ENSG00000184838	PRR16	DSC54|LARGEN	proline rich 16	protein-coding
*-132	chr2	55092948	55121751	+	0	NA	intron (NM_001321904, intron 1 of 9)	intron (NM_001321904, intron 1 of 9)	30482	NM_001321904	57142		NM_007008	ENSG00000115310	RTN4	ASY|NI220/250|NOGO|NSP|NSP-CL|Nbla00271|Nbla10545|RTN-X|RTN4-A|RTN4-B1|RTN4-B2|RTN4-C	reticulon 4	protein-coding
*-181	chr9	33271498	33355551	+	0	NA	intron (NM_147134, intron 6 of 15)	intron (NM_147134, intron 6 of 15)	23008	NM_002504	4799		NM_002504	ENSG00000086102	NFX1	NFX2|TEG-42|Tex42	nuclear transcription factor, X-box binding 1	protein-coding
*-51	chr11	14442998	14507351	+	0	NA	intron (NM_001144061, intron 13 of 21)	intron (NM_001144061, intron 13 of 21)	24637	NM_001144061	1315		NM_016451	ENSG00000129083	COPB1	BARMACS|COPB	COPI coat complex subunit beta 1	protein-coding
*-27	chr12	49480848	49519451	+	0	NA	exon (NM_023071, exon 9 of 14)	exon (NM_023071, exon 9 of 14)	-38881	NM_012284	23416		NM_012284	ENSG00000135519	KCNH3	BEC1|ELK2|Kv12.2	potassium voltage-gated channel subfamily H member 3	protein-coding
*-55	chr11	65470448	65508051	+	0	NA	Intergenic	Intergenic	-8489	NR_144567	378938		NR_002819	ENSG00000251562	MALAT1	HCN|LINC00047|NCRNA00047|NEAT2|PRO2853	metastasis associated lung adenocarcinoma transcript 1	ncRNA
*-54	chr11	35141868	35186351	+	0	NA	intron (NM_001202557, intron 1 of 8)	intron (NM_001202557, intron 1 of 8)	1159	NR_145794	109623487		NR_145794		SNORD164	-	small nucleolar RNA, C/D box 164	snoRNA
*-193	chr9	125509298	125559351	+	0	NA	intron (NM_001006618, intron 7 of 7)	intron (NM_001006618, intron 7 of 7)	172884	NM_001006618	79109		NM_024117	ENSG00000119487	MAPKAP1	JC310|MIP1|SIN1|SIN1b|SIN1g	MAPK associated protein 1	protein-coding
*-289	chr10	62220398	62279801	+	0	NA	intron (NM_001282941, intron 2 of 4)	intron (NM_001282941, intron 2 of 4)	18745	NM_001282941	219790		NM_145307	ENSG00000182010	RTKN2	PLEKHK1|bA531F24.1	rhotekin 2	protein-coding
*-258	chr22	42905298	43018201	+	0	NA	intron (NM_001184970, intron 1 of 10)	AluSz6|SINE|Alu	-1413	NM_001349970	11252		NM_007229	ENSG00000100266	PACSIN2	SDPII	protein kinase C and casein kinase substrate in neurons 2	protein-coding
*-146	chr2	189075648	189176878	+	0	NA	intron (NM_000393, intron 1 of 53)	intron (NM_000393, intron 1 of 53)	6848	NR_036076	100422908		NR_036076	ENSG00000264725	MIR3129	mir-3129	microRNA 3129	ncRNA
*-248	chr14	64917598	64937951	+	0	NA	intron (NM_001202559, intron 3 of 13)	intron (NM_001202559, intron 3 of 13)	13319	NM_001202558	100529261		NM_001202558	ENSG00000125954	CHURC1-FNTB	FNTB|FTase-beta	CHURC1-FNTB readthrough	protein-coding
*-180	chr9	16670398	16728801	+	0	NA	intron (NM_001317940, intron 2 of 5)	intron (NM_001317940, intron 2 of 5)	-27215	NR_151723	111216284		NR_151723	ENSG00000234779	BNC2-AS1	-	BNC2 antisense RNA 1	ncRNA
*-156	chr2	234240698	234260551	+	0	NA	Intergenic	Intergenic	199922	NM_006944	6694		NM_006944	ENSG00000072080	SPP2	SPP-24|SPP24	secreted phosphoprotein 2	protein-coding
*-30	chr12	65630448	65674151	+	0	NA	Intergenic	AluJb|SINE|Alu	-9927	NR_120431	100507065		NR_120431		MSRB3-AS1	-	MSRB3 antisense RNA 1	ncRNA
*-257	chr22	40466439	40543951	+	0	NA	intron (NM_001282661, intron 3 of 13)	intron (NM_001282661, intron 3 of 13)	-16605	NR_109965	101927257		NR_109965	ENSG00000232564	MRTFA-AS1	-	MRTFA antisense RNA 1	ncRNA
*-310	chr15	98716248	98765001	+	0	NA	intron (NM_000875, intron 2 of 20)	intron (NM_000875, intron 2 of 20)	-43802	NR_039864	100616432		NR_039864	ENSG00000264480	MIR4714	-	microRNA 4714	ncRNA
*-247	chr14	55571298	55650451	+	0	NA	intron (NM_001079522, intron 2 of 42)	intron (NM_001079522, intron 2 of 42)	30667	NR_073128	3895		NM_004986	ENSG00000126777	KTN1	CG1|KNT|MU-RMS-40.19	kinectin 1	protein-coding
*-218	chr3	149369098	149408351	+	0	NA	Intergenic	MER74A|LTR|ERVL	10946	NR_109810	100874091		NR_046650	ENSG00000240541	TM4SF1-AS1	-	TM4SF1 antisense RNA 1	ncRNA
*-135	chr2	68027448	68060026	+	0	NA	intron (NM_006333, intron 4 of 4)	intron (NM_006333, intron 4 of 4)	19267	NM_001190263	10438		NM_006333	ENSG00000197223	C1D	LRP1|Rrp47|SUN-CoR|SUNCOR|hC1D	C1D nuclear receptor corepressor	protein-coding
*-116	chr1	198087698	198127351	+	0	NA	Intergenic	LTR8B|LTR|ERV1	-49474	NM_133494	140609		NM_133494	ENSG00000151414	NEK7	-	NIMA related kinase 7	protein-coding
*-104	chr1	150560048	150583051	+	0	NA	intron (NR_104133, intron 2 of 3)	intron (NR_104133, intron 2 of 3)	3003	NR_104133	574406		NM_001025493	ENSG00000143384	ADAMTSL4-AS1	C1orf138	ADAMTSL4 antisense RNA 1	ncRNA
*-26	chr12	49186098	49246251	+	0	NA	Intergenic	Intergenic	-11752	NM_001303114	84790		NM_032704	ENSG00000167553	TUBA1C	TUBA6|bcm948	tubulin alpha 1c	protein-coding
*-217	chr3	136136148	136186501	+	0	NA	intron (NM_018133, intron 1 of 1)	L1MB7|LINE|L1	33144	NM_001145417	55167		NM_018133	ENSG00000174579	MSL2	MSL-2|MSL2L1|RNF184	MSL complex subunit 2	protein-coding
*-89	chr1	8361498	8420686	+	0	NA	intron (NM_001042682, intron 2 of 12)	L2c|LINE|L2	32740	NM_001042682	473		NM_012102	ENSG00000142599	RERE	ARG|ARP|ATN1L|DNB1|NEDBEH	arginine-glutamic acid dipeptide repeats	protein-coding
*-179	chr9	16499798	16547801	+	0	NA	intron (NM_001317940, intron 4 of 5)	AluSq|SINE|Alu	-203015	NR_151723	111216284		NR_151723	ENSG00000234779	BNC2-AS1	-	BNC2 antisense RNA 1	ncRNA
*-260	chr6	16657548	16771001	+	0	NA	intron (NM_000332, intron 3 of 8)	intron (NM_000332, intron 3 of 8)	45910	NR_152114	6310		NM_000332	ENSG00000124788	ATXN1	ATX1|D6S504E|SCA1	ataxin 1	protein-coding
*-208	chr3	99842698	99936151	+	0	NA	intron (NM_182909, intron 4 of 5)	L1MEd|LINE|L1	-13221	NM_001282793	11259		NM_014890	ENSG00000168386	FILIP1L	DOC-1|DOC1|GIP130|GIP90	filamin A interacting protein 1 like	protein-coding
*-333	chr8	117825898	118120901	+	0	NA	intron (NM_000127, intron 1 of 10)	intron (NM_000127, intron 1 of 10)	-52486	NR_145799	109623457		NR_145799		SNORD168	-	small nucleolar RNA, C/D box 168	snoRNA
*-114	chr1	181072498	181117901	+	0	NA	Intergenic	Intergenic	6499	NM_016545	51278		NM_016545	ENSG00000162783	IER5	SBBI48	immediate early response 5	protein-coding
*-34	chr12	93395298	93439249	+	0	NA	intron (NM_003348, intron 1 of 3)	intron (NM_003348, intron 1 of 3)	24674	NM_003348	7334		NM_003348	ENSG00000177889	UBE2N	HEL-S-71|UBC13|UBCHBEN|UBCHBEN; UBC13|UbcH-ben|UbcH13	ubiquitin conjugating enzyme E2 N	protein-coding
*-106	chr1	157996271	158050251	+	0	NA	intron (NM_001286349, intron 1 of 12)	intron (NM_001286349, intron 1 of 12)	-2289	NR_145471	100505785		NR_145471		KIRREL1-IT1	KIRREL-IT1	KIRREL1 intronic transcript 1	ncRNA
*-6	chr4	79996848	80070322	+	0	NA	intron (NM_001145794, intron 8 of 15)	intron (NM_001145794, intron 8 of 15)	39644	NM_001286781	118429		NM_058172	ENSG00000163297	ANTXR2	CMG-2|CMG2|HFS|ISH|JHF	ANTXR cell adhesion molecule 2	protein-coding
*-35	chr12	93766798	93826401	+	0	NA	intron (NM_001320100, intron 2 of 2)	AluSx1|SINE|Alu	-58776	NR_110093	101928731		NR_110092	ENSG00000258274	CRADD-AS1	-	CRADD antisense RNA 1	ncRNA
*-99	chr1	85540598	85586901	+	0	NA	intron (NM_001134445, intron 1 of 6)	L1MEc|LINE|L1	14451	NM_001134445	23576		NM_012137	ENSG00000153904	DDAH1	DDAH|DDAH-1|DDAHI|HEL-S-16	dimethylarginine dimethylaminohydrolase 1	protein-coding
*-271	chr6	140041948	140079801	+	0	NA	intron (NR_121623, intron 1 of 1)	L2a|LINE|L2	-69613	NR_121624	103352541		NR_121624		LOC103352541	-	uncharacterized LOC103352541	ncRNA
*-42	chr12	110265748	110341501	+	0	NA	intron (NM_170665, intron 5 of 19)	AluSc5|SINE|Alu	22377	NM_001681	488		NM_001681	ENSG00000174437	ATP2A2	ATP2B|DAR|DD|SERCA2	ATPase sarcoplasmic/endoplasmic reticulum Ca2+ transporting 2	protein-coding
*-207	chr3	98877098	98924851	+	0	NA	intron (NM_080927, intron 1 of 15)	intron (NM_080927, intron 1 of 15)	721	NM_080927	131566		NM_080927	ENSG00000057019	DCBLD2	CLCP1|ESDN	discoidin, CUB and LCCL domain containing 2	protein-coding
*-31	chr12	67651730	67693001	+	0	NA	Intergenic	MLT1B|LTR|ERVL-MaLR	23620	NM_006482	8445		NM_003583	ENSG00000127334	DYRK2	-	dual specificity tyrosine phosphorylation regulated kinase 2	protein-coding
*-154	chr2	223026198	223111101	+	0	NA	Intergenic	L1ME2|LINE|L1	16459	NM_080671	23704		NM_080671	ENSG00000152049	KCNE4	MIRP3	potassium voltage-gated channel subfamily E regulatory subunit 4	protein-coding
*-144	chr2	160204398	160252901	+	0	NA	Intergenic	Intergenic	-28336	NM_001282354	3694		NM_000888	ENSG00000115221	ITGB6	AI1H	integrin subunit beta 6	protein-coding
*-18	chr4	137509248	137529497	+	0	NA	3' UTR (NM_019035, exon 4 of 4)	3' UTR (NM_019035, exon 4 of 4)	13122	NM_019035	54510		NM_019035	ENSG00000189184	PCDH18	PCDH68L	protocadherin 18	protein-coding
*-300	chr15	32769248	33035351	+	0	NA	intron (NM_001277313, intron 12 of 20)	intron (NM_001277313, intron 12 of 20)	165875	NM_001103184	342184		NM_198500	ENSG00000248905	FMN1	FMN|LD	formin 1	protein-coding
*-295	chr10	93432198	93479316	+	0	NA	intron (NM_133337, intron 2 of 52)	intron (NM_133337, intron 2 of 52)	26577	NM_013451	26509		NM_013451	ENSG00000138119	MYOF	FER1L3|HAE7	myoferlin	protein-coding
*-109	chr1	163031998	163057701	+	0	NA	Intergenic	AluSx|SINE|Alu	-23757	NM_001102445	5999		NM_005613	ENSG00000117152	RGS4	RGP4|SCZD9	regulator of G protein signaling 4	protein-coding
*-176	chr17	75673498	75708901	+	0	NA	intron (NM_001301855, intron 4 of 11)	intron (NM_001301855, intron 4 of 11)	23861	NM_013260	29115		NM_013260	ENSG00000161526	SAP30BP	HCNGP|HTRG|HTRP	SAP30 binding protein	protein-coding
*-278	chr20	35301598	35345051	+	0	NA	intron (NM_018244, intron 7 of 9)	intron (NM_018244, intron 7 of 9)	-30899	NM_178468	128876		NM_178468	ENSG00000125998	FAM83C	C20orf128|dJ614O4.7	family with sequence similarity 83 member C	protein-coding
*-43	chr12	116120398	116165351	+	0	NA	intron (NM_015335, intron 2 of 30)	intron (NM_015335, intron 2 of 30)	5780	NR_030351	693205		NR_030351	ENSG00000207967	MIR620	MIRN620|hsa-mir-620	microRNA 620	ncRNA
*-323	chr8	38999984	39046151	+	0	NA	intron (NR_027638, intron 8 of 20)	intron (NR_027638, intron 8 of 20)	-4382	NR_145988	109616979		NR_145736	ENSG00000207199	SNORD38D	-	small nucleolar RNA, C/D box 38D	snoRNA
*-277	chr20	31652098	31718505	+	0	NA	intron (NR_134257, intron 1 of 2)	AluY|SINE|Alu	-36206	NR_131907	103021294		NR_131907	ENSG00000281376	ABALON	INXS	apoptotic BCL2L1-antisense long non-coding RNA	ncRNA
*-201	chr3	15629948	15648901	+	0	NA	intron (NM_001281726, intron 2 of 2)	LTR37B|LTR|ERV1	37455	NM_001281725	686		NM_001281723	ENSG00000169814	BTD	-	biotinidase	protein-coding
*-56	chr11	66073351	66143451	+	0	NA	intron (NM_018026, intron 1 of 23)	MLT1B|LTR|ERVL-MaLR	38129	NM_018026	55690		NM_018026	ENSG00000175115	PACS1	MRD17|SHMS	phosphofurin acidic cluster sorting protein 1	protein-coding
*-37	chr12	96197380	96241451	+	0	NA	intron (NM_005230, intron 1 of 4)	intron (NM_005230, intron 1 of 4)	25040	NM_005230	2004		NM_005230	ENSG00000111145	ELK3	ERP|NET|SAP-2|SAP2	ETS transcription factor ELK3	protein-coding
*-251	chr14	101960748	102056851	+	0	NA	intron (NM_001376, intron 29 of 77)	AluSz|SINE|Alu	44226	NM_001376	1778		NM_001376	ENSG00000197102	DYNC1H1	CDCBM13|CMT2O|DHC1|DHC1a|DNCH1|DNCL|DNECL|DYHC|Dnchc1|HL-3|SMALED1|p22	dynein cytoplasmic 1 heavy chain 1	protein-coding
*-241	chrX	136155498	136215901	+	0	NA	intron (NM_001369330, intron 2 of 6)	intron (NM_001369330, intron 2 of 6)	-11090	NM_001159701	2273		NM_001449	ENSG00000022267	FHL1	FCMSU|FHL-1|FHL1A|FHL1B|FLH1A|KYOT|RBMX1A|RBMX1B|SLIM|SLIM-1|SLIM1|SLIMMER|XMPMA	four and a half LIM domains 1	protein-coding
*-174	chr17	59745198	59859951	+	0	NA	intron (NM_030938, intron 7 of 11)	intron (NM_030938, intron 7 of 11)	-38692	NR_029493	406991		NR_029493	ENSG00000284190	MIR21	MIRN21|hsa-mir-21|miR-21|miRNA21	microRNA 21	ncRNA
*-125	chr1	223698248	223795801	+	0	NA	exon (NM_001146068, exon 5 of 21)	exon (NM_001146068, exon 5 of 21)	34485	NM_001748	824		NM_001748	ENSG00000162909	CAPN2	CANP2|CANPL2|CANPml|mCANP	calpain 2	protein-coding
*-211	chr3	111845698	111975874	+	0	NA	intron (NM_145753, intron 2 of 16)	intron (NM_145753, intron 2 of 16)	50959	NM_001134439	90102		NM_145753	ENSG00000144824	PHLDB2	LL5b|LL5beta	pleckstrin homology like domain family B member 2	protein-coding
*-119	chr1	203504598	203560001	+	0	NA	Intergenic	LTR37B|LTR|ERV1	38146	NM_014359	26254		NM_014359	ENSG00000188770	OPTC	OPT	opticin	protein-coding
*-149	chr2	190883819	190963751	+	0	NA	intron (NM_014905, intron 9 of 17)	MIR3|SINE|MIR	42964	NM_001256310	2744		NM_014905	ENSG00000115419	GLS	AAD20|CASGID|DEE71|EIEE71|GAC|GAM|GDPAG|GLS1|KGA	glutaminase	protein-coding
*-159	chr13	45479048	45523351	+	0	NA	intron (NM_031431, intron 13 of 22)	L1MC3|LINE|L1	36260	NM_031431	83548		NM_031431	ENSG00000136152	COG3	CDG2BB|SEC34	component of oligomeric golgi complex 3	protein-coding
*-44	chr12	120224448	120262770	+	0	NA	intron (NM_001080855, intron 1 of 11)	AluJr|SINE|Alu	6554	NM_025157	5829		NM_002859	ENSG00000089159	PXN	-	paxillin	protein-coding
*-45	chr12	121921555	121965951	+	0	NA	intron (NM_144668, intron 7 of 21)	intron (NM_144668, intron 7 of 21)	25161	NM_001178003	144406		NM_144668	ENSG00000158023	CFAP251	CaM-IP4|SPGF33|WDR66	cilia and flagella associated protein 251	protein-coding
*-162	chr13	114096848	114129619	+	0	NA	intron (NM_001320821, intron 1 of 25).2	intron (NM_001320821, intron 1 of 25).2	19390	NM_007368	22821		NM_007368	ENSG00000185989	RASA3	GAP1IP4BP|GAPIII	RAS p21 protein activator 3	protein-coding
*-32	chr12	68613837	68658601	+	0	NA	intron (NM_001251917, intron 1 of 5)	intron (NM_001251917, intron 1 of 5)	-8844	NR_033335	100379132		NR_033335	ENSG00000206650	SNORA70G	U70G	small nucleolar RNA, H/ACA box 70G	snoRNA
*-41	chr12	106027998	106148601	+	0	NA	intron (NM_014840, intron 2 of 6)	intron (NM_014840, intron 2 of 6)	51734	NM_014840	9891		NM_014840	ENSG00000074590	NUAK1	ARK5	NUAK family kinase 1	protein-coding
*-175	chr17	64525148	64684501	+	0	NA	intron (NM_022739, intron 2 of 18)	AluSg|SINE|Alu	57483	NM_022739	64750		NM_022739	ENSG00000108854	SMURF2	-	SMAD specific E3 ubiquitin protein ligase 2	protein-coding
*-124	chr1	219293048	219342601	+	0	NA	Intergenic	Intergenic	142855	NM_001300772	127018		NM_138794	ENSG00000143353	LYPLAL1	Q96AV0	lysophospholipase like 1	protein-coding
*-198	chr18	28027148	28097351	+	0	NA	intron (NM_001792, intron 2 of 15)	intron (NM_001792, intron 2 of 15)	-25608	NM_001308176	1000		NM_001792	ENSG00000170558	CDH2	ACOGS|ADHD8|ARVD14|CD325|CDHN|CDw325|NCAD	cadherin 2	protein-coding
*-296	chr10	99941998	100006952	+	0	NA	intron (NM_015221, intron 1 of 16)	intron (NM_015221, intron 1 of 16)	35472	NM_015221	23268		NM_015221	ENSG00000107554	DNMBP	ARHGEF36|CTRCT48|TUBA	dynamin binding protein	protein-coding
*-197	chr18	9105628	9148201	+	0	NA	intron (NM_021074, intron 7 of 7)	intron (NM_021074, intron 7 of 7)	9806	NR_110771	101927275		NR_110771	ENSG00000266053	NDUFV2-AS1	-	NDUFV2 antisense RNA 1	ncRNA
*-294	chr10	90910748	90944298	+	0	NA	Intergenic	Intergenic	-6436	NM_014391	27063		NM_014391	ENSG00000148677	ANKRD1	ALRP|C-193|CARP|CVARP|MCARP|bA320F15.2	ankyrin repeat domain 1	protein-coding
*-139	chr2	70090451	70144501	+	0	NA	Intergenic	Intergenic	7840	NR_024444	100133985		NR_024444	ENSG00000231327	LINC01816	-	long intergenic non-protein coding RNA 1816	ncRNA
*-40	chr12	105307598	105385551	+	0	NA	intron (NM_001145199, intron 1 of 5)	intron (NM_001145199, intron 1 of 5)	15883	NM_001145199	387882		NM_207376	ENSG00000235162	C12orf75	AGD3|OCC-1|OCC1	chromosome 12 open reading frame 75	protein-coding
*-227	chr3	172753683	172817751	+	0	NA	intron (NM_001349096, intron 17 of 25)	intron (NM_001349096, intron 17 of 25)	34715	NM_001349099	1894		NM_018098	ENSG00000114346	ECT2	ARHGEF31	epithelial cell transforming 2	protein-coding
*-282	chr20	53734698	53754501	+	0	NA	Intergenic	AluSx3|SINE|Alu	131110	NR_002189	391257		NR_002189		SUMO1P1	PIC1L|UBL2|UBL6	SUMO1 pseudogene 1	pseudo
*-126	chr1	234956998	235022701	+	0	NA	Intergenic	L2b|LINE|L2	-25850	NR_125945	101927851		NR_125945	ENSG00000238005	LNCATV	-	lncRNA negative regulator of antiviral signaling	ncRNA
*-231	chr3	194552998	194599901	+	0	NA	Intergenic	Intergenic	-7819	NR_047574	100507297		NR_047573		TMEM44-AS1	-	TMEM44 antisense RNA 1	ncRNA
*-228	chr3	179580248	179618651	+	0	NA	intron (NM_177988, intron 2 of 5)	MIRb|SINE|MIR	5189	NM_020409	57129		NM_020409	ENSG00000136522	MRPL47	CGI-204|L47mt|MRP-L47|NCM1|uL29m	mitochondrial ribosomal protein L47	protein-coding
*-320	chr8	25178148	25216001	+	0	NA	intron (NM_024940, intron 1 of 51)	intron (NM_024940, intron 1 of 51)	12385	NM_024940	80005		NM_024940	ENSG00000147459	DOCK5	-	dedicator of cytokinesis 5	protein-coding
*-129	chr1	243697548	243750051	+	0	NA	intron (NM_005465, intron 2 of 13)	AluJo|SINE|Alu	119483	NM_181690	10000		NM_005465	ENSG00000117020	AKT3	MPPH|MPPH2|PKB-GAMMA|PKBG|PRKBG|RAC-PK-gamma|RAC-gamma|STK-2	AKT serine/threonine kinase 3	protein-coding
*-303	chr15	48395248	48510951	+	0	NA	intron (NM_000138, intron 44 of 65)	AluSq2|SINE|Alu	120902	NM_001948	1854		NM_001948	ENSG00000128951	DUT	BMFDMS|dUTPase	deoxyuridine triphosphatase	protein-coding
*-238	chr7	130352298	130375251	+	0	NA	intron (NM_001318223, intron 9 of 11)	intron (NM_001318223, intron 9 of 11)	3353	NR_133928	105375504		NR_133928		LOC105375504	-	uncharacterized LOC105375504	ncRNA
*-221	chr3	160394798	160446837	+	0	NA	exon (NM_001288753, exon 13 of 24)	exon (NM_001288753, exon 13 of 24)	16072	NR_029525	406951		NR_029525	ENSG00000198987	MIR16-2	MIRN16-2|mir-16-2|mir-16-3	microRNA 16-2	ncRNA
*-115	chr1	183019798	183165151	+	0	NA	intron (NM_002293, intron 1 of 27)	MER5A|DNA|hAT-Charlie	48796	NR_149048	110841583		NR_149048	ENSG00000224468	LAMC1-AS1	lnc-LAMC2-1:1	LAMC1 antisense RNA 1	ncRNA
*-136	chr2	68166548	68259001	+	0	NA	intron (NM_000945, intron 2 of 5)	Tigger1|DNA|TcMar-Tigger	39758	NM_000945	5534		NM_000945	ENSG00000221823	PPP3R1	CALNB1|CNB|CNB1	protein phosphatase 3 regulatory subunit B, alpha	protein-coding
*-47	chr11	8688437	8790051	+	0	NA	intron (NR_164814, intron 3 of 19)	intron (NR_164814, intron 3 of 19)	-29534	NR_120590	102724784		NR_120590		DENND2B-AS1	-	DENND2B antisense RNA 1	ncRNA
*-237	chr7	102834448	102897801	+	0	NA	intron (NM_001111038, intron 16 of 18)	intron (NM_001111038, intron 16 of 18)	-46876	NM_005824	10234		NM_005824	ENSG00000128606	LRRC17	P37NB	leucine rich repeat containing 17	protein-coding
*-155	chr2	233402298	233502201	+	0	NA	intron (NM_001377259, intron 16 of 27)	intron (NM_001377259, intron 16 of 27)	33037	NM_001377259	8527		NM_003648	ENSG00000077044	DGKD	DGK-delta|DGKdelta|dgkd-2	diacylglycerol kinase delta	protein-coding
*-68	chr11	122155307	122200061	+	0	NA	intron (NR_024430, intron 2 of 3)	intron (NR_024430, intron 2 of 3)	2948	NR_137183	399959		NR_024430	ENSG00000255248	MIR100HG	AGD1|linc-NeD125|lncRNA-N2	mir-100-let-7a-2-mir-125b-1 cluster host gene	ncRNA
*-145	chr2	177215724	177276301	+	0	NA	intron (NM_001313902, intron 1 of 3)	MIRc|SINE|MIR	9998	NR_036075	100422824		NR_036075	ENSG00000265396	MIR3128	mir-3128	microRNA 3128	ncRNA
*-330	chr8	97879098	97953601	+	0	NA	intron (NM_030583, intron 2 of 18)	AluSz6|SINE|Alu	47285	NM_002380	4147		NM_002380	ENSG00000132561	MATN2	-	matrilin 2	protein-coding
*-263	chr6	37101148	37145951	+	0	NA	Intergenic	MER39|LTR|ERV1	-46603	NM_002648	5292		NM_002648	ENSG00000137193	PIM1	PIM	Pim-1 proto-oncogene, serine/threonine kinase	protein-coding
*-33	chr12	69489748	69581721	+	0	NA	intron (NM_001278355, intron 4 of 9)	L1MEd|LINE|L1	20294	NR_145803	109623461		NR_145803		SNORA113	-	small nucleolar RNA, H/ACA box 113	snoRNA
*-299	chr10	126194648	126282651	+	0	NA	intron (NM_021641, intron 3 of 18)	intron (NM_021641, intron 3 of 18)	149828	NM_001288973	8038		NM_003474	ENSG00000148848	ADAM12	ADAM12-OT1|CAR10|MCMP|MCMPMltna|MLTN|MLTNA	ADAM metallopeptidase domain 12	protein-coding
*-313	chr16	9094678	9130401	+	0	NA	intron (NM_014117, intron 3 of 3)	intron (NM_014117, intron 3 of 3)	20895	NM_014117	29035		NM_014117	ENSG00000182831	HAPSTR1	C16orf72|PRO0149|TAPR1	HUWE1 associated protein modifying stress responses	protein-coding
*-134	chr2	63844878	63896501	+	0	NA	intron (NM_001377528, intron 4 of 10)	intron (NM_001377528, intron 4 of 10)	28793	NM_006759	7360		NM_006759	ENSG00000169764	UGP2	DEE83|EIEE83|SVUGP2|UDPG|UDPGP|UDPGP2|UGP1|UGPP1|UGPP2|pHC379	UDP-glucose pyrophosphorylase 2	protein-coding
*-105	chr1	155452498	155476151	+	0	NA	intron (NM_018489, intron 3 of 27)	intron (NM_018489, intron 3 of 27)	31144	NR_034180	645682		NR_034180	ENSG00000237872	POU5F1P4	OCT3|OCT4|OTF-3|OTF3|Oct-3|Oct-4|Oct4-pg4|POU5F1|POU5FLC1	POU class 5 homeobox 1 pseudogene 4	pseudo
*-183	chr9	36089348	36114801	+	0	NA	intron (NM_021111, intron 11 of 20)	intron (NM_021111, intron 11 of 20)	-34462	NR_104637	152007		NM_022343	ENSG00000122694	GLIPR2	C9orf19|GAPR-1|GAPR1	GLI pathogenesis related 2	protein-coding
*-79	chr5	122140948	122184251	+	0	NA	intron (NM_001195535, intron 1 of 2)	intron (NM_001195535, intron 1 of 2)	2423	NM_001195535	100505841		NM_001195535	ENSG00000250803	ZNF475	-	zinc finger protein 475	protein-coding
*-191	chr9	122988148	123104301	+	0	NA	intron (NM_012197, intron 13 of 25)	intron (NM_012197, intron 13 of 25)	12557	NM_005294	2844		NM_005294	ENSG00000188394	GPR21	-	G protein-coupled receptor 21	protein-coding
*-255	chr22	31583548	31662751	+	0	NA	intron (NM_001326411, intron 3 of 7)	intron (NM_001326411, intron 3 of 7)	-1618	NR_106959	102465666		NR_106959	ENSG00000284082	MIR7109	hsa-mir-7109	microRNA 7109	ncRNA
*-245	chr14	51506648	51556701	+	0	NA	intron (NM_001042481, intron 1 of 14)	MER63C|DNA|hAT-Blackjack	42546	NM_001042481	122786		NM_152330	ENSG00000139926	FRMD6	C14orf31|EX1|Willin|c14_5320	FERM domain containing 6	protein-coding
*-163	chr17	667898	706401	+	0	NA	intron (NM_001128159, intron 4 of 21).2	AluSx1|SINE|Alu	27690	NM_001366254	55275		NM_018289	ENSG00000141252	VPS53	HCCS1|PCH2E|hVps53L|pp13624	VPS53 subunit of GARP complex	protein-coding
*-236	chr7	101092898	101141301	+	0	NA	Intergenic	Intergenic	-10005	NM_000602	5054		NM_000602	ENSG00000106366	SERPINE1	PAI|PAI-1|PAI1|PLANH1	serpin family E member 1	protein-coding
*-215	chr3	128758648	128806351	+	0	NA	intron (NM_004637, intron 1 of 5)	intron (NM_004637, intron 1 of 5)	56316	NM_004637	7879		NM_004637	ENSG00000075785	RAB7A	CMT2B|PRO2706|RAB7	RAB7A, member RAS oncogene family	protein-coding
*-121	chr1	204403398	204440351	+	0	NA	TTS (NM_001377334)	TTS (NM_001377334)	-10057	NM_032833	84919		NM_032833	ENSG00000158615	PPP1R15B	CREP|MSSGM2	protein phosphatase 1 regulatory subunit 15B	protein-coding
*-138	chr2	69754598	69803851	+	0	NA	intron (NM_001365496, intron 2 of 13)	intron (NM_001365496, intron 2 of 13)	19774	NR_164155	107985770		NR_164153	ENSG00000288869	SMANTIS	ANXA4-AS|n342419	SMARCA4 interacting SWI/SNF chromatin remodeling complex scaffold lncRNA	ncRNA
*-137	chr2	69016142	69255351	+	0	NA	intron (NM_053034, intron 12 of 14)	L1M5|LINE|L1	32064	NR_036073	100423030		NR_036073	ENSG00000266649	MIR3126	mir-3126	microRNA 3126	ncRNA
*-2	chr4	41119998	41209951	+	0	NA	intron (NM_173075, intron 1 of 16)	intron (NM_173075, intron 1 of 16)	49568	NM_173075	323		NM_004307	ENSG00000163697	APBB2	FE65L|FE65L1	amyloid beta precursor protein binding family B member 2	protein-coding
*-72	chr5	52994198	53046301	+	0	NA	intron (NR_073107, intron 1 of 28)	intron (NR_073107, intron 1 of 28)	30897	NR_073106	3673		NM_002203	ENSG00000164171	ITGA2	BR|CD49B|GPIa|HPA-5|VLA-2|VLAA2	integrin subunit alpha 2	protein-coding
*-229	chr3	188185398	188301151	+	0	NA	intron (NR_164692, intron 2 of 9)	intron (NR_164692, intron 2 of 9)	30378	NM_005578	4026		NM_005578	ENSG00000145012	LPP	-	LIM domain containing preferred translocation partner in lipoma	protein-coding
*-291	chr10	77149648	77204701	+	0	NA	intron (NM_001322836, intron 5 of 27)	intron (NM_001322836, intron 5 of 27)	36343	NR_120654	101929310		NR_120654	ENSG00000225497	KCNMA1-AS2	-	KCNMA1 antisense RNA 2	ncRNA
*-97	chr1	67673148	67772501	+	0	NA	intron (NM_018841, intron 2 of 3)	intron (NM_018841, intron 2 of 3)	37623	NM_001199742	1647		NM_001924	ENSG00000116717	GADD45A	DDIT1|GADD45	growth arrest and DNA damage inducible alpha	protein-coding
*-205	chr3	71487848	71554851	+	0	NA	intron (NM_001012505, intron 2 of 6)	AluSx1|SINE|Alu	20740	NR_031697	100302112		NR_031697	ENSG00000221264	MIR1284	MIRN1284|hsa-mir-1284|mir-1284	microRNA 1284	ncRNA
*-234	chr7	23426598	23479601	+	0	NA	intron (NM_006547, intron 2 of 14)	AluSc|SINE|Alu	17392	NM_006547	10643		NM_006547	ENSG00000136231	IGF2BP3	CT98|IMP-3|IMP3|KOC|KOC1|VICKZ3	insulin like growth factor 2 mRNA binding protein 3	protein-coding
*-66	chr11	118906948	118930051	+	0	NA	intron (NM_001378213, intron 2 of 9)	intron (NM_001378213, intron 2 of 9)	7427	NR_165445	283149		NM_182557	ENSG00000186174	BCL9L	B9L|BCL9-2|DLNB11	BCL9 like	protein-coding
*-283	chr20	53770648	53846251	+	0	NA	Intergenic	Intergenic	67260	NR_002189	391257		NR_002189		SUMO1P1	PIC1L|UBL2|UBL6	SUMO1 pseudogene 1	pseudo
*-199	chr18	57727848	57849851	+	0	NA	intron (NM_001374385, intron 1 of 27)	intron (NM_001374385, intron 1 of 27)	14466	NM_005603	5205		NM_005603	ENSG00000081923	ATP8B1	ATPIC|BRIC|FIC1|ICP1|PFIC|PFIC1	ATPase phospholipid transporting 8B1	protein-coding
*-87	chr5	157495448	157572822	+	0	NA	intron (NM_033274, intron 4 of 22)	MIRc|SINE|MIR	41640	NM_033274	8728		NM_023038	ENSG00000135074	ADAM19	FKSG34|MADDAM|MLTNB	ADAM metallopeptidase domain 19	protein-coding
*-196	chr9	130823248	130870501	+	0	NA	intron (NM_005157, intron 1 of 10)	intron (NM_005157, intron 1 of 10)	11620	NM_005157	25		NM_005157	ENSG00000097007	ABL1	ABL|BCR-ABL|CHDSKM|JTK7|bcr/abl|c-ABL|c-ABL1|p150|v-abl	ABL proto-oncogene 1, non-receptor tyrosine kinase	protein-coding
*-298	chr10	114603998	114719451	+	0	NA	intron (NM_001322884, intron 1 of 20)	intron (NM_001322884, intron 1 of 20)	-3449	NM_002313	3983		NM_002313	ENSG00000099204	ABLIM1	ABLIM|LIMAB1|LIMATIN|abLIM-1	actin binding LIM protein 1	protein-coding
*-90	chr1	8646698	8719401	+	0	NA	intron (NM_001042681, intron 1 of 22)	(A)n|Simple_repeat|Simple_repeat	134591	NM_012102	473		NM_012102	ENSG00000142599	RERE	ARG|ARP|ATN1L|DNB1|NEDBEH	arginine-glutamic acid dipeptide repeats	protein-coding
*-297	chr10	112953248	113100451	+	0	NA	intron (NM_001363501, intron 4 of 13)	intron (NM_001363501, intron 4 of 13)	-18506	NR_132769	106635520		NR_132769		SNORA87	-	small nucleolar RNA, H/ACA box 87	snoRNA
*-275	chr6	152704948	152760451	+	0	NA	Intergenic	Intergenic	-18098	NM_003381	7432		NM_003381	ENSG00000146469	VIP	PHM27	vasoactive intestinal peptide	protein-coding
*-302	chr15	44028098	44164751	+	0	NA	intron (NM_001286491, intron 1 of 14)	AluSz|SINE|Alu	98022	NM_001286490	84978		NM_032892	ENSG00000171877	FRMD5	NEDEMA	FERM domain containing 5	protein-coding
*-224	chr3	171343348	171428051	+	0	NA	intron (NM_001161560, intron 1 of 31)	intron (NM_001161560, intron 1 of 31)	74706	NM_001161566	23043		NM_015028	ENSG00000154310	TNIK	MRT54	TRAF2 and NCK interacting kinase	protein-coding
*-80	chr5	131504498	131547351	+	0	NA	intron (NM_016340, intron 6 of 27)	MIR|SINE|MIR	109305	NM_016340	51735		NM_016340	ENSG00000158987	RAPGEF6	KIA001LB|PDZ-GEF2|PDZGEF2|RA-GEF-2|RAGEF2	Rap guanine nucleotide exchange factor 6	protein-coding
*-262	chr6	34629398	34684901	+	0	NA	intron (NM_022758, intron 1 of 3)	intron (NM_022758, intron 1 of 3)	-39005	NR_134625	101929243		NR_134625	ENSG00000272288	ILRUN-AS1	-	ILRUN antisense RNA 1	ncRNA
*-5	chr4	76943148	77072971	+	0	NA	intron (NM_018243, intron 3 of 9)	intron (NM_018243, intron 3 of 9)	58307	NM_018243	55752		NM_018243	ENSG00000138758	SEPTIN11	SEPT11|Septin-11	septin 11	protein-coding
*-81	chr5	140280248	140343602	+	0	NA	Intergenic	Intergenic	-8824	NM_002622	5201		NM_002622	ENSG00000113068	PFDN1	PDF|PFD1	prefoldin subunit 1	protein-coding
*-73	chr5	61350848	61505451	+	0	NA	intron (NM_020928, intron 1 of 13)	intron (NM_020928, intron 1 of 13)	95891	NM_020928	57688		NM_020928	ENSG00000130449	ZSWIM6	AFND|NEDMAGA	zinc finger SWIM-type containing 6	protein-coding
*-312	chr15	101640398	101717901	+	0	NA	intron (NM_152334, intron 12 of 18)	L1MDa|LINE|L1	-26758	NM_001307960	80213		NM_025141	ENSG00000184277	TM2D3	BLP2	TM2 domain containing 3	protein-coding
*-127	chr1	235900698	235929701	+	0	NA	Intergenic	AluSz|SINE|Alu	-31486	NR_102436	1130		NM_000081	ENSG00000143669	LYST	CHS|CHS1|Mauve	lysosomal trafficking regulator	protein-coding
*-84	chr5	151658898	151703801	+	0	NA	intron (NR_109873, intron 3 of 4)	MIR3|SINE|MIR	4404	NR_109873	101927096		NR_109873	ENSG00000249035	CLMAT3	CTB-113P19.1|SPARC-AS1	colorectal liver metastasis associated transcript 3	ncRNA
*-85	chr5	154193733	154320951	+	0	NA	intron (NM_198321, intron 1 of 11)	intron (NM_198321, intron 1 of 11)	66609	NM_198321	55568		NM_017540	ENSG00000164574	GALNT10	GALNACT10|PPGALNACT10|PPGANTASE10	polypeptide N-acetylgalactosaminyltransferase 10	protein-coding
*-131	chr2	36338248	36573801	+	0	NA	intron (NM_016441, intron 4 of 16)	intron (NM_016441, intron 4 of 16)	100246	NM_016441	51232		NM_016441	ENSG00000150938	CRIM1	CRIM-1|S52	cysteine rich transmembrane BMP regulator 1	protein-coding
*-226	chr3	172243398	172368751	+	0	NA	intron (NM_022763, intron 9 of 25)	intron (NM_022763, intron 9 of 25)	142382	NM_004122	2693		NM_004122	ENSG00000121853	GHSR	GHDP|GHS-R1a|GHSR-1a	growth hormone secretagogue receptor	protein-coding
*-182	chr9	35507298	35534101	+	0	NA	intron (NM_001330740, intron 1 of 10)	intron (NM_001330740, intron 1 of 10)	-17933	NM_001135999	9853		NM_014806	ENSG00000198853	RUSC2	Iporin|MRT61	RUN and SH3 domain containing 2	protein-coding
*-128	chr1	243202848	243295901	+	0	NA	intron (NM_001042405, intron 1 of 18).2	AluJb|SINE|Alu	5907	NM_014812	9859		NM_014812	ENSG00000143702	CEP170	FAM68A|KAB|KIAA0470	centrosomal protein 170	protein-coding
*-39	chr12	104279848	104337401	+	0	NA	intron (NM_001261446, intron 2 of 13)	Charlie1b|DNA|hAT-Charlie	4885	NM_001008394	493861		NM_001008394	ENSG00000255150	EID3	NS4EB|NSE4B|NSMCE4B	EP300 interacting inhibitor of differentiation 3	protein-coding
*-95	chr1	51733148	51811451	+	0	NA	intron (NM_024586, intron 13 of 23)	AluSz|SINE|Alu	42449	NM_148905	114883		NM_024586	ENSG00000117859	OSBPL9	ORP-9|ORP9	oxysterol binding protein like 9	protein-coding
*-94	chr1	51619872	51674051	+	0	NA	intron (NM_148906, intron 1 of 22)	L1M4|LINE|L1	29869	NM_001350208	114883		NM_024586	ENSG00000117859	OSBPL9	ORP-9|ORP9	oxysterol binding protein like 9	protein-coding
*-239	chr7	130838298	131040951	+	0	NA	Intergenic	Intergenic	26160	NR_109780	100506860		NR_109780		LINC00513	-	long intergenic non-protein coding RNA 513	ncRNA
*-194	chr9	125784148	125856501	+	0	NA	intron (NR_024122, intron 2 of 7)	intron (NR_024122, intron 2 of 7)	72141	NM_001134778	5090		NM_006195	ENSG00000167081	PBX3	-	PBX homeobox 3	protein-coding
*-91	chr1	33317148	33469629	+	0	NA	promoter-TSS (NM_001385120)	promoter-TSS (NM_001385120)	-603	NM_001385120	1912		NM_004427	ENSG00000134686	PHC2	EDR2|HPH2|PH2	polyhomeotic homolog 2	protein-coding
*-276	chr6	157984854	158087051	+	0	NA	intron (NM_003898, intron 4 of 26)	L1PA13|LINE|L1	18859	NM_001178088	8871		NM_003898	ENSG00000078269	SYNJ2	INPP5H	synaptojanin 2	protein-coding
*-178	chr9	12778011	12835101	+	0	NA	intron (NR_125775, intron 1 of 3)	LTR37B|LTR|ERV1	7833	NR_125775	101929467		NR_125775	ENSG00000235448	LURAP1L-AS1	-	LURAP1L antisense RNA 1	ncRNA
*-70	chr5	9426848	9508331	+	0	NA	intron (NM_003966, intron 1 of 22)	intron (NM_003966, intron 1 of 22)	-43744	NR_109935	101929338		NR_109935	ENSG00000251370	SEMA5A-AS1	CTD-2201E9.1	SEMA5A antisense RNA 1	ncRNA
*-177	chr9	2800698	2841129	+	0	NA	intron (NM_014878, intron 12 of 17)	intron (NM_014878, intron 12 of 17)	23182	NM_014878	9933		NM_014878	ENSG00000080608	PUM3	HA-8|HLA-HA8|KIAA0020|PEN|PUF-A|PUF6|XTP5	pumilio RNA binding family member 3	protein-coding
*-101	chr1	89527836	89577701	+	0	NA	intron (NM_001134476, intron 3 of 7)	intron (NM_001134476, intron 3 of 7)	27939	NM_001369817	23507		NM_015350	ENSG00000197147	LRRC8B	TA-LRRP|TALRRP	leucine rich repeat containing 8 VRAC subunit B	protein-coding
*-209	chr3	100001948	100049201	+	0	NA	intron (NM_182909, intron 1 of 5)	intron (NM_182909, intron 1 of 5)	-61176	NR_037486	100500859		NR_037486	ENSG00000264897	MIR3921	-	microRNA 3921	ncRNA
*-195	chr9	129931748	129999401	+	0	NA	intron (NM_001363755, intron 4 of 15)	intron (NM_001363755, intron 4 of 15)	77615	NM_001363755	23048		NM_015033	ENSG00000187239	FNBP1	FBP17	formin binding protein 1	protein-coding
*-259	chr6	11160048	11236601	+	0	NA	TTS (NM_182966)	TTS (NM_182966)	34344	NM_006403	4739		NM_006403	ENSG00000111859	NEDD9	CAS-L|CAS2|CASL|CASS2|HEF1	neural precursor cell expressed, developmentally down-regulated 9	protein-coding
*-249	chr14	75820598	75887251	+	0	NA	intron (NM_015072, intron 28 of 31)	AluSz|SINE|Alu	128071	NM_001329938	7043		NM_003239	ENSG00000119699	TGFB3	ARVD|ARVD1|LDS5|RNHF|TGF-beta3	transforming growth factor beta 3	protein-coding
*-93	chr1	39102248	39486501	+	0	NA	intron (NM_012090, intron 17 of 92)	intron (NM_012090, intron 17 of 92)	-114699	NM_015038	23499		NM_012090	ENSG00000127603	MACF1	ABP620|ACF7|KIAA0754|LIS9|Lnc-PMIF|MACF|OFC4	microtubule actin crosslinking factor 1	protein-coding
*-219	chr3	152272625	152467151	+	0	NA	intron (NM_001376837, intron 2 of 9)	L1PA7|LINE|L1	-28898	NR_132656	645843		NM_001123228	ENSG00000293032	TMEM14EP	TMEM14E	transmembrane protein 14E, pseudogene	pseudo
*-274	chr6	151242997	151296801	+	0	NA	intron (NM_005100, intron 2 of 4)	L1MB8|LINE|L1	29932	NM_005100	9590		NM_005100	ENSG00000131016	AKAP12	AKAP250|SSeCKS	A-kinase anchoring protein 12	protein-coding
*-332	chr8	101125248	101202731	+	0	NA	Intergenic	MLT1H2|LTR|ERVL-MaLR	6250	NR_164368	115830329		NR_164368	ENSG00000261087	ZNNT1	-	ZNF706 neighboring transcript 1	ncRNA
*-71	chr5	17220559	17262401	+	0	NA	intron (NM_006317, intron 1 of 1)	MIR|SINE|MIR	23849	NM_006317	10409		NM_006317	ENSG00000176788	BASP1	CAP-23|CAP23|NAP-22|NAP22	brain abundant membrane attached signal protein 1	protein-coding
*-225	chr3	172044198	172186201	+	0	NA	intron (NM_022763, intron 2 of 25)	intron (NM_022763, intron 2 of 25)	74668	NM_001135095	64778		NM_022763	ENSG00000075420	FNDC3B	FAD104|PRO4979|YVTM2421	fibronectin type III domain containing 3B	protein-coding
*-111	chr1	172341848	172363501	+	0	NA	intron (NM_015569, intron 17 of 20)	MamGypsy2-I|LTR|Gypsy	-68011	NM_139240	92346		NM_139240	ENSG00000180999	C1orf105	-	chromosome 1 open reading frame 105	protein-coding
*-58	chr11	85947548	86047801	+	0	NA	intron (NM_007166, intron 11 of 19)	AluSx|SINE|Alu	71410	NM_001008660	8301		NM_007166	ENSG00000073921	PICALM	CALM|CLTH|LAP	phosphatidylinositol binding clathrin assembly protein	protein-coding
*-74	chr5	65100548	65248151	+	0	NA	intron (NM_197941, intron 22 of 24)	Harlequin-int|LTR|ERV1	307571	NM_197941	11174		NM_014273	ENSG00000049192	ADAMTS6	ADAM-TS 6|ADAM-TS6|ADAMTS-6	ADAM metallopeptidase with thrombospondin type 1 motif 6	protein-coding
*-75	chr5	69237793	69296951	+	0	NA	intron (NR_136690, intron 7 of 10)	AluSz6|SINE|Alu	32486	NR_136690	1022		NM_001799	ENSG00000134058	CDK7	CAK|CAK1|CDKN7|HCAK|MO15|STK1|p39MO15	cyclin dependent kinase 7	protein-coding
*-151	chr2	207219698	207261451	+	0	NA	intron (NR_110283, intron 1 of 3)	intron (NR_110283, intron 1 of 3)	763	NR_146555	105373853		NR_146555	ENSG00000229647	MYOSLID	-	myocardin-induced smooth muscle lncRNA, inducer of differentiation	ncRNA
*-141	chr2	108537353	108599501	+	0	NA	intron (NM_001371495, intron 1 of 10)	L1MB2|LINE|L1	-2278	NM_001371498	3987		NM_004987	ENSG00000169756	LIMS1	PINCH|PINCH-1|PINCH1	LIM zinc finger domain containing 1	protein-coding
*-83	chr5	150008298	150066101	+	0	NA	intron (NM_001366501, intron 11 of 18)	intron (NM_001366501, intron 11 of 18)	36460	NM_014983	22993		NM_014983	ENSG00000113716	HMGXB3	HMGX3|SMF	HMG-box containing 3	protein-coding
*-92	chr1	36231048	36302301	+	0	NA	intron (NM_001321471, intron 3 of 12)	intron (NM_001321471, intron 3 of 12)	-39694	NM_001162530	79729		NM_024676	ENSG00000214193	SH3D21	C1orf113	SH3 domain containing 21	protein-coding
*	chr4	24526248	24572351	+	0	NA	intron (NM_001358, intron 5 of 13)	intron (NM_001358, intron 5 of 13)	-29009	NR_030299	693158		NR_030299	ENSG00000207697	MIR573	MIRN573|hsa-mir-573|mir-573	microRNA 573	ncRNA
*-49	chr11	12113574	12239701	+	0	NA	intron (NR_144415, intron 2 of 26)	L1MB3|LINE|L1	12954	NR_106739	102466906		NR_106739	ENSG00000275373	MIR6124	hsa-mir-6124	microRNA 6124	ncRNA
*-216	chr3	134457098	134482731	+	0	NA	Intergenic	Intergenic	-15810	NM_001353109	80254		NM_025180	ENSG00000182923	CEP63	SCKL6	centrosomal protein 63	protein-coding
*-235	chr7	80824648	80911651	+	0	NA	intron (NM_001350120, intron 2 of 17)	intron (NM_001350120, intron 2 of 17)	50902	NM_006379	10512		NM_006379	ENSG00000075223	SEMA3C	SEMAE|SemE	semaphorin 3C	protein-coding
*-204	chr3	57998248	58175901	+	0	NA	intron (NM_001164319, intron 4 of 44)	AluSc|SINE|Alu	78652	NM_001164319	2317		NM_001457	ENSG00000136068	FLNB	ABP-278|ABP-280|AOI|FH1|FLN-B|FLN1L|LRS1|SCT|TABP|TAP	filamin B	protein-coding
*-118	chr1	202551448	202591201	+	0	NA	intron (NM_032103, intron 11 of 11)	intron (NM_032103, intron 11 of 11)	31210	NM_001197131	4660		NM_002481	ENSG00000077157	PPP1R12B	MYPT2|PP1bp55	protein phosphatase 1 regulatory subunit 12B	protein-coding
*-16	chr4	122757698	122799301	+	0	NA	Intergenic	Tigger1|DNA|TcMar-Tigger	45795	NM_152618	166379		NM_152618	ENSG00000181004	BBS12	C4orf24	Bardet-Biedl syndrome 12	protein-coding
*-117	chr1	198153498	198299701	+	0	NA	intron (NM_133494, intron 1 of 9)	intron (NM_133494, intron 1 of 9)	69601	NM_133494	140609		NM_133494	ENSG00000151414	NEK7	-	NIMA related kinase 7	protein-coding
*-322	chr8	38891898	38939851	+	0	NA	intron (NM_021623, intron 1 of 11)	L1MA2|LINE|L1	14528	NM_021623	59339		NM_021623	ENSG00000169499	PLEKHA2	TAPP2	pleckstrin homology domain containing A2	protein-coding
*-82	chr5	147471148	147507055	+	0	NA	intron (NM_001197294, intron 1 of 13)	intron (NM_001197294, intron 1 of 13)	20967	NM_001197294	1809		NM_001387	ENSG00000113657	DPYSL3	CRMP-4|CRMP4|DRP-3|DRP3|LCRMP|ULIP|ULIP-1	dihydropyrimidinase like 3	protein-coding
*-280	chr20	45013748	45105201	+	0	NA	intron (NM_001352385, intron 11 of 11)	MER44C|DNA|TcMar-Tigger	41653	NM_001322799	3787		NM_002251	ENSG00000124134	KCNS1	Kv9.1	potassium voltage-gated channel modifier subfamily S member 1	protein-coding
*-256	chr22	36295898	36399251	+	0	NA	intron (NM_002473, intron 2 of 40)	AluJr|SINE|Alu	40393	NM_002473	4627		NM_002473	ENSG00000100345	MYH9	BDPLT6|DFNA17|EPSTS|FTNS|MATINS|MHA|NMHC-II-A|NMMHC-IIA|NMMHCA	myosin heavy chain 9	protein-coding
*-246	chr14	51635548	51730301	+	0	NA	intron (NM_001267046, intron 1 of 13)	MLT1K|LTR|ERVL-MaLR	31014	NM_152330	122786		NM_152330	ENSG00000139926	FRMD6	C14orf31|EX1|Willin|c14_5320	FERM domain containing 6	protein-coding
*-158	chr13	45177148	45292701	+	0	NA	intron (NM_004128, intron 5 of 7)	AluSp|SINE|Alu	-33879	NM_198404	386618		NM_198404	ENSG00000180332	KCTD4	bA321C24.3	potassium channel tetramerization domain containing 4	protein-coding
*-148	chr2	189366698	189413601	+	0	NA	Intergenic	Intergenic	-51284	NM_001303096	84128		NM_032168	ENSG00000115368	WDR75	NET16|UTP17	WD repeat domain 75	protein-coding
*-147	chr2	189203448	189299101	+	0	NA	Intergenic	Intergenic	-71513	NM_000393	1290		NM_000393	ENSG00000204262	COL5A2	EDSC|EDSCL2	collagen type V alpha 2 chain	protein-coding
*-157	chr13	32021848	32064001	+	0	NA	intron (NM_023037, intron 1 of 60)	MLT1L|LTR|ERVL-MaLR	11150	NM_023037	10129		NM_023037	ENSG00000073910	FRY	13CDNA73|214K23.2|C13orf14|CG003|bA207N4.2|bA37E23.1	FRY microtubule binding protein	protein-coding
*-244	chr14	50984348	51025351	+	0	NA	intron (NM_015163, intron 5 of 9)	intron (NM_015163, intron 5 of 9)	-60366	NM_001163940	5836		NM_002863	ENSG00000100504	PYGL	GSD6	glycogen phosphorylase L	protein-coding
*-254	chr22	31207298	31254601	+	0	NA	intron (NM_005569, intron 2 of 15)	MIR|SINE|MIR	-17435	NM_001031801	3985		NM_005569	ENSG00000182541	LIMK2	-	LIM domain kinase 2	protein-coding
*-28	chr12	50150598	50219704	+	0	NA	intron (NM_001113547, intron 6 of 7)	intron (NM_001113547, intron 6 of 7)	16382	NM_001243775	51474		NM_016357	ENSG00000050405	LIMA1	EPLIN|LDLCQ8|SREBP3	LIM domain and actin binding 1	protein-coding
*-160	chr13	49061898	49143101	+	0	NA	intron (NM_001079673, intron 3 of 25)	Tigger20a|DNA|TcMar-Tigger	-7818	NM_014923	22862		NM_014923	ENSG00000102531	FNDC3A	FNDC3|HUGO|bA203I16.1|bA203I16.5	fibronectin type III domain containing 3A	protein-coding
*-77	chr5	95710248	95802001	+	0	NA	intron (NM_014899, intron 6 of 11)	L1MB3|LINE|L1	-24022	NM_001349303	83890		NM_031952	ENSG00000145757	SPATA9	NYD-SP16	spermatogenesis associated 9	protein-coding
*-108	chr1	162956398	162998851	+	0	NA	Intergenic	LTR85c|LTR|Gypsy?	-90982	NM_001102445	5999		NM_005613	ENSG00000117152	RGS4	RGP4|SCZD9	regulator of G protein signaling 4	protein-coding
*-214	chr3	123595048	123881301	+	0	NA	intron (NM_053027, intron 7 of 32)	MIRb|SINE|MIR	48530	NR_046629	100873940		NR_046629	ENSG00000250174	MYLK-AS2	-	MYLK antisense RNA 2	ncRNA
*-206	chr3	81722148	81765851	+	0	NA	intron (NM_000158, intron 1 of 15)	intron (NM_000158, intron 1 of 15)	17646	NM_000158	2632		NM_000158	ENSG00000114480	GBE1	APBD|GBE|GSD4	1,4-alpha-glucan branching enzyme 1	protein-coding
*-107	chr1	162625448	162723901	+	0	NA	intron (NM_001354983, intron 2 of 17)	intron (NM_001354983, intron 2 of 17)	42210	NM_001014796	4921		NM_006182	ENSG00000162733	DDR2	MIG20a|NTRKR3|TKT|TYRO10|WRCN	discoidin domain receptor tyrosine kinase 2	protein-coding
*-171	chr17	45287498	45322351	+	0	NA	intron (NM_003954, intron 1 of 15)	MIRb|SINE|MIR	12096	NM_003954	9020		NM_003954	ENSG00000006062	MAP3K14	FTDCR1B|HS|HSNIK|IMD112|NIK	mitogen-activated protein kinase kinase kinase 14	protein-coding
*-279	chr20	35854498	35904351	+	0	NA	intron (NM_016436, intron 9 of 17)	intron (NM_016436, intron 9 of 17)	75078	NM_033630	51282		NM_016558	ENSG00000171222	SCAND1	RAZ1|SDP1	SCAN domain containing 1	protein-coding
*-123	chr1	218449848	218501551	+	0	NA	intron (NR_031644, intron 2 of 6)	intron (NR_031644, intron 2 of 6)	33073	NR_125715	103611157		NR_125715	ENSG00000281453	TGFB2-OT1	-	TGFB2 overlapping transcript 1	ncRNA
*-76	chr5	76488248	76543601	+	0	NA	intron (NM_006633, intron 2 of 35)	AluJb|SINE|Alu	-31485	NM_001285460	10788		NM_006633	ENSG00000145703	IQGAP2	-	IQ motif containing GTPase activating protein 2	protein-coding
*-170	chr17	45064297	45129532	+	0	NA	intron (NM_021079, intron 5 of 11)	intron (NM_021079, intron 5 of 11)	17519	NR_106842	102465470		NR_106842	ENSG00000277249	MIR6784	hsa-mir-6784	microRNA 6784	ncRNA
*-161	chr13	99279298	99337501	+	0	NA	promoter-TSS (NM_004951)	promoter-TSS (NM_004951)	-1000	NM_004951	1880		NM_004951	ENSG00000169508	GPR183	EBI2|hEBI2	G protein-coupled receptor 183	protein-coding
*-269	chr6	113344348	113414701	+	0	NA	Intergenic	Intergenic	53923	NR_149098	105377957		NR_149098	ENSG00000232316	LINC02518	-	long intergenic non-protein coding RNA 2518	ncRNA
*-309	chr15	90391239	90424151	+	0	NA	intron (NM_003870, intron 2 of 37)	intron (NM_003870, intron 2 of 37)	19453	NM_003870	8826		NM_003870	ENSG00000140575	IQGAP1	HUMORFA01|SAR1|p195	IQ motif containing GTPase activating protein 1	protein-coding
*-319	chr8	13075348	13130299	+	0	NA	exon (NM_001348081, exon 8 of 18)	exon (NM_001348081, exon 8 of 18)	13421	NM_001164271	10395		NM_006094	ENSG00000164741	DLC1	ARHGAP7|HP|STARD12|p122-RhoGAP	DLC1 Rho GTPase activating protein	protein-coding
*-189	chr9	112010898	112082301	+	0	NA	intron (NM_001282640, intron 15 of 17)	intron (NM_001282640, intron 15 of 17)	114499	NR_039814	100616114		NR_039814	ENSG00000266315	MIR4668	mir-4668	microRNA 4668	ncRNA
*-293	chr10	77476898	77545051	+	0	NA	intron (NM_001322836, intron 1 of 27)	intron (NM_001322836, intron 1 of 27)	126834	NM_001271519	3778		NM_002247	ENSG00000156113	KCNMA1	BKTM|CADEDS|IEG16|KCa1.1|LIWAS|MaxiK|PNKD3|SAKCA|SLO|SLO-ALPHA|SLO1|bA205K10.1|hSlo|mSLO1	potassium calcium-activated channel subfamily M alpha 1	protein-coding
*-4	chr4	76579198	76609551	+	0	NA	intron (NM_020859, intron 2 of 10)	L2b|LINE|L2	18823	NR_039655	100616254		NR_039655	ENSG00000283682	MIR548AH	-	microRNA 548ah	ncRNA
*-62	chr11	95983998	96338436	+	0	NA	intron (NM_032427, intron 1 of 4)	intron (NM_032427, intron 1 of 4)	-180221	NR_036125	100422991		NR_036125	ENSG00000266192	MIR1260B	mir-1260b	microRNA 1260b	ncRNA
*-17	chr4	122829706	122915251	+	0	NA	intron (NM_001361665, intron 1 of 2)	L1PA10|LINE|L1	45647	NM_001361665	2247		NM_002006	ENSG00000138685	FGF2	BFGF|FGF-2|FGFB|HBGF-2	fibroblast growth factor 2	protein-coding
*-325	chr8	53942448	53966801	+	0	NA	intron (NM_170587, intron 5 of 5)	AluSq2|SINE|Alu	67824	NR_109901	6917		NM_006756	ENSG00000187735	TCEA1	GTF2S|SII|TCEA|TF2S|TFIIS	transcription elongation factor A1	protein-coding
*-232	chr3	196742855	196810951	+	0	NA	intron (NM_002577, intron 1 of 14)	Charlie1a|DNA|hAT-Charlie	37046	NM_002577	5062		NM_002577	ENSG00000180370	PAK2	KNO2|PAK65|PAKgamma	p21 (RAC1) activated kinase 2	protein-coding
*-281	chr20	50894998	50936551	+	0	NA	intron (NM_001347511, intron 1 of 4)	intron (NM_001347511, intron 1 of 4)	-5983	NM_001282532	23394		NM_015339	ENSG00000101126	ADNP	ADNP1|HVDAS|MRD28	activity dependent neuroprotector homeobox	protein-coding
*-264	chr6	42182048	42231451	+	0	NA	TTS (NM_018141)	TTS (NM_018141)	11112	NM_018141	55173		NM_018141	ENSG00000048544	MRPS10	MRP-S10|PNAS-122|uS10m	mitochondrial ribosomal protein S10	protein-coding
*-110	chr1	164703498	164782451	+	0	NA	intron (NM_001353131, intron 2 of 7)	intron (NM_001353131, intron 2 of 7)	31667	NR_038072	100505795		NR_038072	ENSG00000233693	PBX1-AS1	-	PBX1 antisense RNA 1	ncRNA
*-63	chr11	108869498	108930201	+	0	NA	intron (NM_004398, intron 16 of 17)	AluSq|SINE|Alu	234780	NM_004398	1662		NM_004398	ENSG00000178105	DDX10	Dbp4|HRH-J8	DEAD-box helicase 10	protein-coding
*-10	chr4	102787948	102822859	+	0	NA	intron (NM_003340, intron 4 of 7)	intron (NM_003340, intron 4 of 7)	20457	NM_001300795	7323		NM_003340	ENSG00000109332	UBE2D3	E2(17)KB3|UBC4/5|UBCH5C	ubiquitin conjugating enzyme E2 D3	protein-coding
*-222	chr3	170688548	170768951	+	0	NA	intron (NR_135556, intron 4 of 5)	intron (NR_135556, intron 4 of 5)	141446	NR_135259	200916		NM_001099645	ENSG00000163584	RPL22L1	-	ribosomal protein L22 like 1	protein-coding
*-288	chr10	33192198	33328451	+	0	NA	intron (NM_001244973, intron 4 of 16)	intron (NM_001244973, intron 4 of 16)	74343	NM_001330068	8829		NM_003873	ENSG00000099250	NRP1	BDCA4|CD304|NP1|NRP|VEGF165R	neuropilin 1	protein-coding
*-140	chr2	75586548	75607951	+	0	NA	Intergenic	AluY|SINE|Alu	-27530	NM_032181	84141		NM_032181	ENSG00000115363	EVA1A	FAM176A|TMEM166	eva-1 homolog A, regulator of programmed cell death	protein-coding
*-186	chr9	94767248	94813751	+	0	NA	intron (NM_001193329, intron 2 of 15)	intron (NM_001193329, intron 2 of 15)	-19463	NR_031755	100313780		NR_031755	ENSG00000252153	MIR2278	mir-2278	microRNA 2278	ncRNA
*-150	chr2	201627948	201656951	+	0	NA	intron (NM_001044385, intron 1 of 11)	CpG	221	NM_152388	65062		NM_152388	ENSG00000155755	TMEM237	ALS2CR4|JBTS14	transmembrane protein 237	protein-coding
*-335	chr21	25306248	25344901	+	0	NA	Intergenic	L1MEa|LINE|L1	106127	NR_024027	54072		NM_058184	ENSG00000185433	LINC00158	C21orf42|NCRNA00158	long intergenic non-protein coding RNA 158	ncRNA
*-316	chr16	57167698	57204351	+	0	NA	promoter-TSS (NM_001354080)	promoter-TSS (NM_001354080)	15	NM_001354083	80011		NM_024946	ENSG00000172775	PSME3IP1	C16orf94|CDA018|CDA10|FAM192A|NIP30|PIP30	proteasome activator subunit 3 interacting protein 1	protein-coding
*-304	chr15	48524198	48642787	+	0	NA	intron (NM_000138, intron 6 of 65)	intron (NM_000138, intron 6 of 65)	62217	NM_000138	2200		NM_000138	ENSG00000166147	FBN1	ACMICD|ECTOL1|FBN|GPHYSD2|MASS|MFLS|MFS1|OCTD|SGS|SSKS|WMS|WMS2	fibrillin 1	protein-coding
*-287	chr10	31999448	32053442	+	0	NA	intron (NM_004521, intron 15 of 25)	AluY|SINE|Alu	29980	NM_004521	3799		NM_004521	ENSG00000170759	KIF5B	HEL-S-61|KINH|KNS|KNS1|UKHC	kinesin family member 5B	protein-coding
*-184	chr9	37921498	37979401	+	0	NA	intron (NM_003028, intron 4 of 5)	intron (NM_003028, intron 4 of 5)	-46096	NR_024872	92014		NM_033412	ENSG00000122696	SLC25A51	CG7943|MCART1	solute carrier family 25 member 51	protein-coding
*-14	chr4	114224048	114284551	+	0	NA	Intergenic	L1PA17|LINE|L1	-274652	NM_001354210	79642		NM_024590	ENSG00000180801	ARSJ	ASJ	arylsulfatase family member J	protein-coding
*-314	chr16	24970048	25012377	+	0	NA	intron (NM_018054, intron 1 of 18)	intron (NM_018054, intron 1 of 18)	24157	NM_001006634	55114		NM_018054	ENSG00000140750	ARHGAP17	MST066|MST110|MSTP038|MSTP066|MSTP110|NADRIN|PP367|PP4534|RICH-1|RICH1|WBP15	Rho GTPase activating protein 17	protein-coding
*-306	chr15	60342848	60472801	+	0	NA	Intergenic	Intergenic	-9838	NM_001136015	302		NM_004039	ENSG00000182718	ANXA2	ANX2|ANX2L4|CAL1H|HEL-S-270|LIP2|LPC2|LPC2D|P36|PAP-IV	annexin A2	protein-coding
*-133	chr2	62709895	62829051	+	0	NA	intron (NM_001142616, intron 4 of 22)	L1PREC2|LINE|L1	62576	NM_001354217	23301		NM_015252	ENSG00000115504	EHBP1	HPC12|NACSIN	EH domain binding protein 1	protein-coding
*-15	chr4	114316248	114367701	+	0	NA	Intergenic	Intergenic	-256428	NM_001322113	7368		NM_003360	ENSG00000174607	UGT8	CGT|UGT4	UDP glycosyltransferase 8	protein-coding
*-266	chr6	56638798	56774401	+	0	NA	intron (NM_001144770, intron 3 of 94)	MER1B|DNA|hAT-Charlie	-63710	NM_001723	667		NM_001723	ENSG00000151914	DST	BP240|BPA|BPAG1|CATX-15|CATX15|D6S1101|DMH|DT|EBS3|EBSB2|HSAN6|MACF2	dystonin	protein-coding
*-168	chr17	31563898	31604151	+	0	NA	Intergenic	L1ME1|LINE|L1	8613	NR_029856	100126356		NR_029856	ENSG00000283978	MIR365B	MIR365-2|MIRN365-2|hsa-mir-365b|mir-365b	microRNA 365b	ncRNA
*-38	chr12	103933498	103987201	+	0	NA	Intergenic	AluSx|SINE|Alu	-3134	NM_001135570	728568		NM_001135570	ENSG00000204954	UQCC6	BR|BRAWNIN|C12orf73	ubiquinol-cytochrome c reductase complex assembly factor 6	protein-coding
*-100	chr1	86739148	86795951	+	0	NA	Intergenic	Intergenic	62973	NM_016009	51100		NM_016009	ENSG00000097033	SH3GLB1	Bif-1|CGI-61|PPP1R70|dJ612B15.2	SH3 domain containing GRB2 like, endophilin B1	protein-coding
*-167	chr17	31232598	31278401	+	0	NA	intron (NM_001042492, intron 31 of 57)	intron (NM_001042492, intron 31 of 57)	41740	NM_002544	4974		NM_002544	ENSG00000126861	OMG	OMGP	oligodendrocyte myelin glycoprotein	protein-coding
*-11	chr4	112883598	112910451	+	0	NA	intron (NM_001354261, intron 1 of 44)	intron (NM_001354261, intron 1 of 44)	36037	NM_001354264	287		NM_001148	ENSG00000145362	ANK2	ANK-2|CFAP87|FAP87|LQT4|brank-2	ankyrin 2	protein-coding
*-192	chr9	124251598	124307001	+	0	NA	intron (NM_001166168, intron 1 of 9)	AluSz|SINE|Alu	-12672	NM_001166170	10783		NM_014397	ENSG00000119408	NEK6	SID6-1512	NIMA related kinase 6	protein-coding
*-185	chr9	37992698	38066212	+	0	NA	intron (NM_003028, intron 1 of 5)	MIR|SINE|MIR	39772	NM_003028	6461		NM_003028	ENSG00000107338	SHB	bA3J10.2	SH2 domain containing adaptor protein B	protein-coding
*-65	chr11	111718148	111751501	+	0	NA	intron (NM_181700, intron 13 of 13)	intron (NM_181700, intron 13 of 13)	31565	NM_181699	5519		NM_002716	ENSG00000137713	PPP2R1B	PP2A-Abeta|PR65B	protein phosphatase 2 scaffold subunit Abeta	protein-coding
*-3	chr4	69746948	69803551	+	0	NA	Intergenic	Intergenic	-14629	NM_014465	27284		NM_014465	ENSG00000173597	SULT1B1	ST1B1|ST1B2|SULT1B2	sulfotransferase family 1B member 1	protein-coding
*-64	chr11	111517783	111567101	+	0	NA	intron (NM_001258390, intron 2 of 7)	intron (NM_001258390, intron 2 of 7)	1722	NM_178834	143903		NM_178834	ENSG00000204381	LAYN	-	layilin	protein-coding
*-315	chr16	50180848	50235851	+	0	NA	intron (NM_001040284, intron 2 of 12)	L3|LINE|CR1	55043	NM_001365324	64282		NM_022447	ENSG00000121274	TENT4B	PAPD5|TRF4-2|TUT3	terminal nucleotidyltransferase 4B	protein-coding
*-336	chr21	29148557	29233751	+	0	NA	Intergenic	Intergenic	-2340	NR_027072	193629		NM_138968	ENSG00000215533	LINC00189	C21orf109|NCRNA00189	long intergenic non-protein coding RNA 189	ncRNA
*-103	chr1	115296348	115335235	+	0	NA	intron (NM_002506, intron 1 of 2)	intron (NM_002506, intron 1 of 2)	22458	NM_002506	4803		NM_002506	ENSG00000134259	NGF	Beta-NGF|HSAN5|NGFB	nerve growth factor	protein-coding
*-61	chr11	86803238	86821251	+	0	NA	intron (NR_120591, intron 1 of 4)	intron (NR_120591, intron 1 of 4)	11702	NR_120592	11098		NM_007173	ENSG00000150687	PRSS23	SIG13|SPUVE|ZSIG13	serine protease 23	protein-coding
*-130	chr2	33129798	33170001	+	0	NA	intron (NM_001166265, intron 1 of 29)	intron (NM_001166265, intron 1 of 29)	15303	NM_001166264	4052		NM_000627	ENSG00000049323	LTBP1	ARCL2E	latent transforming growth factor beta binding protein 1	protein-coding
*-329	chr8	88101448	88148651	+	0	NA	intron (NM_005941, intron 4 of 9)	MLT1A|LTR|ERVL-MaLR	202434	NM_005941	4325		NM_005941	ENSG00000156103	MMP16	C8orf57|MMP-X2|MT-MMP2|MT-MMP3|MT3-MMP	matrix metallopeptidase 16	protein-coding
*-59	chr11	86578798	86637051	+	0	NA	intron (NR_147828, intron 2 of 14)	intron (NR_147828, intron 2 of 14)	64274	NM_001014811	10873		NM_006680	ENSG00000151376	ME3	NADP-ME	malic enzyme 3	protein-coding
*-60	chr11	86717798	86786451	+	0	NA	Intergenic	Intergenic	-38947	NM_001293180	11098		NM_007173	ENSG00000150687	PRSS23	SIG13|SPUVE|ZSIG13	serine protease 23	protein-coding
*-265	chr6	44654998	44669401	+	0	NA	Intergenic	MER20|DNA|hAT-Charlie	-110318	NR_134609	105375075		NR_134609		LOC105375075	-	uncharacterized LOC105375075	ncRNA
*-13	chr4	113897398	113976721	+	0	NA	intron (NM_001354211, intron 4 of 6)	intron (NM_001354211, intron 4 of 6)	42588	NM_001354211	79642		NM_024590	ENSG00000180801	ARSJ	ASJ	arylsulfatase family member J	protein-coding
*-143	chr2	138018898	138053301	+	0	NA	Intergenic	MLT1C|LTR|ERVL-MaLR	-65785	NR_135526	105373635		NR_135526		LINC01832	-	long intergenic non-protein coding RNA 1832	ncRNA
*-153	chr2	222904598	223003801	+	0	NA	Intergenic	Intergenic	93163	NM_001354159	2181		NM_004457	ENSG00000123983	ACSL3	ACS3|FACL3|LACS 3|LACS3|PRO2194	acyl-CoA synthetase long chain family member 3	protein-coding
*-334	chr8	140763498	140845851	+	0	NA	intron (NR_148036, intron 10 of 34)	intron (NR_148036, intron 10 of 34)	-72021	NR_029892	442893		NR_029892	ENSG00000254324	MIR151A	MIR151|MIRN151|hsa-mir-151|hsa-mir-151a	microRNA 151a	ncRNA
*-113	chr1	178096992	178139351	+	0	NA	intron (NM_170692, intron 1 of 17)	AluSq2|SINE|Alu	24067	NM_170692	9462		NM_004841	ENSG00000075391	RASAL2	NGAP	RAS protein activator like 2	protein-coding
*-305	chr15	51835398	51889201	+	0	NA	intron (NM_014547, intron 1 of 9)	intron (NM_014547, intron 1 of 9)	32646	NM_014547	29766		NM_014547	ENSG00000138594	TMOD3	UTMOD	tropomodulin 3	protein-coding
*-272	chr6	142353348	142419951	+	0	NA	intron (NM_020455, intron 6 of 25)	MER6|DNA|TcMar-Tigger	84642	NM_198569	57211		NM_020455	ENSG00000112414	ADGRG6	APG1|DREG|GPR126|LCCS9|PR126|PS1TP2|VIGR	adhesion G protein-coupled receptor G6	protein-coding
*-290	chr10	73993048	74146251	+	0	NA	intron (NM_014000, intron 2 of 21)	intron (NM_014000, intron 2 of 21)	71533	NM_003373	7414		NM_003373	ENSG00000035403	VCL	CMD1W|CMH15|HEL114|MV|MVCL|VINC	vinculin	protein-coding
*-96	chr1	59115548	59166001	+	0	NA	intron (NR_027120, intron 1 of 2)	intron (NR_027120, intron 1 of 2)	6033	NR_027120	729467		NR_027120	ENSG00000224609	HSD52	-	uncharacterized LOC729467	ncRNA
*-67	chr11	120328848	120348451	+	0	NA	intron (NM_015313, intron 1 of 40)	intron (NM_015313, intron 1 of 40)	2236	NM_001198665	23365		NM_015313	ENSG00000196914	ARHGEF12	LARG|PRO2792	Rho guanine nucleotide exchange factor 12	protein-coding
*-12	chr4	113435198	113476701	+	0	NA	intron (NM_001321571, intron 19 of 20)	intron (NM_001321571, intron 19 of 20)	163110	NM_001354282	287		NM_001148	ENSG00000145362	ANK2	ANK-2|CFAP87|FAP87|LQT4|brank-2	ankyrin 2	protein-coding
*-324	chr8	40148698	40220751	+	0	NA	Intergenic	MLT1A0|LTR|ERVL-MaLR	31242	NM_020130	56892		NM_020130	ENSG00000176907	TCIM	C8orf4|TC-1|TC1	transcriptional and immune response regulator	protein-coding
*-48	chr11	9750848	9817401	+	0	NA	intron (NM_030962, intron 38 of 39)	intron (NM_030962, intron 38 of 39)	-24591	NR_033972	440028		NR_033972	ENSG00000245522	LINC02709	-	long intergenic non-protein coding RNA 2709	ncRNA
*-202	chr3	30333898	30359151	+	0	NA	Intergenic	Intergenic	-172344	NR_147054	101928015		NR_147054	ENSG00000227260	LINC01985	-	long intergenic non-protein coding RNA 1985	ncRNA
*-86	chr5	154342198	154376051	+	0	NA	intron (NM_198321, intron 4 of 11)	intron (NM_198321, intron 4 of 11)	12018	NR_031626	100302181		NR_031626	ENSG00000221430	MIR1294	MIRN1294|hsa-mir-1294|mir-1294	microRNA 1294	ncRNA
*-326	chr8	58800198	58896151	+	0	NA	intron (NM_014729, intron 4 of 8)	L1MEd|LINE|L1	-188321	NM_003580	8439		NM_003580	ENSG00000035681	NSMAF	FAN|GRAMD5	neutral sphingomyelinase activation associated factor	protein-coding
*-173	chr17	59622687	59699401	+	0	NA	intron (NM_004859, intron 7 of 31)	intron (NM_004859, intron 7 of 31)	41149	NM_004859	1213		NM_004859	ENSG00000141367	CLTC	CHC|CHC17|CLH-17|CLTCL2|Hc|MRD56	clathrin heavy chain	protein-coding
*-212	chr3	112604968	112699901	+	0	NA	Intergenic	AluSq|SINE|Alu	-11291	NM_199512	151887		NM_178274	ENSG00000091986	CCDC80	CL2|DRO1|LINC01279|SSG1|URB|okuribin	coiled-coil domain containing 80	protein-coding
*-242	chr14	21214098	21266478	+	0	NA	intron (NM_001077443, intron 1 of 7)	intron (NM_001077443, intron 1 of 7)	29154	NM_004500	3183		NM_004500	ENSG00000092199	HNRNPC	C1|C2|HNRNP|HNRPC|MRD74|SNRPC	heterogeneous nuclear ribonucleoprotein C	protein-coding
*-252	chr14	103388362	103457151	+	0	NA	intron (NM_002376, intron 2 of 15)	L1ME3A|LINE|L1	37341	NM_001128918	4140		NM_002376	ENSG00000075413	MARK3	CTAK1|KP78|PAR1A|Par-1a|VIPB	microtubule affinity regulating kinase 3	protein-coding
*-120	chr1	203629785	203701601	+	0	NA	intron (NM_001365784, intron 1 of 20)	AluSx4|SINE|Alu	37756	NM_001365784	493		NM_001684	ENSG00000058668	ATP2B4	ATP2B2|MXRA1|PMCA4|PMCA4b|PMCA4x	ATPase plasma membrane Ca2+ transporting 4	protein-coding
*-29	chr12	54220148	54286601	+	0	NA	intron (NM_012117, intron 2 of 4)	AluSz6|SINE|Alu	6171	NM_001127322	23468		NM_012117	ENSG00000094916	CBX5	HEL25|HP1|HP1A|HP1alpha	chromobox 5	protein-coding
