PeakID (cmd=annotatePeaks.pl /home/abykov/neuroblastoma/temp_results/BEDs/CLB_SKN_A_chr.bed hg38)	Chr	Start	End	Strand	Peak Score	Focus Ratio/Region Size	Annotation	Detailed Annotation	Distance to TSS	Nearest PromoterID	Entrez ID	Nearest Unigene	Nearest Refseq	Nearest Ensembl	Gene Name	Gene Alias	Gene Description	Gene Type
*-304	chr6	51548698	51582001	+	0	NA	Intergenic	MER20|DNA|hAT-Charlie	-56521	NR_125840	101927082		NR_125840		LOC101927082	-	uncharacterized LOC101927082	ncRNA
*-152	chr10	1241298	1298651	+	0	NA	intron (NM_018702, intron 4 of 9)	intron (NM_018702, intron 4 of 9)	110206	NR_015376	399706		NM_001010910	ENSG00000229205	LINC00200	C10orf139|NCRNA00200	long intergenic non-protein coding RNA 200	ncRNA
*-195	chr12	6058048	6117051	+	0	NA	intron (NM_000552, intron 6 of 51)	AluY|SINE|Alu	37121	NM_000552	7450		NM_000552	ENSG00000110799	VWF	F8VWF|VWD	von Willebrand factor	protein-coding
*-35	chr17	47978798	48018451	+	0	NA	Intergenic	AluSx1|SINE|Alu	27511	NM_176096	80279		NM_025197	ENSG00000108465	CDK5RAP3	C53|HSF-27|IC53|LZAP|MST016|OK/SW-cl.114|PP1553	CDK5 regulatory subunit associated protein 3	protein-coding
*-164	chr10	76543548	76556801	+	0	NA	intron (NM_032024, intron 5 of 5)	intron (NM_032024, intron 5 of 5)	-337870	NR_120655	101929328		NR_120655	ENSG00000236467	KCNMA1-AS1	-	KCNMA1 antisense RNA 1	ncRNA
*-235	chr20	64144548	64233951	+	0	NA	intron (NM_004535, intron 1 of 22)	intron (NM_004535, intron 1 of 22)	24797	NM_004535	4661		NM_004535	ENSG00000196132	MYT1	C20orf36|MTF1|MYTI|NZF2|PLPB1|ZC2H2C1|ZC2HC4A	myelin transcription factor 1	protein-coding
*-279	chr1	168687098	168732501	+	0	NA	intron (NM_001937, intron 2 of 3)	intron (NM_001937, intron 2 of 3)	19407	NM_001937	1805		NM_001937	ENSG00000143196	DPT	TRAMP	dermatopontin	protein-coding
*-187	chr9	117205698	117412038	+	0	NA	intron (NM_014010, intron 1 of 21)	intron (NM_014010, intron 1 of 21)	106189	NM_014010	23245		NM_014010	ENSG00000148219	ASTN2	bA67K19.1	astrotactin 2	protein-coding
*-11	chr11	8033398	8111951	+	0	NA	intron (NM_003320, intron 2 of 12)	MIRc|SINE|MIR	-8537	NM_177972	7275		NM_003320	ENSG00000166402	TUB	RDOB|rd5	TUB bipartite transcription factor	protein-coding
*-243	chr14	89383098	89431101	+	0	NA	intron (NM_001085471, intron 2 of 6)	L1MC5a|LINE|L1	10134	NM_005197	1112		NM_005197	ENSG00000053254	FOXN3	C14orf116|CHES1|PRO1635	forkhead box N3	protein-coding
*-68	chr5	81834648	81861251	+	0	NA	Intergenic	Intergenic	-96696	NM_001256733	23635		NM_012446	ENSG00000145687	SSBP2	HSPC116|SOSS-B2	single stranded DNA binding protein 2	protein-coding
*-312	chr6	136484748	136523212	+	0	NA	intron (NM_003980, intron 1 of 17)	L1ME3Cz|LINE|L1	22233	NM_001198609	9053		NM_003980	ENSG00000135525	MAP7	E-MAP-115|EMAP115	microtubule associated protein 7	protein-coding
*-116	chr2	239061648	239157601	+	0	NA	intron (NM_006037, intron 14 of 26)	intron (NM_006037, intron 14 of 26)	-23698	NR_039643	100616493		NR_039643	ENSG00000264810	MIR4441	-	microRNA 4441	ncRNA
*-95	chr2	44743698	44779051	+	0	NA	intron (NM_024766, intron 9 of 10)	L2c|LINE|L2	177514	NR_147194	107985879		NR_147194	ENSG00000259439	LINC01833	K21.1|RP11-89	long intergenic non-protein coding RNA 1833	ncRNA
*-78	chr5	149382274	149457351	+	0	NA	intron (NR_105060, intron 1 of 4)	intron (NR_105060, intron 1 of 4)	-9106	NR_029684	406935		NR_029684	ENSG00000284182	MIR143	MIRN143|mir-143	microRNA 143	ncRNA
*-9	chr4	173744898	173767901	+	0	NA	Intergenic	AluJb|SINE|Alu	-140874	NR_146487	101928478		NR_146487	ENSG00000250708	LINC02269	-	long intergenic non-protein coding RNA 2269	ncRNA
*-93	chr2	29514698	29663551	+	0	NA	intron (NM_004304, intron 3 of 28)	Chap1_Mam|DNA|hAT-Charlie	-113747	NR_136317	105374389		NR_136317		LOC105374389	-	uncharacterized LOC105374389	ncRNA
*-84	chr5	173691998	173731551	+	0	NA	intron (NR_108027, intron 2 of 2)	(GATG)n|Simple_repeat|Simple_repeat	22315	NR_146727	105377736		NR_146727	ENSG00000253428	LINC01942	-	long intergenic non-protein coding RNA 1942	ncRNA
*-218	chr7	82208398	82301151	+	0	NA	intron (NM_001302890, intron 3 of 10)	intron (NM_001302890, intron 3 of 10)	189003	NM_000722	781		NM_000722	ENSG00000153956	CACNA2D1	CACNA2|CACNL2A|CCHL2A|DEE110|LINC01112|lncRNA-N3	calcium voltage-gated channel auxiliary subunit alpha2delta 1	protein-coding
*-59	chr5	16020498	16183501	+	0	NA	intron (NM_001102562, intron 2 of 3)	intron (NM_001102562, intron 2 of 3)	77792	NM_001102562	441061		NM_001102562	ENSG00000183654	MARCHF11	MARCH-XI|MARCH11|RNF226	membrane associated ring-CH-type finger 11	protein-coding
*-46	chr8	24991648	25034851	+	0	NA	Intergenic	L1PA4|LINE|L1	-56637	NM_006158	4747		NM_006158	ENSG00000277586	NEFL	CMT1F|CMT2E|CMTDIG|NF-L|NF68|NFL|PPP1R110	neurofilament light chain	protein-coding
*-207	chr7	2098898	2177301	+	0	NA	intron (NM_001304524, intron 9 of 16)	intron (NM_001304524, intron 9 of 16)	-49047	NR_145797	109623488		NR_145797		SNORA114	-	small nucleolar RNA, H/ACA box 114	snoRNA
*-255	chr22	28091898	28126701	+	0	NA	intron (NM_001145418, intron 6 of 22)	L1ME4c|LINE|L1	-188687	NR_036169	100423034		NR_036169	ENSG00000264073	MIR3199-1	mir-3199-1	microRNA 3199-1	ncRNA
*-292	chr18	46401798	46439301	+	0	NA	intron (NM_001256758, intron 1 of 5)	intron (NM_001256758, intron 1 of 5)	86325	NM_001256758	494470		NM_152470	ENSG00000141622	ARK2C	ARKL2|RNF111L2|RNF165|lncAMPC	arkadia (RNF111) C-terminal like ring finger ubiquitin ligase 2C	protein-coding
*-336	chrX	118178148	118239851	+	0	NA	Intergenic	Intergenic	-91659	NM_001168301	90293		NM_033495	ENSG00000003096	KLHL13	BKLHD2	kelch like family member 13	protein-coding
*-210	chr7	8117298	8259051	+	0	NA	intron (NR_146926, intron 6 of 13)	intron (NR_146926, intron 6 of 13)	73993	NM_001350821	3382		NM_004968	ENSG00000003147	ICA1	ICA69|ICAp69	islet cell autoantigen 1	protein-coding
*-241	chr14	88975148	89014551	+	0	NA	Intergenic	Intergenic	170198	NM_001366536	123016		NM_144596	ENSG00000165533	TTC8	BBS8|RP51	tetratricopeptide repeat domain 8	protein-coding
*-132	chr3	50368332	50451051	+	0	NA	intron (NM_006030, intron 3 of 37)	MIRb|SINE|MIR	44328	NR_111914	101928965		NR_111913	ENSG00000271858	LOC101928965	-	uncharacterized LOC101928965	ncRNA
*-33	chr17	13384548	13443401	+	0	NA	Intergenic	AluSq2|SINE|Alu	-107214	NR_146885	105371541		NR_146885	ENSG00000234634	LINC02093	-	long intergenic non-protein coding RNA 2093	ncRNA
*-3	chr4	38903148	38952601	+	0	NA	3' UTR (NM_001350635, exon 9 of 9)	3' UTR (NM_001350635, exon 9 of 9)	59842	NR_030300	693159		NR_030300	ENSG00000207944	MIR574	MIR574-3p|MIRN574|hsa-mir-574|mir-574	microRNA 574	ncRNA
*-104	chr2	136056198	136086851	+	0	NA	Intergenic	Intergenic	44711	NM_001008540	7852		NM_003467	ENSG00000121966	CXCR4	CD184|D2S201E|FB22|HM89|HSY3RR|LAP-3|LAP3|LCR1|LESTR|NPY3R|NPYR|NPYRL|NPYY3R|WHIM|WHIMS|WHIMS1	C-X-C motif chemokine receptor 4	protein-coding
*-15	chr11	19686048	19792651	+	0	NA	intron (NM_145117, intron 1 of 37)	MIRb|SINE|MIR	20734	NR_039843	100616426		NR_039843	ENSG00000264309	MIR4694	-	microRNA 4694	ncRNA
*-229	chr20	33998798	34109051	+	0	NA	intron (NM_016732, intron 2 of 9)	intron (NM_016732, intron 2 of 9)	4805	NR_039911	100616434		NR_039911	ENSG00000264616	MIR4755	mir-4755	microRNA 4755	ncRNA
*-198	chr12	40722048	40770651	+	0	NA	intron (NM_001256063, intron 1 of 15)	intron (NM_001256063, intron 1 of 15)	53907	NM_001256063	1272		NM_001843	ENSG00000018236	CNTN1	CMYP12|F3|GP135|MYPCN	contactin 1	protein-coding
*-91	chr2	21255998	21289901	+	0	NA	Intergenic	Intergenic	148981	NM_001306137	100129278		NM_001306137	ENSG00000218819	TDRD15	-	tudor domain containing 15	protein-coding
*-156	chr10	21626648	21673851	+	0	NA	intron (NR_136736, intron 9 of 25)	AluJr|SINE|Alu	116017	NM_001195626	8028		NM_004641	ENSG00000078403	MLLT10	AF10	MLLT10 histone lysine methyltransferase DOT1L cofactor	protein-coding
*-238	chr14	61460398	61487201	+	0	NA	intron (NM_006255, intron 9 of 13)	AluSx|SINE|Alu	96395	NR_110417	101927780		NR_110416	ENSG00000250548	LINC01303	-	long intergenic non-protein coding RNA 1303	ncRNA
*-190	chr9	127621448	127669201	+	0	NA	intron (NM_001374312, intron 2 of 19)	intron (NM_001374312, intron 2 of 19)	33047	NM_001374308	6812		NM_003165	ENSG00000136854	STXBP1	DEE4|MUNC18-1|N-Sec1|NSEC1|P67|RBSEC1|UNC18|unc-18A|unc18-1	syntaxin binding protein 1	protein-coding
*-31	chr11	126100848	126117951	+	0	NA	Intergenic	MIRb|SINE|MIR	-46107	NM_001243597	50937		NM_016952	ENSG00000064309	CDON	CDO|CDON1|HPE11|Ihog|ORCAM	cell adhesion associated, oncogene regulated	protein-coding
*-112	chr2	205659898	205781751	+	0	NA	intron (NM_201264, intron 3 of 8)	intron (NM_201264, intron 3 of 8)	38323	NM_003872	8828		NM_003872	ENSG00000118257	NRP2	NP2|NPN2|PRO2714|VEGF165R2	neuropilin 2	protein-coding
*-316	chr21	28231666	28285801	+	0	NA	Intergenic	Intergenic	-30066	NR_126012	101927973		NR_126012	ENSG00000236532	LINC01695	-	long intergenic non-protein coding RNA 1695	ncRNA
*-230	chr20	37200898	37252501	+	0	NA	intron (NM_001324299, intron 11 of 16)	intron (NM_001324299, intron 11 of 16)	35115	NM_021081	2691		NM_021081	ENSG00000118702	GHRH	GHRF|GRF|INN	growth hormone releasing hormone	protein-coding
*-250	chr14	104265898	104306051	+	0	NA	intron (NR_146612, intron 1 of 2)	intron (NR_146612, intron 1 of 2)	62390	NR_146613	145195		NR_146611	ENSG00000258913	LINC02691	C14orf144	long intergenic non-protein coding RNA 2691	ncRNA
*-284	chr1	234699448	234748151	+	0	NA	promoter-TSS (NR_038856)	promoter-TSS (NR_038856)	-243	NR_038856	100506810		NR_038856	ENSG00000227630	LINC01132	-	long intergenic non-protein coding RNA 1132	ncRNA
*-215	chr7	36838448	36930901	+	0	NA	intron (NR_038120, intron 2 of 5)	intron (NR_038120, intron 2 of 5)	34758	NR_031604	100302113		NR_031604	ENSG00000221325	MIR1200	MIRN1200|hsa-mir-1200	microRNA 1200	ncRNA
*-267	chr1	53255998	53324851	+	0	NA	intron (NM_017522, intron 2 of 15)	MIRb|SINE|MIR	37646	NM_017522	7804		NM_004631	ENSG00000157193	LRP8	APOER2|HSZ75190|LRP-8|MCI1	LDL receptor related protein 8	protein-coding
*-40	chr17	61131198	61180201	+	0	NA	intron (NM_001353144, intron 24 of 25)	intron (NM_001353144, intron 24 of 25)	212005	NR_136397	101927855		NR_136397	ENSG00000267131	LOC101927855	-	uncharacterized LOC101927855	ncRNA
*-258	chr1	2258948	2328551	+	0	NA	intron (NM_003036, intron 1 of 6)	intron (NM_003036, intron 1 of 6)	58912	NR_024489	100129534		NM_001127577	ENSG00000292993	LOC100129534	-	small nuclear ribonucleoprotein polypeptide N pseudogene	pseudo
*-136	chr3	94093498	94142451	+	0	NA	intron (NM_022072, intron 5 of 5)	L1MA4|LINE|L1	54913	NM_022072	63899		NM_022072	ENSG00000178694	NSUN3	COXPD48|MST077|MSTP077	NOP2/Sun RNA methyltransferase 3	protein-coding
*-29	chr11	115241548	115306651	+	0	NA	intron (NM_001301043, intron 1 of 11)	intron (NM_001301043, intron 1 of 11)	-59478	NR_135108	105369509		NR_135108		LOC105369509	-	uncharacterized LOC105369509	ncRNA
*-332	chr15	101120048	101274519	+	0	NA	intron (NM_014918, intron 2 of 2)	intron (NM_014918, intron 2 of 2)	54765	NM_014918	22856		NM_014918	ENSG00000131873	CHSY1	CHSY|CSS1|ChSy-1|TPBS	chondroitin sulfate synthase 1	protein-coding
*-296	chr18	59476548	59522351	+	0	NA	intron (NM_133459, intron 2 of 10)	THE1B|LTR|ERVL-MaLR	-140184	NM_005570	3998		NM_005570	ENSG00000074695	LMAN1	ERGIC-53|ERGIC53|F5F8D|FMFD1|MCFD1|MR60|gp58	lectin, mannose binding 1	protein-coding
*-13	chr11	10017148	10093351	+	0	NA	intron (NM_030962, intron 2 of 39)	L1PB3|LINE|L1	216107	NR_120539	101928008		NR_120539	ENSG00000255476	LOC101928008	-	uncharacterized LOC101928008	ncRNA
*-21	chr11	68361948	68406201	+	0	NA	intron (NM_002335, intron 5 of 22)	intron (NM_002335, intron 5 of 22)	71483	NM_001291902	4041		NM_002335	ENSG00000162337	LRP5	BMND1|EVR1|EVR4|HBM|LR3|LRP-5|LRP-7|LRP7|OPPG|OPS|OPTA1|PCLD4|VBCH2	LDL receptor related protein 5	protein-coding
*-143	chr3	128315898	128437901	+	0	NA	intron (NM_021937, intron 6 of 6)	intron (NM_021937, intron 6 of 6)	-86695	NR_037890	285224		NR_037890	ENSG00000242049	DNAJB8-AS1	-	DNAJB8 antisense RNA 1	ncRNA
*-55	chr8	79144648	79202501	+	0	NA	Intergenic	L1P1|LINE|L1	-158614	NR_162137	113219456		NR_162137		MIR12123	-	microRNA 12123	ncRNA
*-216	chr7	50457448	50578701	+	0	NA	intron (NM_001242889, intron 4 of 12)	AluY|SINE|Alu	-13685	NR_033845	100129427		NR_033845	ENSG00000226122	DDC-AS1	-	DDC antisense RNA 1	ncRNA
*-330	chr15	74212704	74313551	+	0	NA	intron (NM_025055, intron 3 of 18)	intron (NM_025055, intron 3 of 18)	26801	NM_025055	80125		NM_025055	ENSG00000140481	CCDC33	CC2D3|CT61|HP11097	coiled-coil domain containing 33	protein-coding
*-252	chr22	23499498	23535100	+	0	NA	Intergenic	AluY|SINE|Alu	-20803	NR_109832	101978785		NR_109832		PCAT14	-	prostate cancer associated transcript 14	ncRNA
*-295	chr18	55386248	55442201	+	0	NA	intron (NM_001369569, intron 5 of 19)	intron (NM_001369569, intron 5 of 19)	8073	NM_001348212	6925		NM_003199	ENSG00000196628	TCF4	CDG2T|E2-2|FCD2|FECD3|ITF-2|ITF2|PTHS|SEF-2|SEF2|SEF2-1|SEF2-1A|SEF2-1B|SEF2-1D|TCF-4|bHLHb19	transcription factor 4	protein-coding
*-329	chr15	58222848	58269801	+	0	NA	Intergenic	Intergenic	107943	NM_001320635	366		NM_020980	ENSG00000103569	AQP9	AQP-9|HsT17287|SSC1|T17287	aquaporin 9	protein-coding
*-264	chr1	22315448	22379801	+	0	NA	Intergenic	L1MC4|LINE|L1	81385	NR_039613	100616433		NR_039613	ENSG00000266564	MIR4418	-	microRNA 4418	ncRNA
*-135	chr3	84961980	85009201	+	0	NA	intron (NM_001381964, intron 2 of 10)	intron (NM_001381964, intron 2 of 10)	26601	NM_001375968	253559		NM_153184	ENSG00000175161	CADM2	IGSF4D|NECL3|Necl-3|SynCAM 2|SynCAM-2|synCAM2	cell adhesion molecule 2	protein-coding
*-287	chr1	245157983	245227451	+	0	NA	intron (NM_018012, intron 2 of 14)	intron (NM_018012, intron 2 of 14)	37732	NM_018012	55083		NM_018012	ENSG00000162849	KIF26B	-	kinesin family member 26B	protein-coding
*-179	chr9	2466298	2526751	+	0	NA	Intergenic	L2a|LINE|L2	-125263	NM_003383	7436		NM_003383	ENSG00000147852	VLDLR	CAMRQ1|CARMQ1|CHRMQ1|VLDL-R|VLDLRCH	very low density lipoprotein receptor	protein-coding
*-338	chr19	5921848	5970401	+	0	NA	intron (NM_007320, intron 2 of 15)	intron (NM_007320, intron 2 of 15)	31870	NM_080590	828		NM_004058	ENSG00000105519	CAPS	CAPS1	calcyphosine	protein-coding
*-155	chr10	20858698	20998551	+	0	NA	intron (NM_001377324, intron 4 of 6)	L2|LINE|L2	-31313	NM_006393	10529		NM_006393	ENSG00000078114	NEBL	C10orf113|LASP2|LNEBL|bA165O3.1	nebulette	protein-coding
*-192	chr9	129382248	129434451	+	0	NA	Intergenic	L2a|LINE|L2	71426	NR_120685	100506119		NR_120685	ENSG00000233901	LINC01503	-	long intergenic non-protein coding RNA 1503	ncRNA
*-60	chr5	36155041	36178401	+	0	NA	intron (NM_001243120, intron 3 of 7)	intron (NM_001243120, intron 3 of 7)	14610	NM_005983	6502		NM_005983	ENSG00000145604	SKP2	FBL1|FBXL1|FLB1|p45	S-phase kinase associated protein 2	protein-coding
*-141	chr3	119289998	119408851	+	0	NA	intron (NM_020754, intron 1 of 11)	intron (NM_020754, intron 1 of 11)	-26664	NR_046748	100874246		NR_046748	ENSG00000241155	ARHGAP31-AS1	-	ARHGAP31 antisense RNA 1	ncRNA
*-110	chr2	188566998	188598751	+	0	NA	intron (NM_001375933, intron 10 of 13)	L2|LINE|L2	207249	NR_161166	116093		NM_052952		DIRC1	-	disrupted in renal carcinoma 1	ncRNA
*-39	chr17	57739098	57764951	+	0	NA	Intergenic	Intergenic	-6725	NM_001282544	101927581		NM_001282544	ENSG00000166329	CCDC182	-	coiled-coil domain containing 182	protein-coding
*-70	chr5	107492498	107573901	+	0	NA	intron (NM_001962, intron 1 of 4)	intron (NM_001962, intron 1 of 4)	137738	NM_001962	1946		NM_001962	ENSG00000184349	EFNA5	AF1|EFL5|EPLG7|GLC1M|LERK7|RAGS	ephrin A5	protein-coding
*-232	chr20	38808691	38915851	+	0	NA	intron (NM_001172735, intron 2 of 9)	intron (NM_001172735, intron 2 of 9)	56574	NM_015568	26051		NM_015568	ENSG00000101445	PPP1R16B	ANKRD4|TIMAP	protein phosphatase 1 regulatory subunit 16B	protein-coding
*-118	chr16	4367298	4412001	+	0	NA	intron (NM_001351729, intron 7 of 27)	intron (NM_001351729, intron 7 of 27)	17801	NM_138440	114990		NM_138440	ENSG00000168140	VASN	SLITL2	vasorin	protein-coding
*-315	chr21	26009548	26167819	+	0	NA	intron (NM_001385253, intron 3 of 16)	intron (NM_001385253, intron 3 of 16)	51707	NM_001136016	351		NM_000484	ENSG00000142192	APP	AAA|ABETA|ABPP|AD1|APPI|CTFgamma|CVAP|PN-II|PN2|alpha-sAPP|preA4	amyloid beta precursor protein	protein-coding
*-99	chr2	65296648	65439201	+	0	NA	intron (NM_181784, intron 1 of 5)	intron (NM_181784, intron 1 of 5)	-1146	NM_001128210	200734		NM_181784	ENSG00000198369	SPRED2	NS14|Spred-2	sprouty related EVH1 domain containing 2	protein-coding
*-107	chr2	174659648	174679898	+	0	NA	intron (NM_001077269, intron 1 of 7)	AluJr|SINE|Alu	13126	NM_001077269	7456		NM_003387	ENSG00000115935	WIPF1	PRPL-2|WAS2|WASPIP|WIP	WAS/WASL interacting protein family member 1	protein-coding
*-5	chr4	87016998	87111501	+	0	NA	intron (NM_001313959, intron 3 of 19)	intron (NM_001313959, intron 3 of 19)	57248	NM_005935	4299		NM_005935	ENSG00000172493	AFF1	AF4|FEL|MLLT2|PBM1	ALF transcription elongation factor 1	protein-coding
*-53	chr8	70152748	70199051	+	0	NA	intron (NM_001321707, intron 4 of 22)	intron (NM_001321707, intron 4 of 22)	-104647	NM_024504	63978		NM_024504	ENSG00000147596	PRDM14	PFM11	PR/SET domain 14	protein-coding
*-290	chr18	36680348	36757051	+	0	NA	exon (NM_001281740, exon 19 of 29)	exon (NM_001281740, exon 19 of 29)	-55281	NR_132982	105372071		NR_132982		LOC105372071	-	uncharacterized LOC105372071	ncRNA
*-212	chr7	11698348	11829197	+	0	NA	intron (NM_015204, intron 1 of 26)	intron (NM_015204, intron 1 of 26)	68426	NM_015204	221981		NM_015204	ENSG00000005108	THSD7A	-	thrombospondin type 1 domain containing 7A	protein-coding
*-130	chr3	18346398	18448901	+	0	NA	intron (NM_001322873, intron 5 of 10)	intron (NM_001322873, intron 5 of 10)	27690	NM_002971	6304		NM_002971	ENSG00000182568	SATB1	DEFDA|DHDBV|KTZSL	SATB homeobox 1	protein-coding
*-204	chr12	112794742	112903775	+	0	NA	intron (NM_001347955, intron 4 of 20)	intron (NM_001347955, intron 4 of 20)	57510	NM_001347954	22895		NM_014954	ENSG00000089169	RPH3A	-	rabphilin 3A	protein-coding
*-51	chr8	55882825	56015001	+	0	NA	intron (NM_002350, intron 4 of 12)	intron (NM_002350, intron 4 of 12)	-46058	NR_145767	109617001		NR_145767	ENSG00000199405	SNORA1B	-	small nucleolar RNA, H/ACA box 1B	snoRNA
*-25	chr11	79016298	79090351	+	0	NA	intron (NM_001098816, intron 6 of 33)	intron (NM_001098816, intron 6 of 33)	348785	NR_030598	100126333		NR_030598	ENSG00000211997	MIR708	MIRN708|hsa-mir-708	microRNA 708	ncRNA
*-129	chr3	18099098	18144051	+	0	NA	intron (NR_161333, intron 4 of 4)	MLT1I|LTR|ERVL-MaLR	159022	NR_161333	339862		NR_046199		BALR6	BALR-6	B-cell acute lymphoblastic leukemia associated long RNA 6	ncRNA
*-298	chr6	16319748	16404651	+	0	NA	intron (NM_000332, intron 7 of 8)	intron (NM_000332, intron 7 of 8)	123612	NM_006877	2766		NM_006877	ENSG00000137198	GMPR	GMPR 1|GMPR1	guanosine monophosphate reductase	protein-coding
*-335	chrX	72072248	72127751	+	0	NA	intron (NM_001013627, intron 1 of 7)	intron (NM_001013627, intron 1 of 7)	31916	NM_001024455	340526		NM_001024455	ENSG00000242732	RTL5	6430402L03Rik|MAR5|MART5|RGAG4|SIRH8	retrotransposon Gag like 5	protein-coding
*-48	chr8	29878998	29908251	+	0	NA	Intergenic	Intergenic	-27889	NR_024473	286135		NR_024473	ENSG00000253279	LINC02209	FAM183CP	long intergenic non-protein coding RNA 2209	ncRNA
*-256	chr22	40308748	40339051	+	0	NA	3' UTR (NM_001162501, exon 23 of 23)	3' UTR (NM_001162501, exon 23 of 23)	-22601	NM_001363840	158		NM_000026	ENSG00000239900	ADSL	AMPS|ASASE|ASL	adenylosuccinate lyase	protein-coding
*-138	chr3	98735702	98824401	+	0	NA	intron (NM_001271147, intron 6 of 9)	intron (NM_001271147, intron 6 of 9)	16744	NM_001323367	10402		NM_006100	ENSG00000064225	ST3GAL6	SIAT10|ST3GALVI	ST3 beta-galactoside alpha-2,3-sialyltransferase 6	protein-coding
*-66	chr5	78793298	78814501	+	0	NA	intron (NM_000046, intron 6 of 7)	MIRb|SINE|MIR	-155127	NM_005779	10184		NM_005779	ENSG00000145685	LHFPL2	-	LHFPL tetraspan subfamily member 2	protein-coding
*-236	chr14	51854698	51940451	+	0	NA	intron (NM_053064, intron 2 of 3)	L4_C_Mam|LINE|RTE-X	20997	NR_126331	102723604		NR_126331	ENSG00000258928	LOC102723604	-	uncharacterized LOC102723604	ncRNA
*-158	chr10	42957598	42978506	+	0	NA	Intergenic	L1ME3C|LINE|L1	13455	NR_126352	104266963		NR_126352	ENSG00000229630	LINC01264	-	long intergenic non-protein coding RNA 1264	ncRNA
*-310	chr6	111661498	111854201	+	0	NA	intron (NM_002037, intron 3 of 13)	intron (NM_002037, intron 3 of 13)	1282	NM_153048	2534		NM_002037	ENSG00000010810	FYN	SLK|SYN|p59-FYN	FYN proto-oncogene, Src family tyrosine kinase	protein-coding
*-341	chr19	30508248	30574701	+	0	NA	intron (NM_001352260, intron 3 of 5)	intron (NM_001352260, intron 3 of 5)	169090	NM_014717	9745		NM_014717	ENSG00000198597	ZNF536	-	zinc finger protein 536	protein-coding
*-19	chr11	57141448	57169001	+	0	NA	Intergenic	Intergenic	-26729	NM_001005210	219527		NM_001005210	ENSG00000183908	LRRC55	-	leucine rich repeat containing 55	protein-coding
*-76	chr5	138944298	138971401	+	0	NA	intron (NM_022464, intron 7 of 9)	L1MC4|LINE|L1	82449	NM_001323987	1495		NM_001903	ENSG00000044115	CTNNA1	CAP102|MDBS2|MDPT2	catenin alpha 1	protein-coding
*-196	chr12	6178898	6269451	+	0	NA	intron (NM_001769, intron 1 of 7)	intron (NM_001769, intron 1 of 7)	23774	NM_001769	928		NM_001769	ENSG00000010278	CD9	BTCC-1|DRAP-27|MIC3|MRP-1|TSPAN-29|TSPAN29	CD9 molecule	protein-coding
*-23	chr11	71975048	72059151	+	0	NA	intron (NR_104178, intron 1 of 3)	AluSx4|SINE|Alu	2808	NR_104178	100128494		NR_104178	ENSG00000251143	LOC100128494	-	uncharacterized LOC100128494	ncRNA
*-2	chr4	38667627	38700901	+	0	NA	intron (NM_016531, intron 2 of 5)	intron (NM_016531, intron 2 of 5)	-19636	NR_026804	79667		NM_024614		KLF3-AS1	-	KLF3 antisense RNA 1	ncRNA
*-150	chr3	195097586	195259951	+	0	NA	intron (NM_001308069, intron 2 of 3)	L3|LINE|CR1	30897	NR_102711	101410543		NR_102710	ENSG00000230266	XXYLT1-AS2	-	XXYLT1 antisense RNA 2	ncRNA
*-184	chr9	93176948	93255601	+	0	NA	intron (NM_001282394, intron 1 of 29)	MER33|DNA|hAT-Charlie	31344	NM_006648	65268		NM_006648	ENSG00000165238	WNK2	NY-CO-43|P/OKcl.13|PRKWNK2|SDCCAG43	WNK lysine deficient protein kinase 2	protein-coding
*-318	chr21	32068698	32100951	+	0	NA	intron (NR_038033, intron 1 of 1)	intron (NR_038033, intron 1 of 1)	1471	NR_038033	100551499		NR_038033		LINC00159	C21orf44|NCRNA00159	long intergenic non-protein coding RNA 159	ncRNA
*-115	chr2	235629698	235760951	+	0	NA	intron (NM_001037131, intron 1 of 17)	HAL1b|LINE|L1	-177403	NR_146582	27321		NR_146582		TNRC17	CAGL234	trinucleotide repeat containing 17	ncRNA
*-167	chr10	78288248	78320651	+	0	NA	Intergenic	Intergenic	37107	NR_073447	414243		NR_073447	ENSG00000230417	LINC00595	C10orf101	long intergenic non-protein coding RNA 595	ncRNA
*-307	chr6	89951448	89988701	+	0	NA	intron (NM_021813, intron 6 of 8)	intron (NM_021813, intron 6 of 8)	75605	NM_032602	84694		NM_032602	ENSG00000135355	GJA10	CX62	gap junction protein alpha 10	protein-coding
*-146	chr3	139525748	139543351	+	0	NA	intron (NM_001130992, intron 2 of 2)	intron (NM_001130992, intron 2 of 2)	5087	NM_001365940	5947		NM_002899	ENSG00000114115	RBP1	CRABP-I|CRBP|CRBP1|CRBPI|RBPC|hCRBP1	retinol binding protein 1	protein-coding
*-342	chr19	31300798	31345451	+	0	NA	intron (NR_138034, intron 1 of 1)	L1ME4a|LINE|L1	26312	NR_138036	57616		NM_020856	ENSG00000121297	TSHZ3	TSH3|ZNF537	teashirt zinc finger homeobox 3	protein-coding
*-14	chr11	12498848	12525851	+	0	NA	intron (NM_018222, intron 8 of 12)	intron (NM_018222, intron 8 of 12)	134778	NM_018222	55742		NM_018222	ENSG00000197702	PARVA	CH-ILKBP|MXRA2	parvin alpha	protein-coding
*-213	chr7	18771698	18851751	+	0	NA	intron (NM_001321868, intron 17 of 25)	intron (NM_001321868, intron 17 of 25)	302454	NM_001204148	9734		NM_014707	ENSG00000048052	HDAC9	ARCND4|HD7|HD7b|HD9|HDAC|HDAC7|HDAC7B|HDAC9B|HDAC9FL|HDRP|MITR	histone deacetylase 9	protein-coding
*-274	chr1	95369198	95412851	+	0	NA	Intergenic	Intergenic	-38917	NR_146486	101928169		NR_146486		LINC01650	-	long intergenic non-protein coding RNA 1650	ncRNA
*-309	chr6	111532398	111578101	+	0	NA	TTS (NM_001164283)	TTS (NM_001164283)	12030	NM_001164283	10758		NM_147200	ENSG00000056972	TRAF3IP2	ACT1|C6orf2|C6orf4|C6orf5|C6orf6|CANDF8|CIKS|PSORS13	TRAF3 interacting protein 2	protein-coding
*-169	chr10	78725148	78778651	+	0	NA	Intergenic	Intergenic	315549	NR_015429	283050		NR_015429	ENSG00000224596	ZMIZ1-AS1	-	ZMIZ1 antisense RNA 1	ncRNA
*-72	chr5	113160648	113283201	+	0	NA	intron (NM_001085377, intron 3 of 18)	LTR8|LTR|ERV1	73014	NM_002387	4163		NM_002387	ENSG00000171444	MCC	MCC1	MCC regulator of WNT signaling pathway	protein-coding
*-211	chr7	8324398	8380851	+	0	NA	Intergenic	L1HS|LINE|L1	-80985	NM_152745	30010		NM_152745	ENSG00000122584	NXPH1	NPH1|Nbla00697	neurexophilin 1	protein-coding
*-240	chr14	77031698	77051451	+	0	NA	intron (NR_110554, intron 1 of 3)	intron (NR_110554, intron 1 of 3)	525	NR_110554	283575		NR_110554	ENSG00000246548	LINC02288	-	long intergenic non-protein coding RNA 2288	ncRNA
*-62	chr5	51887848	51934601	+	0	NA	Intergenic	MER110-int|LTR|ERV1	-96807	NR_147166	105378960		NR_147166	ENSG00000248789	LINC02118	-	long intergenic non-protein coding RNA 2118	ncRNA
*-127	chr3	12979648	13079101	+	0	NA	intron (NM_001134382, intron 1 of 13)	MIR|SINE|MIR	-42273	NM_001330619	9922		NM_014869	ENSG00000144711	IQSEC1	ARF-GEP100|ARFGEP100|BRAG2|GEP100|IDDSSBA	IQ motif and Sec7 domain ArfGEF 1	protein-coding
*-248	chr14	101805848	101900101	+	0	NA	intron (NM_001352916, intron 2 of 13)	intron (NM_001352916, intron 2 of 13)	43111	NM_001352912	5527		NM_002719	ENSG00000078304	PPP2R5C	B56G|B56gamma|PR61G	protein phosphatase 2 regulatory subunit B'gamma	protein-coding
*-81	chr5	154502898	154529451	+	0	NA	Intergenic	Intergenic	-37947	NM_004821	9421		NM_004821	ENSG00000113196	HAND1	Hxt|Thing1|bHLHa27|eHand	heart and neural crest derivatives expressed 1	protein-coding
*	chr4	17472448	17529851	+	0	NA	intron (NM_000320, intron 4 of 6)	MIRb|SINE|MIR	10941	NM_000320	5860		NM_000320	ENSG00000151552	QDPR	DHPR|HDHPR|PKU2|SDR33C1	quinoid dihydropteridine reductase	protein-coding
*-231	chr20	37294048	37414051	+	0	NA	intron (NM_198291, intron 1 of 13)	MIR|SINE|MIR	7909	NM_198291	6714		NM_005417	ENSG00000197122	SRC	ASV|SRC1|THC6|c-SRC|p60-Src	SRC proto-oncogene, non-receptor tyrosine kinase	protein-coding
*-142	chr3	128192798	128288201	+	0	NA	intron (NM_021937, intron 1 of 6)	intron (NM_021937, intron 1 of 6)	-86585	NM_001319086	8607		NM_003707	ENSG00000175792	RUVBL1	ECP-54|ECP54|INO80H|NMP 238|NMP238|PONTIN|Pontin52|RVB1|TIH1|TIP49|TIP49A	RuvB like AAA ATPase 1	protein-coding
*-191	chr9	127954248	127977532	+	0	NA	intron (NM_001035254, intron 1 of 10)	intron (NM_001035254, intron 1 of 10)	15099	NM_001035254	399665		NM_203305	ENSG00000167106	EEIG1	C9orf132|FAM102A|SYM-3A|bA203J24.7	estrogen-induced osteoclastogenesis regulator 1	protein-coding
*-34	chr17	17050748	17147201	+	0	NA	intron (NM_015134, intron 3 of 22)	intron (NM_015134, intron 3 of 22)	56517	NM_201274	23164		NM_015134	ENSG00000133030	MPRIP	M-RIP|MRIP|RHOIP3|RIP3|p116Rip	myosin phosphatase Rho interacting protein	protein-coding
*-94	chr2	29731798	29822151	+	0	NA	intron (NM_004304, intron 1 of 28)	intron (NM_004304, intron 1 of 28)	144612	NM_004304	238		NM_004304	ENSG00000171094	ALK	ALK1|CD246|NBLST3	ALK receptor tyrosine kinase	protein-coding
*-8	chr4	140857098	140908551	+	0	NA	intron (NM_020724, intron 6 of 6)	L1M4c|LINE|L1	-126439	NM_015130	23158		NM_015130	ENSG00000109436	TBC1D9	GRAMD9|MDR1	TBC1 domain family member 9	protein-coding
*-83	chr5	164496798	164540901	+	0	NA	intron (NR_105065, intron 2 of 3)	MLT1H|LTR|ERVL-MaLR	48570	NR_105065	102546299		NR_105065	ENSG00000241956	LOC102546299	-	uncharacterized LOC102546299	ncRNA
*-109	chr2	176537198	176591351	+	0	NA	Intergenic	Intergenic	36778	NR_031648	100302142		NR_031648	ENSG00000283203	MIR1246	MIRN1246|hsa-mir-1246	microRNA 1246	ncRNA
*-253	chr22	25603548	25729751	+	0	NA	intron (NM_001362778, intron 4 of 19)	intron (NM_001362778, intron 4 of 19)	-75539	NM_032608	84700		NM_032608	ENSG00000133454	MYO18B	KFS4	myosin XVIIIB	protein-coding
*-224	chr7	141143298	141231751	+	0	NA	intron (NM_001195278, intron 1 of 3)	L1PA4|LINE|L1	113460	NM_001195278	100507421		NM_001195278	ENSG00000261115	TMEM178B	-	transmembrane protein 178B	protein-coding
*-233	chr20	57648148	57706974	+	0	NA	intron (NM_199171, intron 1 of 3)	intron (NM_199171, intron 1 of 3)	13125	NM_001255976	56937		NM_020182	ENSG00000124225	PMEPA1	STAG1|TMEPAI	prostate transmembrane protein, androgen induced 1	protein-coding
*-67	chr5	80167048	80220801	+	0	NA	intron (NM_001174072, intron 2 of 11)	intron (NM_001174072, intron 2 of 11)	62124	NM_001174071	256987		NM_178276	ENSG00000164300	SERINC5	C5orf12|TPO1	serine incorporator 5	protein-coding
*-193	chr9	135116448	135169001	+	0	NA	Intergenic	L2a|LINE|L2	-38885	NR_046107	401557		NR_046107		LOC401557	-	uncharacterized LOC401557	ncRNA
*-85	chr5	174048602	174123101	+	0	NA	intron (NM_015980, intron 3 of 4)	MIRb|SINE|MIR	40145	NM_015980	51617		NM_015980	ENSG00000170091	NSG2	CALY3|HMP19	neuronal vesicle trafficking associated 2	protein-coding
*-77	chr5	141812348	141859551	+	0	NA	Intergenic	Intergenic	30253	NM_001278615	5097		NM_002587	ENSG00000156453	PCDH1	PC42|PCDH42	protocadherin 1	protein-coding
*-327	chr15	37204298	37247101	+	0	NA	Intergenic	L2a|LINE|L2	-124388	NM_001220482	4212		NM_002399	ENSG00000134138	MEIS2	CPCMR|HsT18361|MRG1	Meis homeobox 2	protein-coding
*-289	chr18	36015598	36064151	+	0	NA	intron (NM_018170, intron 1 of 6)	(AC)n|Simple_repeat|Simple_repeat	27685	NM_001303411	55197		NM_018170	ENSG00000141425	RPRD1A	HsT3101|P15RS	regulation of nuclear pre-mRNA domain containing 1A	protein-coding
*-245	chr14	95380448	95448951	+	0	NA	3' UTR (NM_152592, exon 18 of 18)	3' UTR (NM_152592, exon 18 of 18)	85115	NR_110127	101929080		NR_110127	ENSG00000258630	LINC02292	-	long intergenic non-protein coding RNA 2292	ncRNA
*-177	chr10	112198198	112217901	+	0	NA	Intergenic	Intergenic	-24284	NM_001244949	57678		NM_020918	ENSG00000119927	GPAM	GPAT|GPAT1	glycerol-3-phosphate acyltransferase, mitochondrial	protein-coding
*-251	chr22	19966751	20013751	+	0	NA	intron (NM_001670, intron 3 of 19)	intron (NM_001670, intron 3 of 19)	26498	NR_039918	100616414		NR_039918	ENSG00000284031	MIR4761	-	microRNA 4761	ncRNA
*-174	chr10	103589448	103860201	+	0	NA	intron (NM_014631, intron 4 of 13)	intron (NM_014631, intron 4 of 13)	-21955	NR_038940	100505839		NR_038940	ENSG00000280693	SH3PXD2A-AS1	-	SH3PXD2A antisense RNA 1	ncRNA
*-324	chr15	28885398	28956801	+	0	NA	promoter-TSS (NM_005503)	promoter-TSS (NM_005503)	-538	NM_005503	321		NM_005503	ENSG00000034053	APBA2	D15S1518E|HsT16821|LIN-10|MGC:14091|MINT2|X11-BETA|X11L	amyloid beta precursor protein binding family A member 2	protein-coding
*-269	chr1	60848098	60991601	+	0	NA	Intergenic	GA-rich|Low_complexity|Low_complexity	50927	NR_110617	100996570		NR_110617	ENSG00000237928	NFIA-AS2	-	NFIA antisense RNA 2	ncRNA
*-331	chr15	78587198	78711901	+	0	NA	Intergenic	MER58C|DNA|hAT-Charlie	-8339	NM_001256567	1143		NM_000750	ENSG00000117971	CHRNB4	-	cholinergic receptor nicotinic beta 4 subunit	protein-coding
*-246	chr14	96042322	96125751	+	0	NA	intron (NM_001282463, intron 2 of 2)	intron (NM_001282463, intron 2 of 2)	44674	NM_001282463	56967		NM_020215	ENSG00000227051	C14orf132	C14orf88	chromosome 14 open reading frame 132	protein-coding
*-24	chr11	75301198	75348830	+	0	NA	intron (NM_020251, intron 1 of 14)	intron (NM_020251, intron 1 of 14)	10172	NR_029891	442900		NR_029891	ENSG00000199090	MIR326	MIRN326|hsa-mir-326|mir-326	microRNA 326	ncRNA
*-113	chr2	209618948	209713951	+	0	NA	intron (NR_164699, intron 1 of 6)	intron (NR_164699, intron 1 of 6)	4953	NM_001375557	4133		NM_002374	ENSG00000078018	MAP2	MAP-2|MAP2A|MAP2B|MAP2C	microtubule associated protein 2	protein-coding
*-227	chr20	33495798	33654801	+	0	NA	intron (NM_005093, intron 2 of 11)	intron (NM_005093, intron 2 of 11)	12934	NM_001039709	9139		NM_005093	ENSG00000078699	CBFA2T2	EHT|MTGR1|ZMYND3|p85	CBFA2/RUNX1 partner transcriptional co-repressor 2	protein-coding
*-47	chr8	29731798	29820201	+	0	NA	intron (NR_125815, intron 1 of 3)	MSTB2|LTR|ERVL-MaLR	27690	NR_125814	101929450		NR_125814	ENSG00000253490	LINC02099	-	long intergenic non-protein coding RNA 2099	ncRNA
*-148	chr3	149874698	149910851	+	0	NA	intron (NR_165474, intron 4 of 10)	MER1B|DNA|hAT-Charlie	78121	NM_002628	5217		NM_002628	ENSG00000070087	PFN2	D3S1319E|PFL	profilin 2	protein-coding
*-333	chrX	15395048	15478751	+	0	NA	intron (NR_037859, intron 4 of 14)	intron (NR_037859, intron 4 of 14)	-52486	NM_004469	2277		NM_004469	ENSG00000165197	VEGFD	FIGF|VEGF-D	vascular endothelial growth factor D	protein-coding
*-140	chr3	116897698	116949301	+	0	NA	intron (NR_121607, intron 1 of 1)	L1PA7|LINE|L1	2068	NR_121607	100506724		NR_121607	ENSG00000242385	LINC00901	LSAMP-AS4|TCONS_00005428	long intergenic non-protein coding RNA 901	ncRNA
*-111	chr2	190431848	190487251	+	0	NA	intron (NM_001375987, intron 2 of 6)	intron (NM_001375987, intron 2 of 6)	-9944	NM_001375994	54842		NM_017694	ENSG00000151690	MFSD6	MMR2|hMMR2	major facilitator superfamily domain containing 6	protein-coding
*-89	chr2	3242598	3363301	+	0	NA	intron (NM_001330530, intron 3 of 9)	intron (NM_001330530, intron 3 of 9)	74869	NM_001330531	7260		NM_003310	ENSG00000032389	EIPR1	EIPR-1|TSSC1	EARP complex and GARP complex interacting protein 1	protein-coding
*-209	chr7	7609798	7625701	+	0	NA	Intergenic	Intergenic	-23003	NM_001302348	729852		NM_001302348	ENSG00000219545	UMAD1	RPA3-AS1|RPA3OS	UBAP1-MVB12-associated (UMA) domain containing 1	protein-coding
*-153	chr10	9283498	9302601	+	0	NA	intron (NR_120635, intron 2 of 4)	L1MA8|LINE|L1	2544	NR_120635	101928272		NR_120635		LOC101928272	-	uncharacterized LOC101928272	ncRNA
*-54	chr8	72208148	72248633	+	0	NA	intron (NR_033867, intron 9 of 19)	intron (NR_033867, intron 9 of 19)	23244	NR_033867	392232		NR_033867		LOC392232	-	transient receptor potential cation channel subfamily A member 1 pseudogene	pseudo
*-124	chr16	87337048	87372851	+	0	NA	intron (NM_024735, intron 2 of 8)	AluSx|SINE|Alu	28827	NM_024735	79791		NM_024735	ENSG00000103264	FBXO31	FBX14|FBXO14|Fbx31|MRT45|pp2386	F-box protein 31	protein-coding
*-131	chr3	27116898	27134201	+	0	NA	intron (NM_001304384, intron 13 of 16)	intron (NM_001304384, intron 13 of 16)	90974	NM_001031741	152110		NM_152534	ENSG00000163491	NEK10	CILD44	NIMA related kinase 10	protein-coding
*-242	chr14	89174448	89354201	+	0	NA	intron (NM_001085471, intron 4 of 6)	THE1B|LTR|ERVL-MaLR	152909	NM_005197	1112		NM_005197	ENSG00000053254	FOXN3	C14orf116|CHES1|PRO1635	forkhead box N3	protein-coding
*-291	chr18	37421098	37577401	+	0	NA	intron (NR_148519, intron 1 of 12)	intron (NR_148519, intron 1 of 12)	-13457	NM_001353761	56853		NM_020180	ENSG00000101489	CELF4	BRUNOL4|CELF-4	CUGBP Elav-like family member 4	protein-coding
*-313	chr6	156782730	156858151	+	0	NA	intron (NM_001371656, intron 2 of 20)	L2c|LINE|L2	-40709	NR_039676	100616154		NR_039676	ENSG00000271899	MIR4466	mir-4466	microRNA 4466	ncRNA
*-42	chr17	73282498	73361251	+	0	NA	Intergenic	Charlie15a|DNA|hAT-Charlie	-9873	NM_012121	23580		NM_012121	ENSG00000179604	CDC42EP4	BORG4|CEP4|KAIA1777	CDC42 effector protein 4	protein-coding
*-145	chr3	133235798	133332301	+	0	NA	intron (NM_001282865, intron 2 of 3)	intron (NM_001282865, intron 2 of 3)	-26928	NR_110812	101927455		NR_110812		TMEM108-AS1	-	TMEM108 antisense RNA 1	ncRNA
*-277	chr1	113197898	113235751	+	0	NA	Intergenic	Intergenic	-10571	NR_038846	643441		NR_038846		LOC643441	-	uncharacterized LOC643441	ncRNA
*-189	chr9	121674398	121788651	+	0	NA	intron (NM_032552, intron 3 of 16)	intron (NM_032552, intron 3 of 16)	-11261	NM_138709	153090		NM_032552	ENSG00000136848	DAB2IP	AF9Q34|AIP-1|AIP1|DIP1/2	DAB2 interacting protein	protein-coding
*-151	chr3	197158948	197192101	+	0	NA	intron (NM_001366214, intron 5 of 25)	intron (NM_001366214, intron 5 of 25)	8348	NM_001366222	1739		NM_004087	ENSG00000075711	DLG1	DLGH1|SAP-97|SAP97|hdlg	discs large MAGUK scaffold protein 1	protein-coding
*-133	chr3	51991198	52092151	+	0	NA	Intergenic	Intergenic	14897	NM_001947	1849		NM_001947	ENSG00000164086	DUSP7	MKPX|PYST2	dual specificity phosphatase 7	protein-coding
*-293	chr18	48918998	48946332	+	0	NA	intron (NM_005904, intron 3 of 3)	intron (NM_005904, intron 3 of 3)	10142	NM_001190823	4092		NM_005904	ENSG00000101665	SMAD7	CRCS3|MADH7|MADH8	SMAD family member 7	protein-coding
*-340	chr19	30230848	30286701	+	0	NA	intron (NM_001376111, intron 1 of 5)	AluSz|SINE|Alu	30264	NM_001376111	9745		NM_014717	ENSG00000198597	ZNF536	-	zinc finger protein 536	protein-coding
*-311	chr6	136070698	136128651	+	0	NA	intron (NM_018945, intron 2 of 12)	L1PA6|LINE|L1	-26847	NR_149042	644135		NR_149042	ENSG00000237596	PDE7B-AS1	-	PDE7B antisense RNA 1	ncRNA
*-306	chr6	79778298	79809245	+	0	NA	Intergenic	Intergenic	18475	NR_131786	89758		NM_001243308		LINC01621	C6orf7	long intergenic non-protein coding RNA 1621	ncRNA
*-173	chr10	88340748	88389801	+	0	NA	intron (NM_018363, intron 4 of 6)	intron (NM_018363, intron 4 of 6)	218044	NM_001031709	55328		NM_018363	ENSG00000184719	RNLS	C10orf59|RENALASE	renalase, FAD dependent amine oxidase	protein-coding
*-166	chr10	77826998	77923051	+	0	NA	intron (NM_004747, intron 1 of 31).2	MIR|SINE|MIR	51731	NM_004747	9231		NM_004747	ENSG00000151208	DLG5	LP-DLG|P-DLG5|PDLG|YUVOB	discs large MAGUK scaffold protein 5	protein-coding
*-79	chr5	150488991	150526951	+	0	NA	promoter-TSS (NM_001543)	promoter-TSS (NM_001543)	-160	NM_001543	3340		NM_001543	ENSG00000070614	NDST1	HSST|MRT46|NST1	N-deacetylase and N-sulfotransferase 1	protein-coding
*-69	chr5	107386748	107418351	+	0	NA	intron (NM_001962, intron 2 of 4)	intron (NM_001962, intron 2 of 4)	268388	NM_001962	1946		NM_001962	ENSG00000184349	EFNA5	AF1|EFL5|EPLG7|GLC1M|LERK7|RAGS	ephrin A5	protein-coding
*-323	chr13	109641398	109672651	+	0	NA	Intergenic	Intergenic	-71250	NR_103846	101409253		NR_103846	ENSG00000234854	LINC00676	-	long intergenic non-protein coding RNA 676	ncRNA
*-30	chr11	117486348	117539501	+	0	NA	intron (NM_020693, intron 8 of 32)	intron (NM_020693, intron 8 of 32)	185070	NM_014956	22897		NM_014956	ENSG00000110274	CEP164	NPHP15	centrosomal protein 164	protein-coding
*-102	chr2	111127298	111166501	+	0	NA	TTS (NM_001204113)	TTS (NM_001204113)	25985	NM_001204107	10018		NM_006538	ENSG00000153094	BCL2L11	BAM|BIM|BOD	BCL2 like 11	protein-coding
*-16	chr11	27644998	27677201	+	0	NA	intron (NM_001143811, intron 2 of 3)	intron (NM_001143811, intron 2 of 3)	-1450	NM_001143816	627		NM_001709	ENSG00000176697	BDNF	ANON2|BULN2	brain derived neurotrophic factor	protein-coding
*-197	chr12	19449798	19532001	+	0	NA	intron (NM_153207, intron 3 of 7)	L1MB5|LINE|L1	50300	NM_001267043	121536		NM_153207	ENSG00000139154	AEBP2	-	AE binding protein 2	protein-coding
*-90	chr2	11738348	11831951	+	0	NA	intron (NM_145693, intron 9 of 19)	intron (NM_145693, intron 9 of 19)	17705	NR_036071	100422862		NR_036071	ENSG00000265056	MIR548S	-	microRNA 548s	ncRNA
*-114	chr2	231267248	231321651	+	0	NA	intron (NR_148040, intron 19 of 21)	intron (NR_148040, intron 19 of 21)	-68259	NR_039937	100616317		NR_039937	ENSG00000263641	MIR4777	-	microRNA 4777	ncRNA
*-237	chr14	54806248	54896051	+	0	NA	intron (NM_001024024, intron 3 of 6)	L1PA5|LINE|L1	27044	NR_036194	100422984		NR_036194	ENSG00000265432	MIR4308	-	microRNA 4308	ncRNA
*-149	chr3	178057848	178089251	+	0	NA	Intergenic	Intergenic	256684	NR_110826	102724550		NR_110826	ENSG00000231574	LINC02015	KCCAT211	long intergenic non-protein coding RNA 2015	ncRNA
*-185	chr9	95120598	95140351	+	0	NA	intron (NM_001243743, intron 8 of 14)	intron (NM_001243743, intron 8 of 14)	-44380	NR_036109	100422842		NR_036109	ENSG00000207617	MIR3074	mir-3074	microRNA 3074	ncRNA
*-257	chr22	43221698	43320651	+	0	NA	intron (NM_173050, intron 4 of 21)	L2b|LINE|L2	-4768	NR_134582	101927447		NR_134582	ENSG00000203527	SCUBE1-AS1	-	SCUBE1 antisense RNA 1	ncRNA
*-171	chr10	86210298	86268001	+	0	NA	intron (NM_017551, intron 2 of 15)	MSTA-int|LTR|ERVL-MaLR	25639	NR_029907	442911		NR_029907	ENSG00000199104	MIR346	MIRN346|hsa-mir-346|miR-346|miRNA346	microRNA 346	ncRNA
*-260	chr1	7608298	7647251	+	0	NA	intron (NM_001349608, intron 5 of 21)	MIR|SINE|MIR	-41956	NM_001349621	23261		NM_015215	ENSG00000171735	CAMTA1	CANPMR|CECBA	calmodulin binding transcription activator 1	protein-coding
*-282	chr1	216497448	216635251	+	0	NA	intron (NM_001243518, intron 5 of 7)	intron (NM_001243518, intron 5 of 7)	-142901	NM_007123	7399		NM_007123	ENSG00000042781	USH2A	RP39|US2|USH2|dJ1111A8.1	usherin	protein-coding
*-321	chr13	51715398	51801161	+	0	NA	exon (NM_052950, exon 11 of 12)	exon (NM_052950, exon 11 of 12)	45456	NM_001377932	79758		NM_024705	ENSG00000102796	DHRS12	SDR40C1	dehydrogenase/reductase 12	protein-coding
*-334	chrX	18756848	18773001	+	0	NA	intron (NM_006240, intron 9 of 18)	intron (NM_006240, intron 9 of 18)	57279	NM_001377995	5475		NM_006240	ENSG00000086717	PPEF1	PP7|PPEF|PPP7C|PPP7CA	protein phosphatase with EF-hand domain 1	protein-coding
*-41	chr17	64149337	64255251	+	0	NA	intron (NM_001288732, intron 2 of 11)	intron (NM_001288732, intron 2 of 11)	28440	NM_001288733	55852		NM_018469	ENSG00000136478	TEX2	HT008|TMEM96	testis expressed 2	protein-coding
*-58	chr8	139408248	139436851	+	0	NA	Intergenic	ERVL-E-int|LTR|ERVL	280574	NM_001282534	51305		NM_001282534	ENSG00000169427	KCNK9	BIBARS|K2p9.1|KT3.2|TASK-3|TASK3|TASK32	potassium two pore domain channel subfamily K member 9	protein-coding
*-205	chr12	124477648	124564463	+	0	NA	intron (NM_001077261, intron 2 of 47)	MIRc|SINE|MIR	46557	NM_001206654	9612		NM_006312	ENSG00000196498	NCOR2	CTG26|N-CoR2|SMAP270|SMRT|SMRTE|SMRTE-tau|TNRC14|TRAC|TRAC-1|TRAC1	nuclear receptor corepressor 2	protein-coding
*-268	chr1	54243798	54399951	+	0	NA	intron (NM_145716, intron 4 of 17)	intron (NM_145716, intron 4 of 17)	84520	NM_018070	23648		NM_018070	ENSG00000157216	SSBP3	CSDP|SSDP|SSDP1	single stranded DNA binding protein 3	protein-coding
*-106	chr2	172886498	172908051	+	0	NA	intron (NM_001282900, intron 1 of 26)	L1MB8|LINE|L1	-30878	NM_001282901	11069		NM_007023	ENSG00000091428	RAPGEF4	CAMP-GEFII|CGEF2|EPAC|EPAC 2|EPAC2|Nbla00496	Rap guanine nucleotide exchange factor 4	protein-coding
*-10	chr4	173905348	173947901	+	0	NA	intron (NR_146487, intron 1 of 2)	intron (NR_146487, intron 1 of 2)	29351	NR_146487	101928478		NR_146487	ENSG00000250708	LINC02269	-	long intergenic non-protein coding RNA 2269	ncRNA
*-123	chr16	85512448	85652701	+	0	NA	Intergenic	Intergenic	-28835	NM_001134473	23199		NM_014615	ENSG00000131149	GSE1	CRHSP24|KIAA0182	Gse1 coiled-coil protein	protein-coding
*-162	chr10	70810548	70893251	+	0	NA	intron (NM_003901, intron 4 of 14)	MER58A|DNA|hAT-Charlie	35951	NM_003901	8879		NM_003901	ENSG00000166224	SGPL1	NPHS14|RENI|S1PL|SPL	sphingosine-1-phosphate lyase 1	protein-coding
*-180	chr9	14086398	14107601	+	0	NA	intron (NR_161382, intron 7 of 7)	intron (NR_161382, intron 7 of 7)	83803	NM_001282787	4781		NM_005596	ENSG00000147862	NFIB	CTF|HMGIC/NFIB|MACID|NF-I/B|NF1-B|NFI-B|NFI-RED|NFIB2|NFIB3	nuclear factor I B	protein-coding
*-302	chr6	40395898	40446851	+	0	NA	intron (NM_020737, intron 2 of 2)	MER4B|LTR|ERV1	43037	NR_160958	732253		NM_001359094	ENSG00000204091	TDRG1	LINC00532|lincRNA-NR_024015	testis development related 1	ncRNA
*-36	chr17	50902798	50979701	+	0	NA	Intergenic	Intergenic	-73271	NM_001243877	10140		NM_005749	ENSG00000141232	TOB1	APRO5|APRO6|PIG49|TOB|TROB|TROB1	transducer of ERBB2, 1	protein-coding
*-154	chr10	14647348	14675451	+	0	NA	intron (NM_001282695, intron 2 of 5)	MLT2B1|LTR|ERVL	-56998	NM_001282696	83641		NM_031453	ENSG00000065809	FAM107B	C10orf45|HITS	family with sequence similarity 107 member B	protein-coding
*-96	chr2	45668598	45713551	+	0	NA	intron (NM_005400, intron 1 of 14)	MamTip1|DNA|hAT-Tip100	39399	NM_005400	5581		NM_005400	ENSG00000171132	PRKCE	PKCE|nPKC-epsilon	protein kinase C epsilon	protein-coding
*-314	chr6	158376398	158417751	+	0	NA	intron (NM_001007466, intron 1 of 12)	intron (NM_001007466, intron 1 of 12)	74092	NR_145798	109623462		NR_145798		SNORA116	-	small nucleolar RNA, H/ACA box 116	snoRNA
*-188	chr9	120385048	120484401	+	0	NA	intron (NM_018249, intron 25 of 37)	L2-3_Crp|LINE|L2	145443	NM_018249	55755		NM_018249	ENSG00000136861	CDK5RAP2	C48|Cep215|MCPH3	CDK5 regulatory subunit associated protein 2	protein-coding
*-4	chr4	52982048	53028251	+	0	NA	intron (NM_152540, intron 5 of 8)	AluSz|SINE|Alu	142832	NM_023940	65997		NM_023940	ENSG00000128045	RASL11B	-	RAS like family 11 member B	protein-coding
*-43	chr17	77350298	77494101	+	0	NA	intron (NM_001293696, intron 1 of 9)	intron (NM_001293696, intron 1 of 9)	17122	NM_001293696	10801		NM_006640	ENSG00000184640	SEPTIN9	AF17q25|MSF|MSF1|NAPB|PNUTL4|SEPT9|SINT1|SeptD1	septin 9	protein-coding
*-286	chr1	242421948	242446481	+	0	NA	intron (NM_001320272, intron 2 of 10)	L2a|LINE|L2	15254	NM_001195812	200150		NM_152666	ENSG00000180287	PLD5	PLDC	phospholipase D family member 5	protein-coding
*-45	chr8	11408498	11473951	+	0	NA	intron (NM_053279, intron 2 of 2)	intron (NM_053279, intron 2 of 2)	25529	NM_053279	83648		NM_053279	ENSG00000154319	FAM167A	C8orf13|D8S265|DIORA-1	family with sequence similarity 167 member A	protein-coding
*-28	chr11	115190848	115223851	+	0	NA	intron (NM_001301045, intron 7 of 10)	intron (NM_001301045, intron 7 of 10)	-126228	NR_135108	105369509		NR_135108		LOC105369509	-	uncharacterized LOC105369509	ncRNA
*-121	chr16	72194398	72222501	+	0	NA	Intergenic	Intergenic	-35999	NM_001160213	83449		NM_031293	ENSG00000118557	PMFBP1	SPGF31|STAP	polyamine modulated factor 1 binding protein 1	protein-coding
*-200	chr12	79281298	79386851	+	0	NA	intron (NM_001291901, intron 7 of 9)	L2c|LINE|L2	-85183	NR_031700	100302136		NR_031700	ENSG00000221788	MIR1252	MIRN1252|hsa-mir-1252	microRNA 1252	ncRNA
*-134	chr3	57089648	57162398	+	0	NA	intron (NM_001318864, intron 2 of 13)	intron (NM_001318864, intron 2 of 13)	39330	NM_017563	54756		NM_017563	ENSG00000144730	IL17RD	HH18|IL-17RD|IL17RLM|SEF	interleukin 17 receptor D	protein-coding
*-217	chr7	70754698	70798101	+	0	NA	intron (NM_015570, intron 13 of 18)	intron (NM_015570, intron 13 of 18)	-355745	NM_022479	64409		NM_022479	ENSG00000185274	GALNT17	GALNACT17|GALNT16|GALNT20|GALNTL3|GalNAc-T17|GalNAc-T19|GalNAc-T5L|WBSCR17	polypeptide N-acetylgalactosaminyltransferase 17	protein-coding
*-208	chr7	5608498	5672901	+	0	NA	intron (NM_207111, intron 15 of 16)	L1MD|LINE|L1	39762	NR_046834	100874342		NR_046834	ENSG00000237738	RNF216-IT1	-	RNF216 intronic transcript 1	ncRNA
*-265	chr1	50250698	50311001	+	0	NA	Intergenic	L2b|LINE|L2	142594	NM_032110	63950		NM_032110	ENSG00000142700	DMRTA2	-	DMRT like family A2	protein-coding
*-294	chr18	49041148	49078601	+	0	NA	intron (NM_001374431, intron 16 of 16)	L1MC5|LINE|L1	-10106	NR_039898	100616420		NR_039898	ENSG00000263849	MIR4744	-	microRNA 4744	ncRNA
*-297	chr18	75243498	75267551	+	0	NA	intron (NM_001308210, intron 1 of 1)	intron (NM_001308210, intron 1 of 1)	44727	NM_005786	10194		NM_005786	ENSG00000179981	TSHZ1	CAA|NY-CO-33|SDCCAG33|TSH1	teashirt zinc finger homeobox 1	protein-coding
*-214	chr7	30447448	30473901	+	0	NA	intron (NM_001354849, intron 1 of 12)	intron (NM_001354849, intron 1 of 12)	18110	NM_006092	10392		NM_006092	ENSG00000106100	NOD1	CARD4|CLR7.1|NLRC1|hNod1	nucleotide binding oligomerization domain containing 1	protein-coding
*-50	chr8	47809148	47873301	+	0	NA	intron (NM_006904, intron 54 of 85)	L1PA16|LINE|L1	-103060	NM_005195	1052		NM_005195	ENSG00000221869	CEBPD	C/EBP-delta|CELF|CRP3|NF-IL6-beta	CCAAT enhancer binding protein delta	protein-coding
*-137	chr3	97709548	97744701	+	0	NA	intron (NM_001080448, intron 15 of 17)	intron (NM_001080448, intron 15 of 17)	-37397	NM_177976	84100		NM_032146	ENSG00000113966	ARL6	BBS3|RP55	ADP ribosylation factor like GTPase 6	protein-coding
*-285	chr1	235543148	235646992	+	0	NA	intron (NM_004485, intron 1 of 2)	intron (NM_004485, intron 1 of 2)	54714	NM_001098722	2786		NM_004485	ENSG00000168243	GNG4	HG3C	G protein subunit gamma 4	protein-coding
*-249	chr14	104134048	104228151	+	0	NA	TTS (NM_015656)	TTS (NM_015656)	42376	NM_015656	26153		NM_015656	ENSG00000066735	KIF26A	CDCBM11	kinesin family member 26A	protein-coding
*-6	chr4	138889648	138919001	+	0	NA	intron (NR_133945, intron 2 of 2)	AluSz|SINE|Alu	108322	NR_133945	105377448		NR_133945	ENSG00000250195	LOC105377448	-	uncharacterized LOC105377448	ncRNA
*-63	chr5	68529248	68570151	+	0	NA	Intergenic	Intergenic	257122	NM_001242466	5295		NM_181504	ENSG00000145675	PIK3R1	AGM7|GRB1|IMD36|p85|p85-ALPHA|p85alpha	phosphoinositide-3-kinase regulatory subunit 1	protein-coding
*-273	chr1	95306198	95327601	+	0	NA	intron (NR_135588, intron 1 of 1)	LFSINE_Vert|SINE|tRNA	1364	NR_135588	100996630		NR_135588	ENSG00000228504	LINC01760	-	long intergenic non-protein coding RNA 1760	ncRNA
*-266	chr1	50326748	50348201	+	0	NA	Intergenic	AluY|SINE|Alu	85969	NM_032110	63950		NM_032110	ENSG00000142700	DMRTA2	-	DMRT like family A2	protein-coding
*-7	chr4	140003398	140119401	+	0	NA	intron (NM_018717, intron 1 of 4)	intron (NM_018717, intron 1 of 4)	-66616	NR_147610	101927516		NR_147610		LOC101927516	-	uncharacterized LOC101927516	ncRNA
*-73	chr5	124696798	124750351	+	0	NA	intron (NM_001385621, intron 1 of 8)	AluSx1|SINE|Alu	23065	NM_020747	57507		NM_020747	ENSG00000168916	ZNF608	NY-REN-36	zinc finger protein 608	protein-coding
*-26	chr11	79261498	79309951	+	0	NA	intron (NM_001098816, intron 2 of 33)	L1MB7|LINE|L1	116385	NR_030598	100126333		NR_030598	ENSG00000211997	MIR708	MIRN708|hsa-mir-708	microRNA 708	ncRNA
*-202	chr12	111177248	111251601	+	0	NA	intron (NM_015267, intron 2 of 21)	intron (NM_015267, intron 2 of 21)	-89718	NR_106818	102465455		NR_106818	ENSG00000273700	MIR6760	hsa-mir-6760	microRNA 6760	ncRNA
*-87	chr2	2221498	2334651	+	0	NA	intron (NM_001329845, intron 2 of 24)	intron (NM_001329845, intron 2 of 24)	-41158	NR_024468	730811		NR_024468	ENSG00000225619	MYT1L-AS1	-	MYT1L antisense RNA 1	ncRNA
*-75	chr5	126785348	126848301	+	0	NA	intron (NR_134488, intron 6 of 11)	L1MC3|LINE|L1	39688	NM_005573	4001		NM_005573	ENSG00000113368	LMNB1	ADLD|LMN|LMN2|LMNB|MCPH26	lamin B1	protein-coding
*-317	chr21	31116098	31188101	+	0	NA	intron (NM_001353694, intron 19 of 27)	AluSq2|SINE|Alu	8841	NM_001353684	7074		NM_003253	ENSG00000156299	TIAM1	NEDLDS|TIAM-1	TIAM Rac1 associated GEF 1	protein-coding
*-98	chr2	50998398	51026901	+	0	NA	intron (NM_004801, intron 2 of 21)	intron (NM_004801, intron 2 of 21)	19483	NM_001330078	9378		NM_004801	ENSG00000179915	NRXN1	Hs.22998|PTHSL2|SCZD17	neurexin 1	protein-coding
*-308	chr6	105300498	105373051	+	0	NA	intron (NM_002726, intron 7 of 14)	L1MEg|LINE|L1	66308	NM_002726	5550		NM_002726	ENSG00000085377	PREP	PE|PEP	prolyl endopeptidase	protein-coding
*-65	chr5	76086412	76272601	+	0	NA	intron (NM_014979, intron 2 of 12)	intron (NM_014979, intron 2 of 12)	96123	NM_014979	22987		NM_014979	ENSG00000122012	SV2C	SLC22B3	synaptic vesicle glycoprotein 2C	protein-coding
*-168	chr10	78406398	78476851	+	0	NA	Intergenic	AluSc|SINE|Alu	174282	NR_073447	414243		NR_073447	ENSG00000230417	LINC00595	C10orf101	long intergenic non-protein coding RNA 595	ncRNA
*-105	chr2	148883748	149000951	+	0	NA	intron (NM_004522, intron 6 of 25)	intron (NM_004522, intron 6 of 25)	-5526	NR_111932	3800		NM_004522	ENSG00000168280	KIF5C	CDCBM2|KINN|NKHC|NKHC-2|NKHC2	kinesin family member 5C	protein-coding
*-157	chr10	32269048	32335551	+	0	NA	intron (NR_168511, intron 2 of 13)	L1MD2|LINE|L1	44859	NM_025209	80314		NM_025209	ENSG00000120616	EPC1	Epl1	enhancer of polycomb homolog 1	protein-coding
*-271	chr1	83690248	83717851	+	0	NA	intron (NR_119375, intron 2 of 2)	intron (NR_119375, intron 2 of 2)	156497	NR_119374	101927560		NR_119374	ENSG00000233008	LOC101927560	-	uncharacterized LOC101927560	ncRNA
*-38	chr17	57260011	57709251	+	0	NA	intron (NM_170721, intron 5 of 9)	intron (NM_170721, intron 5 of 9)	38966	NR_110808	101927557		NR_110808	ENSG00000266100	LOC101927557	-	uncharacterized LOC101927557	ncRNA
*-160	chr10	52616048	52658251	+	0	NA	intron (NR_155748, intron 1 of 2)	L1PA14|LINE|L1	118255	NR_155748	105378305		NR_155748	ENSG00000231131	LOC105378305	-	uncharacterized LOC105378305	ncRNA
*-182	chr9	34404198	34454151	+	0	NA	intron (NM_001184942, intron 1 of 5)	intron (NM_001184942, intron 1 of 5)	29396	NM_001184941	203259		NM_147202	ENSG00000164970	FAM219A	C9orf25	family with sequence similarity 219 member A	protein-coding
*-300	chr6	21184148	21207151	+	0	NA	intron (NM_017774, intron 13 of 15)	AluJb|SINE|Alu	316243	NR_103790	100874531		NR_103790	ENSG00000280989	LINC00581	linc-MBOAT1-4	long intergenic non-protein coding RNA 581	ncRNA
*-49	chr8	37781848	37827501	+	0	NA	intron (NM_032777, intron 1 of 18)	intron (NM_032777, intron 1 of 18)	7791	NM_032777	25960		NM_032777	ENSG00000020181	ADGRA2	GPR124|TEM5	adhesion G protein-coupled receptor A2	protein-coding
*-288	chr1	245509598	245622551	+	0	NA	intron (NM_018012, intron 5 of 14)	MSTB|LTR|ERVL-MaLR	-331557	NR_151721	111216275		NR_151721	ENSG00000232192	KIF26B-AS1	-	KIF26B antisense RNA 1	ncRNA
*-337	chrX	119653898	119689401	+	0	NA	intron (NM_145799, intron 2 of 10)	AluJb|SINE|Alu	21519	NM_145802	23157		NM_015129	ENSG00000125354	SEPTIN6	SEP2|SEPT2|SEPT6|Septin-6	septin 6	protein-coding
*-56	chr8	79285748	79303301	+	0	NA	Intergenic	Intergenic	-37664	NR_162137	113219456		NR_162137		MIR12123	-	microRNA 12123	ncRNA
*-206	chr12	130443948	130731251	+	0	NA	intron (NM_001351226, intron 2 of 21)	L1PA2|LINE|L1	40857	NM_015347	23504		NM_015347	ENSG00000060709	RIMBP2	PPP1R133|RBP2|RIM-BP2	RIMS binding protein 2	protein-coding
*-262	chr1	15137348	15227651	+	0	NA	intron (NR_135082, intron 1 of 2)	MIRc|SINE|MIR	-10875	NR_167931	727684		NM_001278501		TMEM51-AS2	C1orf195	TMEM51 antisense RNA 2	ncRNA
*-223	chr7	138905648	138977451	+	0	NA	intron (NM_001164665, intron 1 of 19)	intron (NM_001164665, intron 1 of 19)	39840	NM_020910	57670		NM_020910	ENSG00000122778	KIAA1549	RP86	KIAA1549	protein-coding
*-20	chr11	68315607	68343851	+	0	NA	intron (NM_002335, intron 1 of 22)	intron (NM_002335, intron 1 of 22)	17138	NM_001291902	4041		NM_002335	ENSG00000162337	LRP5	BMND1|EVR1|EVR4|HBM|LR3|LRP-5|LRP-7|LRP7|OPPG|OPS|OPTA1|PCLD4|VBCH2	LDL receptor related protein 5	protein-coding
*-280	chr1	204257048	204356928	+	0	NA	intron (NM_014935, intron 1 of 22)	intron (NM_014935, intron 1 of 22)	52941	NM_014935	22874		NM_014935	ENSG00000143850	PLEKHA6	PEPP-3|PEPP3	pleckstrin homology domain containing A6	protein-coding
*-254	chr22	28012098	28054401	+	0	NA	intron (NM_001145418, intron 12 of 22)	intron (NM_001145418, intron 12 of 22)	-112637	NR_036169	100423034		NR_036169	ENSG00000264073	MIR3199-1	mir-3199-1	microRNA 3199-1	ncRNA
*-234	chr20	63435448	63469639	+	0	NA	intron (NM_001382235, intron 1 of 16)	MLT2C2|LTR|ERVL	20112	NM_172107	3785		NM_004518	ENSG00000075043	KCNQ2	BFNC|DEE7|EBN|EBN1|ENB1|HNSPC|KCNA11|KV7.2	potassium voltage-gated channel subfamily Q member 2	protein-coding
*-117	chr2	239179348	239348803	+	0	NA	intron (NM_006037, intron 2 of 26)	intron (NM_006037, intron 2 of 26)	-41387	NR_036229	100423043		NR_036229	ENSG00000265215	MIR4269	-	microRNA 4269	ncRNA
*-82	chr5	160244248	160309151	+	0	NA	intron (NM_024565, intron 3 of 6)	L1MB5|LINE|L1	35865	NM_024565	79616		NM_024565	ENSG00000135083	CCNJL	-	cyclin J like	protein-coding
*-108	chr2	174803498	174916151	+	0	NA	intron (NR_038133, intron 5 of 11)	intron (NR_038133, intron 5 of 11)	-12269	NM_001206602	1123		NM_001822	ENSG00000128656	CHN1	ARHGAP2|CHN|DURS2|NC|RHOGAP2	chimerin 1	protein-coding
*-165	chr10	76867948	76987051	+	0	NA	intron (NM_001322836, intron 23 of 27)	(TTTAAT)n|Simple_repeat|Simple_repeat	39455	NR_120655	101929328		NR_120655	ENSG00000236467	KCNMA1-AS1	-	KCNMA1 antisense RNA 1	ncRNA
*-194	chr12	3080748	3133751	+	0	NA	intron (NM_006675, intron 2 of 8)	intron (NM_006675, intron 2 of 8)	29870	NM_006675	10867		NM_006675	ENSG00000011105	TSPAN9	NET-5|NET5|PP1057	tetraspanin 9	protein-coding
*-305	chr6	51949998	52022801	+	0	NA	intron (NM_170724, intron 35 of 60)	Tigger15a|DNA|TcMar-Tigger	101214	NM_170724	5314		NM_138694	ENSG00000170927	PKHD1	ARPKD|FCYT|FPC|PCYT|PKD4|TIGM1	PKHD1 ciliary IPT domain containing fibrocystin/polyductin	protein-coding
*-71	chr5	113018798	113157701	+	0	NA	intron (NM_001085377, intron 8 of 18)	intron (NM_001085377, intron 8 of 18)	111451	NR_038352	167227		NM_152624	ENSG00000172795	DCP2	NUDT20	decapping mRNA 2	protein-coding
*-186	chr9	97504637	97630051	+	0	NA	intron (NM_001166116, intron 7 of 9)	MamRep38|DNA|hAT	65678	NM_003275	7111		NM_003275	ENSG00000136842	TMOD1	D9S57E|ETMOD|TMOD	tropomodulin 1	protein-coding
*-18	chr11	42954798	42987651	+	0	NA	Intergenic	Intergenic	298145	NR_033868	399881		NR_033868	ENSG00000293312	HNRNPKP3	-	heterogeneous nuclear ribonucleoprotein K pseudogene 3	pseudo
*-61	chr5	41746198	41818051	+	0	NA	intron (NR_157114, intron 12 of 15)	L1PA11|LINE|L1	61533	NM_001364303	5019		NM_000436	ENSG00000083720	OXCT1	OXCT|SCOT	3-oxoacid CoA-transferase 1	protein-coding
*-221	chr7	133532598	133578001	+	0	NA	intron (NM_021807, intron 9 of 17)	intron (NM_021807, intron 9 of 17)	264418	NR_106749	102465139		NR_106749	ENSG00000276137	MIR6133	hsa-mir-6133	microRNA 6133	ncRNA
*-100	chr2	85519198	85549151	+	0	NA	Intergenic	MER21A|LTR|ERVL	4712	NR_038942	100630918		NR_038942	ENSG00000286532	PARTICL	PARTICLE	promoter of MAT2A antisense radiation-induced circulating long non-coding RNA	ncRNA
*-119	chr16	12750398	12795301	+	0	NA	intron (NM_018340, intron 2 of 3)	MER46C|DNA|TcMar-Tigger	31038	NM_001099455	55313		NM_018340	ENSG00000103381	CPPED1	CSTP1	calcineurin like phosphoesterase domain containing 1	protein-coding
*-52	chr8	59600048	59646751	+	0	NA	Intergenic	MER5A1|DNA|hAT-Charlie	504189	NR_149030	100505501		NR_149030	ENSG00000167912	TOX-DT	-	TOX divergent transcript	ncRNA
*-144	chr3	133096198	133152901	+	0	NA	promoter-TSS (NM_001282865)	promoter-TSS (NM_001282865)	-272	NM_001282865	66000		NM_023943	ENSG00000144868	TMEM108	CT124|RTLN	transmembrane protein 108	protein-coding
*-222	chr7	133930198	133989901	+	0	NA	intron (NM_021807, intron 14 of 17)	HAL1|LINE|L1	-135161	NR_120513	101928861		NR_120513		LOC101928861	-	uncharacterized LOC101928861	ncRNA
*-263	chr1	21251248	21342540	+	0	NA	intron (NR_038404, intron 2 of 2)	intron (NR_038404, intron 2 of 2)	3604	NR_038404	100506801		NR_038404	ENSG00000231105	ECE1-AS1	-	ECE1 antisense RNA 1	ncRNA
*-276	chr1	96965698	96999451	+	0	NA	Intergenic	Intergenic	-113349	NR_046590	100873932		NR_046590	ENSG00000232878	DPYD-AS1	-	DPYD antisense RNA 1	ncRNA
*-27	chr11	112994798	113049651	+	0	NA	intron (NM_001076682, intron 1 of 18)	intron (NM_001076682, intron 1 of 18)	-58764	NR_120563	101928847		NR_120563	ENSG00000247416	LOC101928847	-	uncharacterized LOC101928847	ncRNA
*-125	chr3	4496346	4663301	+	0	NA	intron (NM_002222, intron 4 of 57)	intron (NM_002222, intron 4 of 57)	86475	NM_001168272	3708		NM_002222	ENSG00000150995	ITPR1	ACV|CLA4|INSP3R1|IP3R|IP3R1|PPP1R94|SCA15|SCA16|SCA29	inositol 1,4,5-trisphosphate receptor type 1	protein-coding
*-86	chr2	2097498	2215101	+	0	NA	intron (NM_001329845, intron 3 of 24)	intron (NM_001329845, intron 3 of 24)	-162933	NR_024468	730811		NR_024468	ENSG00000225619	MYT1L-AS1	-	MYT1L antisense RNA 1	ncRNA
*-328	chr15	47325348	47366951	+	0	NA	intron (NM_001198999, intron 1 of 19)	intron (NM_001198999, intron 1 of 19)	162060	NM_001198999	80031		NM_020858	ENSG00000137872	SEMA6D	-	semaphorin 6D	protein-coding
*-44	chr17	78703448	78742751	+	0	NA	intron (NM_017456, intron 1 of 12)	intron (NM_017456, intron 1 of 12)	631	NM_001365041	9267		NM_004762	ENSG00000108669	CYTH1	B2-1|CYTOHESIN-1|D17S811E|PSCD1|SEC7	cytohesin 1	protein-coding
*-178	chr10	124603898	124728251	+	0	NA	intron (NM_014661, intron 4 of 4)	intron (NM_014661, intron 4 of 4)	-37954	NR_120631	101927944		NR_120630		FAM53B-AS1	-	FAM53B antisense RNA 1	ncRNA
*-339	chr19	30109348	30160551	+	0	NA	Intergenic	L2b|LINE|L2	-90643	NM_001376110	9745		NM_014717	ENSG00000198597	ZNF536	-	zinc finger protein 536	protein-coding
*-320	chr13	35767448	35820101	+	0	NA	intron (NM_001195415, intron 11 of 13)	intron (NM_001195415, intron 11 of 13)	61893	NM_001195416	9201		NM_004734	ENSG00000133083	DCLK1	CL1|CLICK1|DCAMKL1|DCDC3A|DCLK	doublecortin like kinase 1	protein-coding
*-261	chr1	8557498	8621901	+	0	NA	intron (NM_012102, intron 5 of 23)	LTR42|LTR|ERVL	-94786	NR_132752	106632271		NR_132752		SNORD128	ZL43	small nucleolar RNA, C/D box 128	snoRNA
*-170	chr10	80441498	80475401	+	0	NA	promoter-TSS (NM_001351270)	promoter-TSS (NM_001351270)	-836	NM_001351269	81619		NM_030927	ENSG00000108219	TSPAN14	DC-TM4F2|TM4SF14|tspan-14	tetraspanin 14	protein-coding
*-319	chr21	45698648	45770501	+	0	NA	intron (NM_001382286, intron 2 of 16)	L1MEc|LINE|L1	-13440	NM_001348243	54039		NM_020528	ENSG00000183570	PCBP3	ALPHA-CP3|PCBP3-OT1|PCBP3OT	poly(rC) binding protein 3	protein-coding
*-57	chr8	80619398	80878951	+	0	NA	intron (NM_001367783, intron 2 of 8)	intron (NM_001367783, intron 2 of 8)	125294	NM_001367783	619279		NM_032651	ENSG00000164684	ZNF704	Gig1	zinc finger protein 704	protein-coding
*-181	chr9	27814748	27846401	+	0	NA	Intergenic	AluY|SINE|Alu	-256708	NM_145005	203228		NM_018325	ENSG00000147894	C9orf72	ALSFTD|DENND9|DENNL72|FTDALS|FTDALS1	C9orf72-SMCR8 complex subunit	protein-coding
*-22	chr11	69153698	69219801	+	0	NA	Intergenic	Intergenic	-15187	NR_104161	338694		NR_104161	ENSG00000261070	LOC338694	-	uncharacterized LOC338694	ncRNA
*-203	chr12	111729548	111754801	+	0	NA	intron (NM_025247, intron 12 of 20)	intron (NM_025247, intron 12 of 20)	-24759	NM_001204889	217		NM_000690	ENSG00000111275	ALDH2	ALDH-E2|ALDHI|ALDM	aldehyde dehydrogenase 2 family member	protein-coding
*-159	chr10	43037848	43131351	+	0	NA	intron (NM_020975, intron 1 of 19)	intron (NM_020975, intron 1 of 19)	7530	NM_020975	5979		NM_020630	ENSG00000165731	RET	CDHF12|CDHR16|HSCR1|MEN2A|MEN2B|MTC1|PTC|RET-ELE1	ret proto-oncogene	protein-coding
*-272	chr1	89682548	89732701	+	0	NA	intron (NM_032270, intron 2 of 2)	intron (NM_032270, intron 2 of 2)	74504	NM_032270	84230		NM_032270	ENSG00000171488	LRRC8C	AD158|FAD158	leucine rich repeat containing 8 VRAC subunit C	protein-coding
*-226	chr20	25461798	25574451	+	0	NA	intron (NM_001318226, intron 2 of 22)	intron (NM_001318226, intron 2 of 22)	67407	NM_001318226	22981		NM_025176	ENSG00000101004	NINL	NLP	ninein like	protein-coding
*-325	chr15	31329853	31403751	+	0	NA	intron (NM_001302461, intron 1 of 1).3	Charlie1|DNA|hAT-Charlie	39967	NM_015995	51621		NM_015995	ENSG00000169926	KLF13	BTEB3|FKLF2|NSLP1|RFLAT-1|RFLAT1	KLF transcription factor 13	protein-coding
*-128	chr3	13497198	13588951	+	0	NA	Intergenic	Intergenic	-6051	NM_001998	2199		NM_001998	ENSG00000163520	FBLN2	-	fibulin 2	protein-coding
*-80	chr5	150556598	150671651	+	0	NA	intron (NM_001166208, intron 1 of 2)	MIRb|SINE|MIR	-3520	NM_001166209	11346		NM_007286	ENSG00000171992	SYNPO	SYNPO1	synaptopodin	protein-coding
*-299	chr6	21132898	21161101	+	0	NA	intron (NM_017774, intron 13 of 15)	intron (NM_017774, intron 13 of 15)	364893	NR_103790	100874531		NR_103790	ENSG00000280989	LINC00581	linc-MBOAT1-4	long intergenic non-protein coding RNA 581	ncRNA
*-247	chr14	100637198	100791451	+	0	NA	Intergenic	Intergenic	-12568	NM_003836	8788		NM_003836	ENSG00000185559	DLK1	DLK|DLK-1|Delta1|FA1|PREF1|Pref-1|ZOG|pG2	delta like non-canonical Notch ligand 1	protein-coding
*-175	chr10	109955448	109980151	+	0	NA	intron (NR_038943, intron 2 of 4)	intron (NR_038943, intron 2 of 4)	-28574	NM_001320591	120		NM_001121	ENSG00000148700	ADD3	ADDL|CPSQ3	adducin 3	protein-coding
*-139	chr3	115691348	115715651	+	0	NA	intron (NM_002045, intron 2 of 2)	L3|LINE|CR1	79989	NM_001130064	2596		NM_002045	ENSG00000172020	GAP43	B-50|GAP-43|PP46	growth associated protein 43	protein-coding
*-120	chr16	49484148	49727401	+	0	NA	intron (NM_001379286, intron 5 of 7)	intron (NM_001379286, intron 5 of 7)	58550	NM_001330533	23090		NM_015069	ENSG00000102935	ZNF423	Ebfaz|JBTS19|NPHP14|OAZ|Roaz|ZFP423|Zfp104|hOAZ	zinc finger protein 423	protein-coding
*-201	chr12	107356598	107405801	+	0	NA	intron (NM_001347944, intron 1 of 14)	L2a|LINE|L2	60611	NM_001347944	121551		NM_152322	ENSG00000151136	ABTB3	ABTB2B|BTBD11	ankyrin repeat and BTB domain containing 3	protein-coding
*-183	chr9	91770698	91947161	+	0	NA	intron (NM_001318204, intron 1 of 7)	MIR|SINE|MIR	91299	NM_001318204	4920		NM_004560	ENSG00000169071	ROR2	BDB|BDB1|NTRKR2	receptor tyrosine kinase like orphan receptor 2	protein-coding
*-122	chr16	75281148	75307001	+	0	NA	intron (NM_006324, intron 6 of 6)	intron (NM_006324, intron 6 of 6)	-26067	NM_001170715	9564		NM_014567	ENSG00000050820	BCAR1	CAS|CAS1|CASS1|CRKAS|P130Cas	BCAR1 scaffold protein, Cas family member	protein-coding
*-163	chr10	72307248	72350301	+	0	NA	Intergenic	Intergenic	26145	NM_001365081	54788		NM_017626	ENSG00000148719	DNAJB12	DJ10	DnaJ heat shock protein family (Hsp40) member B12	protein-coding
*-303	chr6	50814798	50854601	+	0	NA	intron (NM_003221, intron 3 of 6)	intron (NM_003221, intron 3 of 6)	15828	NM_003221	7021		NM_003221	ENSG00000008196	TFAP2B	AP-2B|AP-2beta|AP2-B|PDA2	transcription factor AP-2 beta	protein-coding
*-32	chr11	133911798	133967251	+	0	NA	intron (NM_001277285, intron 3 of 19)	L2a|LINE|L2	17444	NM_001277285	22997		NM_014987	ENSG00000080854	IGSF9B	LINC00947|MIR4697HG	immunoglobulin superfamily member 9B	protein-coding
*-176	chr10	110759198	110804701	+	0	NA	intron (NM_001134363, intron 2 of 13)	intron (NM_001134363, intron 2 of 13)	88955	NR_026932	282997		NR_026932		PDCD4-AS1	-	PDCD4 antisense RNA 1	ncRNA
*-17	chr11	36589198	36636901	+	0	NA	intron (NM_001276725, intron 2 of 3)	intron (NM_001276725, intron 2 of 3)	-14770	NM_001243786	5897		NM_000536	ENSG00000175097	RAG2	RAG-2	recombination activating 2	protein-coding
*-326	chr15	32075598	32149451	+	0	NA	intron (NM_001190455, intron 4 of 9).4	intron (NM_001190455, intron 4 of 9).4	82009	NM_001190455	1139		NM_000746	ENSG00000175344	CHRNA7	CHRNA7-2|NACHRA7	cholinergic receptor nicotinic alpha 7 subunit	protein-coding
*-219	chr7	82304398	82452351	+	0	NA	intron (NM_001302890, intron 1 of 10)	AluJb|SINE|Alu	65403	NM_000722	781		NM_000722	ENSG00000153956	CACNA2D1	CACNA2|CACNL2A|CCHL2A|DEE110|LINC01112|lncRNA-N3	calcium voltage-gated channel auxiliary subunit alpha2delta 1	protein-coding
*-244	chr14	92876998	93112917	+	0	NA	intron (NM_014216, intron 4 of 10).2	MLT1C|LTR|ERVL-MaLR	42017	NM_001363707	3705		NM_014216	ENSG00000100605	ITPK1	ITRPK1	inositol-tetrakisphosphate 1-kinase	protein-coding
*-92	chr2	25228598	25338914	+	0	NA	intron (NR_135490, intron 3 of 23)	intron (NR_135490, intron 3 of 23)	-31441	NM_153759	1788		NM_022552	ENSG00000119772	DNMT3A	DNMT3A2|HESJAS|M.HsaIIIA|TBRS	DNA methyltransferase 3 alpha	protein-coding
*-301	chr6	37438048	37518751	+	0	NA	intron (NM_015050, intron 21 of 23)	intron (NM_015050, intron 21 of 23)	21494	NM_138493	154467		NM_138493	ENSG00000198937	CCDC167	C6orf129|HSPC265	coiled-coil domain containing 167	protein-coding
*-161	chr10	63699148	63724501	+	0	NA	Intergenic	Intergenic	-189934	NM_001322258	221037		NM_004241	ENSG00000171988	JMJD1C	KDM3C|TRIP-8|TRIP8	jumonji domain containing 1C	protein-coding
*-270	chr1	70208998	70254351	+	0	NA	intron (NM_001350612, intron 3 of 13)	intron (NM_001350612, intron 3 of 13)	10294	NM_001350612	9295		NM_004768	ENSG00000116754	SRSF11	NET2|SFRS11|dJ677H15.2|p54	serine and arginine rich splicing factor 11	protein-coding
*-225	chr20	10215348	10314501	+	0	NA	intron (NM_001322909, intron 2 of 8)	Alu|SINE|Alu	-45418	NR_040710	100131208		NR_040710	ENSG00000227906	SNAP25-AS1	-	SNAP25 antisense RNA 1	ncRNA
*-278	chr1	165832948	165904751	+	0	NA	intron (NM_012474, intron 1 of 6)	Tigger1|DNA|TcMar-Tigger	-39072	NR_037431	100500832		NR_037431	ENSG00000283936	MIR3658	-	microRNA 3658	ncRNA
*-322	chr13	91134648	91169051	+	0	NA	intron (NR_047004, intron 2 of 3)	intron (NR_047004, intron 2 of 3)	59849	NR_047004	100874150		NR_047004		LINC00379	-	long intergenic non-protein coding RNA 379	ncRNA
*-281	chr1	213991499	214043751	+	0	NA	intron (NM_001270616, intron 4 of 4)	intron (NM_001270616, intron 4 of 4)	29092	NM_002763	5629		NM_002763	ENSG00000117707	PROX1	-	prospero homeobox 1	protein-coding
*-259	chr1	7450148	7595801	+	0	NA	intron (NM_001349608, intron 5 of 21)	AluSq|SINE|Alu	-133220	NR_146201	102725193		NR_146199	ENSG00000237728	CAMTA1-AS2	-	CAMTA1 antisense RNA 2	ncRNA
*-12	chr11	8193148	8260877	+	0	NA	non-coding (NR_073006, exon 3 of 4)	non-coding (NR_073006, exon 3 of 4)	36866	NR_073006	4004		NM_002315	ENSG00000166407	LMO1	RBTN1|RHOM1|TTG1	LIM domain only 1	protein-coding
*-103	chr2	121553648	121646475	+	0	NA	intron (NM_001142274, intron 2 of 37)	intron (NM_001142274, intron 2 of 37)	49401	NM_001378003	23332		NM_015282	ENSG00000074054	CLASP1	MAST1	cytoplasmic linker associated protein 1	protein-coding
*-172	chr10	88191798	88229101	+	0	NA	Intergenic	Intergenic	346824	NM_000314	5728		NM_000314	ENSG00000171862	PTEN	10q23del|BZS|CWS1|DEC|GLM2|MHAM|MMAC1|PTEN1|PTENbeta|TEP1	phosphatase and tensin homolog	protein-coding
*-37	chr17	55429248	55453751	+	0	NA	Intergenic	MER5A1|DNA|hAT-Charlie	-19664	NM_012329	23531		NM_012329	ENSG00000108960	MMD	MMA|MMD1|PAQR11	monocyte to macrophage differentiation associated	protein-coding
*-126	chr3	8605398	8664301	+	0	NA	intron (NR_046358, intron 3 of 12)	intron (NR_046358, intron 3 of 12)	9949	NM_001256748	51066		NM_015931	ENSG00000125046	SSUH2	C3orf32|SSU-2|fls485	ssu-2 homolog	protein-coding
*-97	chr2	45738248	45862401	+	0	NA	intron (NM_005400, intron 1 of 14)	intron (NM_005400, intron 1 of 14)	148649	NM_005400	5581		NM_005400	ENSG00000171132	PRKCE	PKCE|nPKC-epsilon	protein kinase C epsilon	protein-coding
*-88	chr2	3092298	3156551	+	0	NA	intron (NR_110228, intron 3 of 6)	intron (NR_110228, intron 3 of 6)	1602	NR_110228	101927554		NR_110228	ENSG00000234423	LINC01250	-	long intergenic non-protein coding RNA 1250	ncRNA
*-101	chr2	105794698	105825551	+	0	NA	intron (NM_001004722, intron 1 of 3)	intron (NM_001004722, intron 1 of 3)	-41723	NM_001004720	8440		NM_003581	ENSG00000071051	NCK2	GRB4|NCKbeta	NCK adaptor protein 2	protein-coding
*-220	chr7	111094004	111120901	+	0	NA	intron (NM_001099658, intron 2 of 2)	intron (NM_001099658, intron 2 of 2)	16325	NM_001099658	54674		NM_018334	ENSG00000173114	LRRN3	FIGLER5|NLRR-3|NLRR3	leucine rich repeat neuronal 3	protein-coding
*-64	chr5	68992398	69037351	+	0	NA	intron (NR_130778, intron 1 of 3)	intron (NR_130778, intron 1 of 3)	15053	NR_130778	101928885		NR_130778		LINC02198	-	long intergenic non-protein coding RNA 2198	ncRNA
*-283	chr1	228863198	228912301	+	0	NA	Intergenic	L1MC5a|LINE|L1	152270	NM_021205	58480		NM_021205	ENSG00000116574	RHOU	ARHU|CDC42L1|G28K|WRCH1|hG28K	ras homolog family member U	protein-coding
*-74	chr5	125479698	125490259	+	0	NA	Intergenic	Intergenic	-8283	NR_109887	101927460		NR_109887	ENSG00000260192	LINC02240	-	long intergenic non-protein coding RNA 2240	ncRNA
*-228	chr20	33826498	33848701	+	0	NA	intron (NM_176812, intron 1 of 4)	intron (NM_176812, intron 1 of 4)	26251	NM_176812	128866		NM_176812	ENSG00000101421	CHMP4B	C20orf178|CHMP4A|CTPP3|CTRCT31|SNF7|SNF7-2|Shax1|VPS32B|Vps32-2|dJ553F4.4	charged multivesicular body protein 4B	protein-coding
*-199	chr12	78975698	79039351	+	0	NA	intron (NM_001291901, intron 2 of 9)	intron (NM_001291901, intron 2 of 9)	-38168	NM_001135806	6857		NM_005639	ENSG00000067715	SYT1	BAGOS|P65|SVP65|SYT	synaptotagmin 1	protein-coding
*-275	chr1	95603198	95687901	+	0	NA	Intergenic	HERVL-int|LTR|ERVL	135433	NR_110621	100996635		NR_110621	ENSG00000228971	LINC02607	-	long intergenic non-protein coding RNA 2607	ncRNA
*-147	chr3	141055348	141109501	+	0	NA	intron (NM_080862, intron 2 of 2)	intron (NM_080862, intron 2 of 2)	31077	NM_080862	92369		NM_080862	ENSG00000175093	SPSB4	SSB-4|SSB4	splA/ryanodine receptor domain and SOCS box containing 4	protein-coding
*-239	chr14	63377548	63538101	+	0	NA	intron (NM_006246, intron 2 of 13)	intron (NM_006246, intron 2 of 13)	50414	NM_001282181	5529		NM_006246	ENSG00000154001	PPP2R5E	B56E|B56epsilon	protein phosphatase 2 regulatory subunit B'epsilon	protein-coding
