PeakID (cmd=annotatePeaks.pl /home/abykov/neuroblastoma/temp_results/BEDs/CLB_SKN_AM_chr.bed hg38)	Chr	Start	End	Strand	Peak Score	Focus Ratio/Region Size	Annotation	Detailed Annotation	Distance to TSS	Nearest PromoterID	Entrez ID	Nearest Unigene	Nearest Refseq	Nearest Ensembl	Gene Name	Gene Alias	Gene Description	Gene Type
*-45	chr5	168650098	168920151	+	0	NA	intron (NM_003062, intron 12 of 35)	intron (NM_003062, intron 12 of 35)	-16869	NR_029632	407001		NR_029632	ENSG00000207739	MIR218-2	MIRN218-2|mir-218-2	microRNA 218-2	ncRNA
*-112	chr14	68871448	68982701	+	0	NA	intron (NM_001130004, intron 1 of 21)	intron (NM_001130004, intron 1 of 21)	52228	NM_001130004	87		NM_001102	ENSG00000072110	ACTN1	BDPLT15	actinin alpha 1	protein-coding
*-114	chr14	88817148	88947751	+	0	NA	Intergenic	AluJb|SINE|Alu	57798	NM_001366536	123016		NM_144596	ENSG00000165533	TTC8	BBS8|RP51	tetratricopeptide repeat domain 8	protein-coding
*-100	chr12	78867667	78972101	+	0	NA	intron (NM_001291901, intron 1 of 9)	intron (NM_001291901, intron 1 of 9)	55110	NM_001291901	6857		NM_005639	ENSG00000067715	SYT1	BAGOS|P65|SVP65|SYT	synaptotagmin 1	protein-coding
*-13	chr11	12677420	12903751	+	0	NA	intron (NM_021961, intron 3 of 12)	intron (NM_021961, intron 3 of 12)	116164	NM_021961	7003		NM_021961	ENSG00000187079	TEAD1	AA|NTEF-1|REF1|TCF-13|TCF13|TEAD-1|TEF-1	TEA domain transcription factor 1	protein-coding
*-49	chr2	29190348	29463551	+	0	NA	intron (NM_004304, intron 6 of 28)	intron (NM_004304, intron 6 of 28)	-103049	NM_001353765	238		NM_004304	ENSG00000171094	ALK	ALK1|CD246|NBLST3	ALK receptor tyrosine kinase	protein-coding
*-129	chr1	66436098	66647101	+	0	NA	intron (NM_001376546, intron 1 of 23)	intron (NM_001376546, intron 1 of 23)	7446	NM_001376538	84251		NM_032291	ENSG00000118473	SGIP1	-	SH3GL interacting endocytic adaptor 1	protein-coding
*-137	chr18	55224948	55356551	+	0	NA	intron (NM_001243228, intron 8 of 19)	intron (NM_001243228, intron 8 of 19)	11911	NM_001243236	6925		NM_003199	ENSG00000196628	TCF4	CDG2T|E2-2|FCD2|FECD3|ITF-2|ITF2|PTHS|SEF-2|SEF2|SEF2-1|SEF2-1A|SEF2-1B|SEF2-1D|TCF-4|bHLHb19	transcription factor 4	protein-coding
*-80	chr3	42012848	42082401	+	0	NA	Intergenic	Intergenic	-39576	NR_146089	22906		NM_014965	ENSG00000182606	TRAK1	DEE68|EIEE68|MILT1|OIP106	trafficking kinesin protein 1	protein-coding
*-101	chr12	108627198	108734551	+	0	NA	intron (NM_014325, intron 2 of 10)	intron (NM_014325, intron 2 of 10)	22124	NM_001105237	23603		NM_014325	ENSG00000110880	CORO1C	HCRNN4	coronin 1C	protein-coding
*-17	chr11	73311698	73365401	+	0	NA	intron (NM_014786, intron 1 of 20)	intron (NM_014786, intron 1 of 20)	-29188	NR_147696	100287837		NR_147696	ENSG00000257038	ARHGEF17-AS1	-	ARHGEF17 antisense RNA 1	ncRNA
*-135	chr1	234494148	234632601	+	0	NA	Intergenic	AluSq2|SINE|Alu	-31595	NR_038426	100506795		NR_038426	ENSG00000231768	LINC01354	-	long intergenic non-protein coding RNA 1354	ncRNA
*-156	chr15	38860498	38898601	+	0	NA	Intergenic	Intergenic	182951	NR_160786	400359		NM_207444	ENSG00000175779	LINC02694	C15orf53	long intergenic non-protein coding RNA 2694	ncRNA
*-11	chr4	174191498	174229651	+	0	NA	intron (NR_125896, intron 1 of 4)	intron (NR_125896, intron 1 of 4)	9824	NR_125896	101928509		NR_125896	ENSG00000248174	LINC02268	-	long intergenic non-protein coding RNA 2268	ncRNA
*-117	chr22	27835398	27893001	+	0	NA	intron (NM_001284278, intron 8 of 11)	intron (NM_001284278, intron 8 of 11)	55015	NM_001284278	23760		NM_012399	ENSG00000180957	PITPNB	PI-TP-beta|PtdInsTP|VIB1B	phosphatidylinositol transfer protein beta	protein-coding
*-99	chr12	39294548	39440389	+	0	NA	intron (NM_001378440, intron 4 of 36)	intron (NM_001378440, intron 4 of 36)	75652	NM_001173465	55605		NM_017641	ENSG00000139116	KIF21A	CFEOM1|FEOM1|FEOM3A	kinesin family member 21A	protein-coding
*-115	chr14	99505598	99601389	+	0	NA	intron (NM_001144995, intron 1 of 5)	AluSx4|SINE|Alu	50714	NM_001144995	317762		NM_022747	ENSG00000205476	CCDC85C	-	coiled-coil domain containing 85C	protein-coding
*-7	chr4	140923398	140953651	+	0	NA	intron (NM_020724, intron 4 of 6)	intron (NM_020724, intron 4 of 6)	-182139	NM_015130	23158		NM_015130	ENSG00000109436	TBC1D9	GRAMD9|MDR1	TBC1 domain family member 9	protein-coding
*-18	chr11	78194748	78460801	+	0	NA	intron (NM_080491, intron 1 of 9)	MIRc|SINE|MIR	14106	NM_012296	9846		NM_012296	ENSG00000033327	GAB2	-	GRB2 associated binding protein 2	protein-coding
*-6	chr4	139711648	139988751	+	0	NA	intron (NM_018717, intron 2 of 4)	intron (NM_018717, intron 2 of 4)	184380	NM_002413	4258		NM_002413	ENSG00000085871	MGST2	GST2|MGST-II	microsomal glutathione S-transferase 2	protein-coding
*-132	chr1	162872948	162948001	+	0	NA	Intergenic	MER21C|LTR|ERVL	-41659	NM_178550	339512		NM_178550	ENSG00000185860	CCDC190	C1orf110	coiled-coil domain containing 190	protein-coding
*-26	chr8	22373698	22425651	+	0	NA	intron (NM_001351660, intron 1 of 8)	intron (NM_001351660, intron 1 of 8)	6838	NM_001351659	23516		NM_015359	ENSG00000104635	SLC39A14	HCIN|HMNDYT2|LZT-Hs4|NET34|ZIP14|cig19	solute carrier family 39 member 14	protein-coding
*-134	chr1	179746161	179818501	+	0	NA	intron (NM_001329719, intron 1 of 4)	intron (NM_001329719, intron 1 of 4)	-21593	NR_162130	113219451		NR_162130		MIR12116	-	microRNA 12116	ncRNA
*-95	chr9	28029648	28058051	+	0	NA	intron (NM_152570, intron 5 of 6)	L1MC5|LINE|L1	-469983	NM_001256054	203228		NM_018325	ENSG00000147894	C9orf72	ALSFTD|DENND9|DENNL72|FTDALS|FTDALS1	C9orf72-SMCR8 complex subunit	protein-coding
*-155	chr15	36883448	37137951	+	0	NA	intron (NM_172316, intron 8 of 12)	intron (NM_172316, intron 8 of 12)	-37798	NR_107030	102466875		NR_107030	ENSG00000277202	MIR8063	hsa-mir-8063	microRNA 8063	ncRNA
*-136	chr18	48817798	48873851	+	0	NA	intron (NM_014772, intron 10 of 11)	L2c|LINE|L2	96983	NM_001190823	4092		NM_005904	ENSG00000101665	SMAD7	CRCS3|MADH7|MADH8	SMAD family member 7	protein-coding
*-98	chr12	12442198	12559513	+	0	NA	intron (NM_030640, intron 3 of 6)	intron (NM_030640, intron 3 of 6)	62008	NM_030640	80824		NM_030640	ENSG00000111266	DUSP16	MKP-7|MKP7	dual specificity phosphatase 16	protein-coding
*-20	chr11	103524148	103550051	+	0	NA	Intergenic	Intergenic	-312807	NR_039842	100616457		NR_039842	ENSG00000264200	MIR4693	-	microRNA 4693	ncRNA
*-15	chr11	44687348	44905601	+	0	NA	intron (NM_130783, intron 2 of 9)	intron (NM_130783, intron 2 of 9)	69512	NM_130783	90139		NM_130783	ENSG00000157570	TSPAN18	TSPAN	tetraspanin 18	protein-coding
*-157	chr15	57169698	57297251	+	0	NA	intron (NM_207038, intron 11 of 19)	AluJb|SINE|Alu	14044	NM_207040	6938		NM_003205	ENSG00000140262	TCF12	CRS3|HEB|HH26|HTF4|HsT17266|TCF-12|bHLHb20|p64	transcription factor 12	protein-coding
*-47	chr2	1625248	1741546	+	0	NA	intron (NM_012293, intron 6 of 22)	AluJb|SINE|Alu	61118	NM_012293	7837		NM_012293	ENSG00000130508	PXDN	ASGD7|COPOA|D2S448|D2S448E|MG50|PRG2|PXN|VPO|hsPxd01	peroxidasin	protein-coding
*-91	chr10	71221227	71310151	+	0	NA	intron (NM_170744, intron 1 of 16)	intron (NM_170744, intron 1 of 16)	-47461	NR_038453	728978		NR_038453	ENSG00000237512	UNC5B-AS1	TP53LC05|UASR1	UNC5B antisense RNA 1	ncRNA
*-52	chr2	43298498	43361951	+	0	NA	intron (NR_144316, intron 29 of 36)	intron (NR_144316, intron 29 of 36)	103013	NR_027251	100129726		NM_178529	ENSG00000279873	LINC01126	-	long intergenic non-protein coding RNA 1126	ncRNA
*-19	chr11	78647848	78992901	+	0	NA	intron (NM_001098816, intron 12 of 33)	intron (NM_001098816, intron 12 of 33)	-245510	NM_001243251	79731		NM_024678	ENSG00000137513	NARS2	DFNB94|SLM5|asnRS	asparaginyl-tRNA synthetase 2, mitochondrial	protein-coding
*-43	chr5	150130798	150163779	+	0	NA	intron (NM_001355017, intron 1 of 22)	intron (NM_001355017, intron 1 of 22)	8557	NM_001355017	5159		NM_002609	ENSG00000113721	PDGFRB	CD140B|IBGC4|IMF1|JTK12|KOGS|PDGFR|PDGFR-1|PDGFR1|PENTT	platelet derived growth factor receptor beta	protein-coding
*-108	chr7	107894105	108031001	+	0	NA	intron (NM_002291, intron 15 of 33)	AluSx|SINE|Alu	40608	NM_002291	3912		NM_002291	ENSG00000091136	LAMB1	CLM|LIS5	laminin subunit beta 1	protein-coding
*-152	chr13	51587948	51646401	+	0	NA	intron (NM_052950, intron 1 of 11)	(AACTCT)n|Simple_repeat|Simple_repeat	32712	NM_052950	115825		NM_052950	ENSG00000139668	WDFY2	PROF|WDF2|ZFYVE22	WD repeat and FYVE domain containing 2	protein-coding
*-154	chr13	109742998	109791551	+	0	NA	intron (NM_003749, intron 1 of 1)	intron (NM_003749, intron 1 of 1)	19309	NM_003749	8660		NM_003749	ENSG00000185950	IRS2	IRS-2	insulin receptor substrate 2	protein-coding
*-32	chr5	10365548	10434501	+	0	NA	intron (NM_001270660, intron 9 of 24)	L1MC5a|LINE|L1	-2340	NR_162106	113218502		NR_162106		MIR10397	-	microRNA 10397	ncRNA
*-93	chr10	89258798	89297101	+	0	NA	Intergenic	Intergenic	-24097	NM_001547	3433		NM_001547	ENSG00000119922	IFIT2	G10P2|GARG-39|IFI-54|IFI-54K|IFI54|IFIT-2|ISG-54|ISG-54 K|ISG-54K|ISG54|P54|cig42	interferon induced protein with tetratricopeptide repeats 2	protein-coding
*-86	chr3	177729748	177837251	+	0	NA	Intergenic	Intergenic	-33366	NR_110826	102724550		NR_110826	ENSG00000231574	LINC02015	KCCAT211	long intergenic non-protein coding RNA 2015	ncRNA
*-97	chr9	133813698	133983101	+	0	NA	intron (NM_001134398, intron 2 of 29)	AluSx1|SINE|Alu	93925	NM_003371	7410		NM_003371	ENSG00000160293	VAV2	VAV-2	vav guanine nucleotide exchange factor 2	protein-coding
*-41	chr5	135333248	135396237	+	0	NA	intron (NM_138610, intron 4 of 8)	intron (NM_138610, intron 4 of 8)	34489	NM_138610	9555		NM_004893	ENSG00000113648	MACROH2A1	H2A.y|H2A/y|H2AF12M|H2AFY|MACROH2A1.1|mH2A1|macroH2A1.2	macroH2A.1 histone	protein-coding
*-143	chr6	63800798	63820551	+	0	NA	intron (NR_157848, intron 1 of 1)	intron (NR_157848, intron 1 of 1)	3838	NR_157848	112935969		NR_157848	ENSG00000236345	SCAT8	EYS-AS1	S-phase cancer associated transcript 8	ncRNA
*-160	chr19	15244998	15332951	+	0	NA	intron (NM_001379291, intron 1 of 19)	intron (NM_001379291, intron 1 of 19)	-8523	NM_058243	23476		NM_014299	ENSG00000141867	BRD4	CAP|CDLS6|FSHRG4|HUNK1|HUNKI|MCAP	bromodomain containing 4	protein-coding
*-116	chr14	100380648	100493451	+	0	NA	intron (NM_001350949, intron 2 of 6)	intron (NM_001350949, intron 2 of 6)	60564	NM_024515	79446		NM_024515	ENSG00000176473	WDR25	C14orf67	WD repeat domain 25	protein-coding
*-64	chr2	197043948	197307796	+	0	NA	intron (NM_153697, intron 2 of 9)	MLT1J|LTR|ERVL-MaLR	-22119	NR_135584	101927596		NR_135584	ENSG00000231621	ANKRD44-AS1	-	ANKRD44 antisense RNA 1	ncRNA
*-74	chr16	81448168	81732251	+	0	NA	intron (NM_030629, intron 1 of 20)	intron (NM_030629, intron 1 of 20)	-21139	NR_106759	102465251		NR_106759	ENSG00000275109	MIR6504	hsa-mir-6504	microRNA 6504	ncRNA
*-48	chr2	6921681	7074879	+	0	NA	intron (NM_001349184, intron 3 of 8)	intron (NM_001349184, intron 3 of 8)	65196	NM_001349183	9781		NM_014746	ENSG00000151692	RNF144A	RNF144|UBCE7IP4|UIP4|hUIP4	ring finger protein 144A	protein-coding
*-30	chr8	97979548	98049801	+	0	NA	intron (NM_030583, intron 10 of 18)	MIRc|SINE|MIR	27543	NR_002581	26775		NR_002581	ENSG00000207067	SNORA72	RNU72|U72	small nucleolar RNA, H/ACA box 72	snoRNA
*-94	chr10	124953548	125155814	+	0	NA	intron (NM_001321013, intron 1 of 9)	intron (NM_001321013, intron 1 of 9)	-21811	NR_036178	100423041		NR_036178	ENSG00000264572	MIR4296	-	microRNA 4296	ncRNA
*-128	chr1	66222848	66297151	+	0	NA	intron (NM_001037340, intron 4 of 14)	MIR|SINE|MIR	-72109	NM_001037339	5142		NM_002600	ENSG00000184588	PDE4B	DPDE4|PDEIVB	phosphodiesterase 4B	protein-coding
*-63	chr2	191248526	191419101	+	0	NA	intron (NM_001161819, intron 4 of 30)	L3|LINE|CR1	88409	NM_001161819	4430		NM_012223	ENSG00000128641	MYO1B	MMI-alpha|MMIa|MYH-1c|myr1	myosin IB	protein-coding
*-73	chr16	72781248	73083351	+	0	NA	intron (NM_006885, intron 3 of 9)	intron (NM_006885, intron 3 of 9)	115829	NM_006885	463		NM_006885	ENSG00000140836	ZFHX3	ATBF1|ATBT|ATFB8|C16orf47|SCA4|ZFH-3|ZNF927	zinc finger homeobox 3	protein-coding
*-67	chr2	231093998	231189551	+	0	NA	intron (NM_002807, intron 17 of 24)	intron (NM_002807, intron 17 of 24)	-16732	NM_000867	3357		NM_000867	ENSG00000135914	HTR2B	5-HT(2B)|5-HT-2B|5-HT2B	5-hydroxytryptamine receptor 2B	protein-coding
*-133	chr1	163115048	163207251	+	0	NA	promoter-TSS (NR_110699)	promoter-TSS (NR_110699)	-526	NR_110699	101928404		NR_110699	ENSG00000232892	RGS5-AS1	-	RGS5 antisense RNA 1	ncRNA
*-77	chr16	89291148	89486751	+	0	NA	intron (NR_045839, intron 2 of 9)	L1MEc|LINE|L1	-41969	NR_110931	101927817		NR_110931		LOC101927817	-	uncharacterized LOC101927817	ncRNA
*-61	chr2	158953298	159236351	+	0	NA	intron (NM_001350064, intron 3 of 26)	intron (NM_001350064, intron 3 of 26)	-92011	NR_106948	102465535		NR_106948	ENSG00000275141	MIR6888	hsa-mir-6888	microRNA 6888	ncRNA
*-71	chr16	21589248	21649665	+	0	NA	intron (NM_016025, intron 3 of 4).2	AluSx3|SINE|Alu	19879	NM_016025	51108		NM_016025	ENSG00000197006	METTL9	CGI-81|DREV|DREV1|PAP1|hMETTL9	methyltransferase 9, His-X-His N1(pi)-histidine	protein-coding
*-22	chr11	123065334	123214551	+	0	NA	intron (NM_024769, intron 1 of 6)	intron (NM_024769, intron 1 of 6)	55306	NM_024769	79827		NM_024769	ENSG00000166250	CLMP	ACAM|ASAM|CSBM|CSBS	CXADR like membrane protein	protein-coding
*-113	chr14	76900798	76986901	+	0	NA	Intergenic	AluSz|SINE|Alu	-15789	NR_133913	105370578		NR_133913	ENSG00000258602	LINC01629	linc-KIAA1737-2	long intergenic non-protein coding RNA 1629	ncRNA
*-146	chr6	125784159	125927551	+	0	NA	intron (NM_001199620, intron 5 of 17)	AluSx1|SINE|Alu	-36997	NR_126386	104355145		NR_126386	ENSG00000232131	NCOA7-AS1	-	NCOA7 antisense RNA 1	ncRNA
*-68	chr2	234954982	235056251	+	0	NA	intron (NM_001371304, intron 2 of 5)	intron (NM_001371304, intron 2 of 5)	-22119	NM_001371306	23677		NM_014521	ENSG00000130147	SH3BP4	BOG25|TTP	SH3 domain binding protein 4	protein-coding
*-44	chr5	164561448	164585101	+	0	NA	Intergenic	Intergenic	102995	NR_105065	102546299		NR_105065	ENSG00000241956	LOC102546299	-	uncharacterized LOC102546299	ncRNA
*-50	chr2	37550048	37714901	+	0	NA	Intergenic	Intergenic	39168	NM_006449	10602		NM_006449	ENSG00000163171	CDC42EP3	BORG2|CEP3|UB1	CDC42 effector protein 3	protein-coding
*-78	chr3	9379648	9461801	+	0	NA	intron (NM_001349451, intron 1 of 25)	intron (NM_001349451, intron 1 of 25)	23109	NM_001292043	55209		NM_018187	ENSG00000168137	SETD5	MRD23|SETD5A	SET domain containing 5	protein-coding
*-9	chr4	173986348	174051351	+	0	NA	Intergenic	Intergenic	121576	NR_146487	101928478		NR_146487	ENSG00000250708	LINC02269	-	long intergenic non-protein coding RNA 2269	ncRNA
*-153	chr13	97193348	97397351	+	0	NA	intron (NM_001382697, intron 2 of 4)	intron (NM_001382697, intron 2 of 4)	73016	NM_001382693	10150		NM_005757	ENSG00000139793	MBNL2	MBLL|MBLL39|PRO2032	muscleblind like splicing regulator 2	protein-coding
*-56	chr2	54459315	54680551	+	0	NA	intron (NM_178313, intron 1 of 30)	intron (NM_178313, intron 1 of 30)	11539	NM_178313	6711		NM_003128	ENSG00000115306	SPTBN1	DDISBA|ELF|HEL102|SPTB2|betaSpII	spectrin beta, non-erythrocytic 1	protein-coding
*-65	chr2	207054648	207163015	+	0	NA	intron (NR_073108, intron 3 of 4)	intron (NR_073108, intron 3 of 4)	1242	NR_036227	100423036		NR_036227	ENSG00000253008	MIR2355	mir-2355	microRNA 2355	ncRNA
*-75	chr16	85293598	85403651	+	0	NA	Intergenic	MIRc|SINE|MIR	-42299	NR_049816	100847022		NR_049816	ENSG00000266307	MIR5093	-	microRNA 5093	ncRNA
*-142	chr6	56505448	56577851	+	0	NA	intron (NM_015548, intron 42 of 83)	intron (NM_015548, intron 42 of 83)	101240	NM_001723	667		NM_001723	ENSG00000151914	DST	BP240|BPA|BPAG1|CATX-15|CATX15|D6S1101|DMH|DT|EBS3|EBSB2|HSAN6|MACF2	dystonin	protein-coding
*-144	chr6	83576598	83627001	+	0	NA	intron (NR_164845, intron 13 of 29)	MIR3|SINE|MIR	89265	NM_153362	167681		NM_153362	ENSG00000146250	PRSS35	C6orf158|dJ223E3.1	serine protease 35	protein-coding
*-79	chr3	29284310	29808201	+	0	NA	intron (NM_001003793, intron 3 of 14)	MIR|SINE|MIR	264943	NM_001177712	27303		NM_014483	ENSG00000144642	RBMS3	-	RNA binding motif single stranded interacting protein 3	protein-coding
*-69	chr2	237862542	237926151	+	0	NA	intron (NM_005855, intron 2 of 2)	intron (NM_005855, intron 2 of 2)	34723	NM_001308353	10267		NM_005855	ENSG00000132329	RAMP1	-	receptor activity modifying protein 1	protein-coding
*-120	chr1	1775298	1888116	+	0	NA	intron (NM_001282539, intron 1 of 10)	AluSz|SINE|Alu	-51676	NM_001198994	65220		NM_023018	ENSG00000008130	NADK	NADK1|dJ283E3.1	NAD kinase	protein-coding
*-145	chr6	108563864	108687251	+	0	NA	intron (NM_201559, intron 2 of 3)	intron (NM_201559, intron 2 of 3)	64640	NM_001455	2309		NM_001455	ENSG00000118689	FOXO3	AF6q21|FKHRL1|FKHRL1P2|FOXO2|FOXO3A	forkhead box O3	protein-coding
*-36	chr5	51957398	52018551	+	0	NA	Intergenic	Intergenic	-20057	NR_147166	105378960		NR_147166	ENSG00000248789	LINC02118	-	long intergenic non-protein coding RNA 2118	ncRNA
*-121	chr1	19338248	19481706	+	0	NA	intron (NM_001313932, intron 2 of 4)	intron (NM_001313932, intron 2 of 4)	74318	NM_001282162	832		NM_004930	ENSG00000077549	CAPZB	CAPB|CAPPB|CAPZ	capping actin protein of muscle Z-line subunit beta	protein-coding
*-4	chr4	118728798	118833195	+	0	NA	intron (NM_014822, intron 8 of 22)	L1PA6|LINE|L1	55130	NM_014822	9871		NM_014822	ENSG00000150961	SEC24D	CLCRP2	SEC24 homolog D, COPII coat complex component	protein-coding
*-82	chr3	141383498	141452001	+	0	NA	intron (NM_001376186, intron 3 of 3)	AluSc|SINE|Alu	14735	NM_001376189	253461		NM_152535	ENSG00000177311	ZBTB38	CIBZ|PPP1R171|ZNF921	zinc finger and BTB domain containing 38	protein-coding
*-14	chr11	43889948	43964701	+	0	NA	Intergenic	Intergenic	-6380	NR_038907	100507300		NR_038907	ENSG00000244926	ALKBH3-AS1	-	ALKBH3 antisense RNA 1	ncRNA
*-147	chr6	155241548	155311482	+	0	NA	TTS (NM_001001346)	TTS (NM_001001346)	12502	NM_001001346	49861		NM_001001346	ENSG00000171217	CLDN20	-	claudin 20	protein-coding
*-109	chr7	133645298	133889101	+	0	NA	intron (NM_021807, intron 10 of 17)	intron (NM_021807, intron 10 of 17)	57689	NR_120513	101928861		NR_120513		LOC101928861	-	uncharacterized LOC101928861	ncRNA
*-123	chr1	26690348	26784961	+	0	NA	intron (NM_139135, intron 4 of 19)	AluSp|SINE|Alu	41639	NM_006015	8289		NM_006015	ENSG00000117713	ARID1A	B120|BAF250|BAF250a|BM029|C1orf4|CSS2|ELD|MRD14|OSA1|P270|SMARCF1|hELD|hOSA1	AT-rich interaction domain 1A	protein-coding
*-21	chr11	113089398	113215951	+	0	NA	intron (NM_001076682, intron 1 of 18)	L2c|LINE|L2	121227	NR_034101	100288346		NR_034101		NCAM1-AS1	-	NCAM1 antisense RNA1	ncRNA
*-62	chr2	188300490	188549601	+	0	NA	intron (NM_001375925, intron 2 of 11)	L1MC5|LINE|L1	127553	NR_030287	693146		NR_030287	ENSG00000207951	MIR561	MIRN561|hsa-mir-561|mir-561	microRNA 561	ncRNA
*-72	chr16	53058148	53143501	+	0	NA	intron (NR_168108, intron 2 of 2)	MIRc|SINE|MIR	-30188	NM_001352127	80205		NM_015287	ENSG00000177200	CHD9	AD013|CHD-9|CReMM|KISH2|PRIC320	chromodomain helicase DNA binding protein 9	protein-coding
*-28	chr8	26570698	26659751	+	0	NA	intron (NM_001244604, intron 3 of 13)	MIR|SINE|MIR	36819	NM_001244604	1808		NM_001386	ENSG00000092964	DPYSL2	CRMP-2|CRMP2|DHPRP2|DRP-2|DRP2|N2A3|ULIP-2|ULIP2	dihydropyrimidinase like 2	protein-coding
*-90	chr10	63503398	63643551	+	0	NA	intron (NM_001001330, intron 2 of 7)	intron (NM_001001330, intron 2 of 7)	-51584	NM_001318154	221037		NM_004241	ENSG00000171988	JMJD1C	KDM3C|TRIP-8|TRIP8	jumonji domain containing 1C	protein-coding
*-138	chr18	55464798	55523401	+	0	NA	intron (NM_001369569, intron 3 of 19)	intron (NM_001369569, intron 3 of 19)	14878	NR_039754	100616290		NR_039754	ENSG00000264571	MIR4529	-	microRNA 4529	ncRNA
*-34	chr5	51370198	51417601	+	0	NA	3' UTR (NM_002202, exon 6 of 6)	3' UTR (NM_002202, exon 6 of 6)	10451	NM_002202	3670		NM_002202	ENSG00000016082	ISL1	ISLET1|Isl-1	ISL LIM homeobox 1	protein-coding
*-16	chr11	72291098	72380501	+	0	NA	intron (NM_001258394, intron 7 of 17)	L2c|LINE|L2	-91623	NM_005169	401		NM_005169	ENSG00000165462	PHOX2A	ARIX|CFEOM2|FEOM2|NCAM2|PMX2A	paired like homeobox 2A	protein-coding
*-150	chr13	36829548	36917271	+	0	NA	intron (NM_005905, intron 2 of 5)	intron (NM_005905, intron 2 of 5)	46627	NM_001378621	4093		NM_005905	ENSG00000120693	SMAD9	MADH6|MADH9|PPH2|SMAD8|SMAD8/9|SMAD8A|SMAD8B	SMAD family member 9	protein-coding
*-118	chr22	35869748	36039551	+	0	NA	intron (NM_001349999, intron 1 of 13)	intron (NM_001349999, intron 1 of 13)	6981	NM_001349994	23543		NM_014309	ENSG00000100320	RBFOX2	FOX2|Fox-2|HNRBP2|HRNBP2|RBM9|RTA|dJ106I20.3|fxh	RNA binding fox-1 homolog 2	protein-coding
*-54	chr2	44670798	44715601	+	0	NA	intron (NM_024766, intron 3 of 10)	L2c|LINE|L2	245689	NR_147194	107985879		NR_147194	ENSG00000259439	LINC01833	K21.1|RP11-89	long intergenic non-protein coding RNA 1833	ncRNA
*-40	chr5	124633398	124693651	+	0	NA	intron (NM_001385621, intron 2 of 8)	intron (NM_001385621, intron 2 of 8)	83115	NM_020747	57507		NM_020747	ENSG00000168916	ZNF608	NY-REN-36	zinc finger protein 608	protein-coding
*-89	chr10	58636898	58675201	+	0	NA	intron (NM_001080512, intron 2 of 20)	L1PA2|LINE|L1	-58966	NR_027508	728640		NR_027508		FAM133CP	-	family with sequence similarity 133, member A pseudogene	pseudo
*-23	chr17	17684471	17969469	+	0	NA	intron (NM_001005291, intron 1 of 19)	L2a|LINE|L2	-3340	NM_001321096	6720		NM_004176	ENSG00000072310	SREBF1	HMD|IFAP2|SREBP1|bHLHd1	sterol regulatory element binding transcription factor 1	protein-coding
*-106	chr7	77674048	77766751	+	0	NA	intron (NM_198467, intron 1 of 7)	AluSp|SINE|Alu	-23054	NR_038361	100505854		NR_038361	ENSG00000214293	APTR	RSBN1L-AS1	Alu-mediated CDKN1A/p21 transcriptional regulator	ncRNA
*-151	chr13	46560748	46709551	+	0	NA	intron (NM_015116, intron 1 of 18)	L2a|LINE|L2	81979	NM_015116	23143		NM_015116	ENSG00000136141	LRCH1	CHDC1|NP81	leucine rich repeats and calponin homology domain containing 1	protein-coding
*-27	chr8	23296298	23373251	+	0	NA	intron (NM_002318, intron 4 of 13)	MIR|SINE|MIR	-1434	NR_038323	100507156		NR_038323	ENSG00000253837	LOXL2-AS1	-	LOXL2 antisense RNA 1	ncRNA
*-85	chr3	177588398	177620651	+	0	NA	intron (NR_047568, intron 2 of 3)	AluSc|SINE|Alu	162603	NR_047568	100505566		NR_047568	ENSG00000228221	LINC00578	-	long intergenic non-protein coding RNA 578	ncRNA
*-88	chr10	32904471	32963751	+	0	NA	intron (NM_133376, intron 2 of 15)	L1ME4a|LINE|L1	1447	NM_033668	3688		NM_002211	ENSG00000150093	ITGB1	CD29|FNRB|GPIIA|MDF2|MSK12|VLA-BETA|VLAB	integrin subunit beta 1	protein-coding
*-104	chr7	19072298	19114671	+	0	NA	Intergenic	MLT1B|LTR|ERVL-MaLR	24152	NM_000474	7291		NM_000474	ENSG00000122691	TWIST1	ACS3|BPES2|BPES3|CRS|CRS1|CSO|SCS|SWCOS|TWIST|bHLHa38	twist family bHLH transcription factor 1	protein-coding
*-110	chr7	157351948	157408951	+	0	NA	intron (NM_001363676, intron 5 of 6)	intron (NM_001363676, intron 5 of 6)	43445	NM_005494	10049		NM_005494	ENSG00000105993	DNAJB6	DJ4|DnaJ|HHDJ1|HSJ-2|HSJ2|LGMD1D|LGMD1E|LGMDD1|MRJ|MSJ-1	DnaJ heat shock protein family (Hsp40) member B6	protein-coding
*-102	chr12	124343948	124464751	+	0	NA	intron (NM_001077261, intron 15 of 47)	intron (NM_001077261, intron 15 of 47)	-67107	NR_106940	102466204		NR_106940	ENSG00000275967	MIR6880	hsa-mir-6880	microRNA 6880	ncRNA
*-158	chr15	85461598	85542601	+	0	NA	intron (NM_007200, intron 2 of 36)	MER5A|DNA|hAT-Charlie	-117851	NM_001270546	11214		NM_006738	ENSG00000170776	AKAP13	AKAP-13|AKAP-Lbc|ARHGEF13|BRX|HA-3|Ht31|LBC|PRKA13|PROTO-LB|PROTO-LBC|c-lbc|p47	A-kinase anchoring protein 13	protein-coding
*-81	chr3	119625398	119681601	+	0	NA	intron (NM_022135, intron 2 of 3)	AluY|SINE|Alu	7090	NM_001369919	64091		NM_022135	ENSG00000121577	POPDC2	POP2	popeye domain containing 2	protein-coding
*-46	chr5	168939448	169010001	+	0	NA	intron (NM_003062, intron 4 of 35)	intron (NM_003062, intron 4 of 35)	-38503	NR_109897	728095		NR_109897		SLIT3-AS1	-	SLIT3 antisense RNA 1	ncRNA
*-3	chr4	95143048	95554551	+	0	NA	intron (NM_003728, intron 1 of 15)	L1MA3|LINE|L1	200174	NM_003728	8633		NM_003728	ENSG00000182168	UNC5C	UNC5H3	unc-5 netrin receptor C	protein-coding
*-111	chr20	32419798	32529051	+	0	NA	intron (NM_080616, intron 2 of 7)	intron (NM_080616, intron 2 of 7)	9066	NM_080616	140688		NM_080616	ENSG00000197183	NOL4L	C20orf112|C20orf113	nucleolar protein 4 like	protein-coding
*-83	chr3	159760148	159930501	+	0	NA	intron (NM_001197109, intron 1 of 6)	L2c|LINE|L2	5463	NM_001197109	29970		NM_014575	ENSG00000151967	SCHIP1	SCHIP-1	schwannomin interacting protein 1	protein-coding
*-149	chr13	35464098	35572751	+	0	NA	intron (NM_001204197, intron 1 of 17)	MIRb|SINE|MIR	41615	NM_001204197	26960		NM_015678	ENSG00000172915	NBEA	BCL8B|LYST2|NEDEGE	neurobeachin	protein-coding
*-107	chr7	92667298	92844101	+	0	NA	intron (NM_001145306, intron 3 of 7)	intron (NM_001145306, intron 3 of 7)	78260	NM_001259	1021		NM_001259	ENSG00000105810	CDK6	MCPH12|PLSTIRE	cyclin dependent kinase 6	protein-coding
*-5	chr4	118864098	119053651	+	0	NA	intron (NM_133477, intron 1 of 4)	intron (NM_133477, intron 1 of 4)	70020	NM_133477	171024		NM_133477	ENSG00000172403	SYNPO2	SYISL	synaptopodin 2	protein-coding
*-10	chr4	174089648	174173851	+	0	NA	intron (NR_125896, intron 1 of 4)	intron (NR_125896, intron 1 of 4)	88649	NR_125896	101928509		NR_125896	ENSG00000248174	LINC02268	-	long intergenic non-protein coding RNA 2268	ncRNA
*-87	chr10	9208948	9263801	+	0	NA	intron (NR_120635, intron 4 of 4)	MIR3|SINE|MIR	-39239	NR_108039	100507163		NR_108039		LINC00709	-	long intergenic non-protein coding RNA 709	ncRNA
*-105	chr7	66099648	66168201	+	0	NA	intron (NR_024548, intron 4 of 6)	AluSx|SINE|Alu	19077	NM_014478	27297		NM_014478	ENSG00000241258	CRCP	C17|CGRP-RCP|CGRPRCP|POLR3I|POLR3J|RCP|RCP9|RPC9	CGRP receptor component	protein-coding
*-25	chr17	78860048	78937751	+	0	NA	intron (NM_001243541, intron 2 of 2)	AluSz|SINE|Alu	4302	NM_001243541	100653515		NM_001243540	ENSG00000178404	CEP295NL	DDC8|KIAA1731NL	CEP295 N-terminal like	protein-coding
*-96	chr9	94857548	95111201	+	0	NA	intron (NM_001193329, intron 10 of 15)	Charlie5|DNA|hAT-Charlie	-38820	NR_147614	101928119		NR_147613		LOC101928119	-	uncharacterized LOC101928119	ncRNA
*-131	chr1	94854498	95022051	+	0	NA	intron (NR_168377, intron 2 of 2)	L2a|LINE|L2	10246	NR_033998	729970		NR_033998		CNN3-DT	-	CNN3 divergent transcript	ncRNA
*-130	chr1	93595098	93709651	+	0	NA	intron (NM_001261409, intron 2 of 11)	intron (NM_001261409, intron 2 of 11)	28996	NM_001261409	8412		NM_003567	ENSG00000137936	BCAR3	AND-34|MIG7|NSP2|SH2D3B	BCAR3 adaptor protein, NSP family member	protein-coding
*-29	chr8	28882648	29008451	+	0	NA	intron (NM_001324393, intron 2 of 11)	intron (NM_001324393, intron 2 of 11)	54235	NM_001324382	79618		NM_024567	ENSG00000147421	HMBOX1	HNF1LA|HOT1|PBHNF|TAH1	homeobox containing 1	protein-coding
*-125	chr1	36342298	36391051	+	0	NA	intron (NM_001282547, intron 1 of 10)	intron (NM_001282547, intron 1 of 10)	19250	NM_001282547	83931		NM_032017	ENSG00000196182	STK40	SHIK|SgK495	serine/threonine kinase 40	protein-coding
*-141	chr6	53250098	53360901	+	0	NA	intron (NM_001242830, intron 1 of 6)	SVA_D|Retroposon|SVA	28506	NR_049866	100847075		NR_049866	ENSG00000264056	MIR5685	-	microRNA 5685	ncRNA
*-139	chr6	21969998	22008951	+	0	NA	intron (NR_015410, intron 6 of 11)	AluSz|SINE|Alu	157719	NR_034143	729177		NR_034143		NBAT1	CASC14|NBAT-1	neuroblastoma associated transcript 1	ncRNA
*-84	chr3	177095898	177175751	+	0	NA	intron (NM_001374329, intron 1 of 15)	L2a|LINE|L2	60654	NM_001321195	79718		NM_024665	ENSG00000177565	TBL1XR1	C21|DC42|IRA1|MRD41|TBLR1	TBL1X/Y related 1	protein-coding
*-12	chr11	11908698	12017651	+	0	NA	3' UTR (NM_013253, exon 8 of 8)	3' UTR (NM_013253, exon 8 of 8)	45465	NM_001018057	27122		NM_013253	ENSG00000050165	DKK3	CRRL|REIC|RIG	dickkopf WNT signaling pathway inhibitor 3	protein-coding
*-59	chr2	121349648	121537451	+	0	NA	intron (NM_001142274, intron 19 of 37)	intron (NM_001142274, intron 19 of 37)	-87331	NR_023343	100151683		NR_023343	ENSG00000264229	RNU4ATAC	LWS|MOPD1|RFMN|RNU4ATAC1|TALS|U4ATAC	RNA, U4atac small nuclear	snRNA
*-127	chr1	63964048	64199251	+	0	NA	intron (NM_001083592, intron 4 of 6)	AluJo|SINE|Alu	30556	NR_110666	101927034		NR_110665	ENSG00000223949	ROR1-AS1	-	ROR1 antisense RNA 1	ncRNA
*-140	chr6	43088748	43150251	+	0	NA	intron (NM_001270398, intron 1 of 19)	intron (NM_001270398, intron 1 of 19)	42685	NM_001270398	5754		NM_002821	ENSG00000112655	PTK7	CCK-4|CCK4	protein tyrosine kinase 7 (inactive)	protein-coding
*-2	chr4	76179798	76210898	+	0	NA	intron (NM_005506, intron 2 of 11)	AluJo|SINE|Alu	18476	NM_005506	950		NM_005506	ENSG00000138760	SCARB2	AMRF|CD36L2|EPM4|HLGP85|LGP85|LIMP-2|LIMPII|SR-BII	scavenger receptor class B member 2	protein-coding
*-66	chr2	216112295	216223401	+	0	NA	intron (NM_021141, intron 16 of 20)	intron (NM_021141, intron 16 of 20)	-49041	NR_037701	150967		NM_001199924	ENSG00000260804	LINC01963	PKI55	long intergenic non-protein coding RNA 1963	ncRNA
*-55	chr2	46981948	47097051	+	0	NA	intron (NM_020458, intron 15 of 19)	intron (NM_020458, intron 15 of 19)	-97644	NM_001171511	90411		NM_139279	ENSG00000180398	MCFD2	F5F8D|F5F8D2|LMAN1IP|SDNSF	multiple coagulation factor deficiency 2, ER cargo receptor complex subunit	protein-coding
*-76	chr16	87419598	87500101	+	0	NA	intron (NM_015144, intron 2 of 12)	intron (NM_015144, intron 2 of 12)	33175	NM_015144	23174		NM_015144	ENSG00000140948	ZCCHC14	BDG-29|BDG29	zinc finger CCHC-type containing 14	protein-coding
*-122	chr1	23548698	23605251	+	0	NA	Intergenic	Intergenic	-17473	NM_002167	3399		NM_002167	ENSG00000117318	ID3	HEIR-1|bHLHb25	inhibitor of DNA binding 3	protein-coding
*	chr4	41853498	41888001	+	0	NA	Intergenic	Intergenic	11862	NR_104143	101927074		NR_104143	ENSG00000245870	LINC00682	-	long intergenic non-protein coding RNA 682	ncRNA
*-124	chr1	27529198	27600493	+	0	NA	intron (NM_001029882, intron 1 of 6)	intron (NM_001029882, intron 1 of 6)	38649	NM_001029882	27245		NM_001029882	ENSG00000126705	AHDC1	MRD25|XIGIS	AT-hook DNA binding motif containing 1	protein-coding
*-35	chr5	51448748	51497551	+	0	NA	Intergenic	Intergenic	89701	NM_002202	3670		NM_002202	ENSG00000016082	ISL1	ISLET1|Isl-1	ISL LIM homeobox 1	protein-coding
*-39	chr5	78547848	78645824	+	0	NA	intron (NM_005779, intron 2 of 4)	intron (NM_005779, intron 2 of 4)	51936	NM_005779	10184		NM_005779	ENSG00000145685	LHFPL2	-	LHFPL tetraspan subfamily member 2	protein-coding
*-119	chr22	46057143	46120501	+	0	NA	intron (NR_110479, intron 1 of 4)	intron (NR_110479, intron 1 of 4)	-2222	NR_037413	100500828		NR_037413	ENSG00000266533	MIR3619	-	microRNA 3619	ncRNA
*-53	chr2	43390448	43453701	+	0	NA	intron (NR_144316, intron 28 of 36)	L3|LINE|CR1	173900	NM_001083953	63892		NM_022065	ENSG00000115970	THADA	ARMC13|GITA|Trm732	THADA armadillo repeat containing	protein-coding
*-8	chr4	140989148	141105501	+	0	NA	intron (NM_020724, intron 1 of 6)	intron (NM_020724, intron 1 of 6)	86145	NM_020724	57484		NM_020724	ENSG00000170153	RNF150	-	ring finger protein 150	protein-coding
*-42	chr5	141493098	141536851	+	0	NA	TTS (NM_001079812)	TTS (NM_001079812)	25733	NM_032407	56097		NM_018929	ENSG00000240764	PCDHGC5	PCDH-GAMMA-C5	protocadherin gamma subfamily C, 5	protein-coding
*-57	chr2	99600848	99683151	+	0	NA	intron (NM_001025108, intron 12 of 23)	L2c|LINE|L2	-151982	NM_001321460	51455		NM_016316	ENSG00000135945	REV1	AIBP80|REV1L	REV1 DNA directed polymerase	protein-coding
*-31	chr8	127798960	127930251	+	0	NA	intron (NR_003367, intron 1 of 8)	AluY|SINE|Alu	68643	NR_031609	100302185		NR_031609	ENSG00000283710	MIR1204	hsa-mir-1204	microRNA 1204	ncRNA
*-159	chr15	85559198	85653351	+	0	NA	intron (NM_007200, intron 8 of 36)	AluSx1|SINE|Alu	-13676	NM_001270546	11214		NM_006738	ENSG00000170776	AKAP13	AKAP-13|AKAP-Lbc|ARHGEF13|BRX|HA-3|Ht31|LBC|PRKA13|PROTO-LB|PROTO-LBC|c-lbc|p47	A-kinase anchoring protein 13	protein-coding
*-24	chr17	29624422	29769651	+	0	NA	intron (NM_033389, intron 3 of 14)	intron (NM_033389, intron 3 of 14)	64396	NM_001282131	85464		NM_033389	ENSG00000141298	SSH2	SSH-2|SSH-2L	slingshot protein phosphatase 2	protein-coding
*-126	chr1	50100648	50208901	+	0	NA	intron (NR_136725, intron 3 of 4)	(TG)n|Simple_repeat|Simple_repeat	44941	NM_001324213	1996		NM_021952	ENSG00000162374	ELAVL4	HUD|PNEM	ELAV like RNA binding protein 4	protein-coding
*-38	chr5	78474348	78542801	+	0	NA	intron (NM_005779, intron 4 of 4)	intron (NM_005779, intron 4 of 4)	140198	NM_005779	10184		NM_005779	ENSG00000145685	LHFPL2	-	LHFPL tetraspan subfamily member 2	protein-coding
*-58	chr2	101701074	101889751	+	0	NA	intron (NM_001384572, intron 2 of 29)	L1MC4|LINE|L1	97147	NM_001384551	9448		NM_004834	ENSG00000071054	MAP4K4	FLH21957|HEL-S-31|HGK|MEKKK4|NIK	mitogen-activated protein kinase kinase kinase kinase 4	protein-coding
*-70	chr16	15941148	16042701	+	0	NA	intron (NM_004996, intron 1 of 30)	MER1A|DNA|hAT-Charlie	42308	NM_004996	4363		NM_004996	ENSG00000103222	ABCC1	ABC29|ABCC|DFNA77|GS-X|MRP|MRP1	ATP binding cassette subfamily C member 1 (ABCC1 blood group)	protein-coding
*-60	chr2	134193148	134461101	+	0	NA	intron (NM_001371457, intron 5 of 16)	intron (NM_001371457, intron 5 of 16)	73052	NM_002410	4249		NM_002410	ENSG00000152127	MGAT5	GNT-V|GNT-VA|MGAT5A|glcNAc-T V	alpha-1,6-mannosylglycoprotein 6-beta-N-acetylglucosaminyltransferase	protein-coding
*-103	chr7	18614398	18709051	+	0	NA	intron (NM_001321878, intron 13 of 13)	intron (NM_001321878, intron 13 of 13)	152454	NM_001204148	9734		NM_014707	ENSG00000048052	HDAC9	ARCND4|HD7|HD7b|HD9|HDAC|HDAC7|HDAC7B|HDAC9B|HDAC9FL|HDRP|MITR	histone deacetylase 9	protein-coding
*-51	chr2	42095848	42149051	+	0	NA	Intergenic	AluSq2|SINE|Alu	-46904	NM_019063	27436		NM_019063	ENSG00000143924	EML4	C2orf2|ELP120|EMAP-4|EMAPL4|ROPP120	EMAP like 4	protein-coding
*-37	chr5	68230798	68285422	+	0	NA	intron (NM_181523, intron 2 of 15)	intron (NM_181523, intron 2 of 15)	-30409	NM_181524	5295		NM_181504	ENSG00000145675	PIK3R1	AGM7|GRB1|IMD36|p85|p85-ALPHA|p85alpha	phosphoinositide-3-kinase regulatory subunit 1	protein-coding
*-92	chr10	79072033	79323901	+	0	NA	intron (NM_020338, intron 4 of 24)	intron (NM_020338, intron 4 of 24)	129001	NM_020338	57178		NM_020338	ENSG00000108175	ZMIZ1	MIZ|NEDDFSA|RAI17|TRAFIP10|ZIMP10	zinc finger MIZ-type containing 1	protein-coding
*-33	chr5	14146700	14512951	+	0	NA	intron (NR_134469, intron 9 of 56)	intron (NR_134469, intron 9 of 56)	-134158	NR_145815	109623458		NR_145815		SNORD170	-	small nucleolar RNA, C/D box 170	snoRNA
*-148	chr6	156878148	157210601	+	0	NA	intron (NM_001363725, intron 2 of 17)	intron (NM_001363725, intron 2 of 17)	7947	NM_001363725	57492		NM_017519	ENSG00000049618	ARID1B	6A3-5|BAF250B|BRIGHT|CSS1|DAN15|ELD/OSA1|MRD12|OSA2|P250R|SMARCF2	AT-rich interaction domain 1B	protein-coding
