PeakID (cmd=annotatePeaks.pl /home/abykov/neuroblastoma/temp_results/BEDs/CLB_SKN_A_u_chr.bed hg38)	Chr	Start	End	Strand	Peak Score	Focus Ratio/Region Size	Annotation	Detailed Annotation	Distance to TSS	Nearest PromoterID	Entrez ID	Nearest Unigene	Nearest Refseq	Nearest Ensembl	Gene Name	Gene Alias	Gene Description	Gene Type
*-172	chr15	58222848	58269801	+	0	NA	Intergenic	Intergenic	107943	NM_001320635	366		NM_020980	ENSG00000103569	AQP9	AQP-9|HsT17287|SSC1|T17287	aquaporin 9	protein-coding
*-57	chr1	213991499	214043751	+	0	NA	intron (NM_001270616, intron 4 of 4)	intron (NM_001270616, intron 4 of 4)	29092	NM_002763	5629		NM_002763	ENSG00000117707	PROX1	-	prospero homeobox 1	protein-coding
*-48	chr1	50326748	50348201	+	0	NA	Intergenic	AluY|SINE|Alu	85969	NM_032110	63950		NM_032110	ENSG00000142700	DMRTA2	-	DMRT like family A2	protein-coding
*-183	chr8	79285748	79303301	+	0	NA	Intergenic	Intergenic	-37664	NR_162137	113219456		NR_162137		MIR12123	-	microRNA 12123	ncRNA
*-109	chr3	128192798	128288201	+	0	NA	intron (NM_021937, intron 1 of 6)	intron (NM_021937, intron 1 of 6)	-86585	NM_001319086	8607		NM_003707	ENSG00000175792	RUVBL1	ECP-54|ECP54|INO80H|NMP 238|NMP238|PONTIN|Pontin52|RVB1|TIH1|TIP49|TIP49A	RuvB like AAA ATPase 1	protein-coding
*-73	chr2	174659648	174679898	+	0	NA	intron (NM_001077269, intron 1 of 7)	AluJr|SINE|Alu	13126	NM_001077269	7456		NM_003387	ENSG00000115935	WIPF1	PRPL-2|WAS2|WASPIP|WIP	WAS/WASL interacting protein family member 1	protein-coding
*-125	chr7	133532598	133578001	+	0	NA	intron (NM_021807, intron 9 of 17)	intron (NM_021807, intron 9 of 17)	264418	NR_106749	102465139		NR_106749	ENSG00000276137	MIR6133	hsa-mir-6133	microRNA 6133	ncRNA
*-24	chr11	112994798	113049651	+	0	NA	intron (NM_001076682, intron 1 of 18)	intron (NM_001076682, intron 1 of 18)	-58764	NR_120563	101928847		NR_120563	ENSG00000247416	LOC101928847	-	uncharacterized LOC101928847	ncRNA
*-62	chr2	21255998	21289901	+	0	NA	Intergenic	Intergenic	148981	NM_001306137	100129278		NM_001306137	ENSG00000218819	TDRD15	-	tudor domain containing 15	protein-coding
*-98	chr3	8605398	8664301	+	0	NA	intron (NR_046358, intron 3 of 12)	intron (NR_046358, intron 3 of 12)	9949	NM_001256748	51066		NM_015931	ENSG00000125046	SSUH2	C3orf32|SSU-2|fls485	ssu-2 homolog	protein-coding
*-151	chr20	63435448	63469639	+	0	NA	intron (NM_001382235, intron 1 of 16)	MLT2C2|LTR|ERVL	20112	NM_001382235	3785		NM_004518	ENSG00000075043	KCNQ2	BFNC|DEE7|EBN|EBN1|ENB1|HNSPC|KCNA11|KV7.2	potassium voltage-gated channel subfamily Q member 2	protein-coding
*-15	chr11	19686048	19792651	+	0	NA	intron (NM_145117, intron 1 of 37)	MIRb|SINE|MIR	20734	NR_039843	100616426		NR_039843	ENSG00000264309	MIR4694	-	microRNA 4694	ncRNA
*-154	chr10	9283498	9302601	+	0	NA	intron (NR_120635, intron 2 of 4)	L1MA8|LINE|L1	2544	NR_120635	101928272		NR_120635		LOC101928272	-	uncharacterized LOC101928272	ncRNA
*-102	chr3	18346398	18448901	+	0	NA	intron (NM_001322873, intron 5 of 10)	intron (NM_001322873, intron 5 of 10)	27690	NM_001195470	6304		NM_002971	ENSG00000182568	SATB1	DEFDA|DHDBV|KTZSL	SATB homeobox 1	protein-coding
*-50	chr1	89682548	89732701	+	0	NA	intron (NM_032270, intron 2 of 2)	intron (NM_032270, intron 2 of 2)	74504	NM_032270	84230		NM_032270	ENSG00000171488	LRRC8C	AD158|FAD158	leucine rich repeat containing 8 VRAC subunit C	protein-coding
*-16	chr11	27644998	27677201	+	0	NA	intron (NM_001143811, intron 2 of 3)	intron (NM_001143811, intron 2 of 3)	-1450	NM_001143816	627		NM_001709	ENSG00000176697	BDNF	ANON2|BULN2	brain derived neurotrophic factor	protein-coding
*-116	chr3	197158948	197192101	+	0	NA	intron (NM_001366214, intron 5 of 25)	intron (NM_001366214, intron 5 of 25)	8348	NM_001366221	1739		NM_004087	ENSG00000075711	DLG1	DLGH1|SAP-97|SAP97|hdlg	discs large MAGUK scaffold protein 1	protein-coding
*-23	chr11	79261498	79309951	+	0	NA	intron (NM_001098816, intron 2 of 33)	L1MB7|LINE|L1	116385	NR_030598	100126333		NR_030598	ENSG00000211997	MIR708	MIRN708|hsa-mir-708	microRNA 708	ncRNA
*-161	chr10	76543548	76556801	+	0	NA	intron (NM_032024, intron 5 of 5)	intron (NM_032024, intron 5 of 5)	-337870	NR_120655	101929328		NR_120655	ENSG00000236467	KCNMA1-AS1	-	KCNMA1 antisense RNA 1	ncRNA
*-32	chr5	76086412	76272601	+	0	NA	intron (NM_014979, intron 2 of 12)	intron (NM_014979, intron 2 of 12)	96123	NM_001297716	22987		NM_014979	ENSG00000122012	SV2C	SLC22B3	synaptic vesicle glycoprotein 2C	protein-coding
*-164	chr10	86210298	86268001	+	0	NA	intron (NM_017551, intron 2 of 15)	MSTA-int|LTR|ERVL-MaLR	25639	NR_029907	442911		NR_029907	ENSG00000199104	MIR346	MIRN346|hsa-mir-346|miR-346|miRNA346	microRNA 346	ncRNA
*-74	chr2	174803498	174916151	+	0	NA	intron (NR_038133, intron 5 of 11)	intron (NR_038133, intron 5 of 11)	-12269	NM_001206602	1123		NM_001822	ENSG00000128656	CHN1	ARHGAP2|CHN|DURS2|NC|RHOGAP2	chimerin 1	protein-coding
*-179	chr8	37781848	37827501	+	0	NA	intron (NM_032777, intron 1 of 18)	intron (NM_032777, intron 1 of 18)	7791	NM_032777	25960		NM_032777	ENSG00000020181	ADGRA2	GPR124|TEM5	adhesion G protein-coupled receptor A2	protein-coding
*-88	chr9	97504637	97630051	+	0	NA	intron (NM_001166116, intron 7 of 9)	MamRep38|DNA|hAT	65678	NM_003275	7111		NM_003275	ENSG00000136842	TMOD1	D9S57E|ETMOD|TMOD	tropomodulin 1	protein-coding
*-49	chr1	60848098	60991601	+	0	NA	Intergenic	GA-rich|Low_complexity|Low_complexity	50927	NR_110618	100996570		NR_110617	ENSG00000237928	NFIA-AS2	-	NFIA antisense RNA 2	ncRNA
*-53	chr1	96965698	96999451	+	0	NA	Intergenic	Intergenic	-113349	NR_046590	100873932		NR_046590	ENSG00000232878	DPYD-AS1	-	DPYD antisense RNA 1	ncRNA
*-132	chr14	89383098	89431101	+	0	NA	intron (NM_001085471, intron 2 of 6)	L1MC5a|LINE|L1	10134	NM_005197	1112		NM_005197	ENSG00000053254	FOXN3	C14orf116|CHES1|PRO1635	forkhead box N3	protein-coding
*-41	chr5	160244248	160309151	+	0	NA	intron (NM_024565, intron 3 of 6)	L1MB5|LINE|L1	35865	NM_024565	79616		NM_024565	ENSG00000135083	CCNJL	-	cyclin J like	protein-coding
*-157	chr10	21626648	21673851	+	0	NA	intron (NR_136736, intron 9 of 25)	AluJr|SINE|Alu	116017	NM_001195626	8028		NM_004641	ENSG00000078403	MLLT10	AF10	MLLT10 histone lysine methyltransferase DOT1L cofactor	protein-coding
*-113	chr3	141055348	141109501	+	0	NA	intron (NM_080862, intron 2 of 2)	intron (NM_080862, intron 2 of 2)	31077	NM_080862	92369		NM_080862	ENSG00000175093	SPSB4	SSB-4|SSB4	splA/ryanodine receptor domain and SOCS box containing 4	protein-coding
*-99	chr3	12979648	13079101	+	0	NA	intron (NM_001134382, intron 1 of 13)	MIR|SINE|MIR	-42273	NM_001330619	9922		NM_014869	ENSG00000144711	IQSEC1	ARF-GEP100|ARFGEP100|BRAG2|GEP100|IDDSSBA	IQ motif and Sec7 domain ArfGEF 1	protein-coding
*-149	chr20	25461798	25574451	+	0	NA	intron (NM_001318226, intron 2 of 22)	intron (NM_001318226, intron 2 of 22)	67407	NM_025176	22981		NM_025176	ENSG00000101004	NINL	NLP	ninein like	protein-coding
*-77	chr2	231267248	231321651	+	0	NA	intron (NR_148040, intron 19 of 21)	intron (NR_148040, intron 19 of 21)	-68259	NR_039937	100616317		NR_039937	ENSG00000263641	MIR4777	-	microRNA 4777	ncRNA
*-20	chr11	68361948	68406201	+	0	NA	intron (NM_002335, intron 5 of 22)	intron (NM_002335, intron 5 of 22)	71483	NM_002335	4041		NM_002335	ENSG00000162337	LRP5	BMND1|EVR1|EVR4|HBM|LR3|LRP-5|LRP-7|LRP7|OPPG|OPS|OPTA1|PCLD4|VBCH2	LDL receptor related protein 5	protein-coding
*-120	chr7	18771698	18851751	+	0	NA	intron (NM_001321868, intron 17 of 25)	intron (NM_001321868, intron 17 of 25)	302454	NM_001204148	9734		NM_014707	ENSG00000048052	HDAC9	ARCND4|HD7|HD7b|HD9|HDAC|HDAC7|HDAC7B|HDAC9B|HDAC9FL|HDRP|MITR	histone deacetylase 9	protein-coding
*-167	chr10	109955448	109980151	+	0	NA	intron (NR_038943, intron 2 of 4)	intron (NR_038943, intron 2 of 4)	-28574	NM_001320591	120		NM_001121	ENSG00000148700	ADD3	ADDL|CPSQ3	adducin 3	protein-coding
*-91	chr9	135116448	135169001	+	0	NA	Intergenic	L2a|LINE|L2	-38885	NR_046107	401557		NR_046107		LOC401557	-	uncharacterized LOC401557	ncRNA
*-128	chrX	72072248	72127751	+	0	NA	intron (NM_001013627, intron 1 of 7)	intron (NM_001013627, intron 1 of 7)	31916	NM_001024455	340526		NM_001024455	ENSG00000242732	RTL5	6430402L03Rik|MAR5|MART5|RGAG4|SIRH8	retrotransposon Gag like 5	protein-coding
*-54	chr1	113197898	113235751	+	0	NA	Intergenic	Intergenic	-10571	NR_038846	643441		NR_038846		LOC643441	-	uncharacterized LOC643441	ncRNA
*-142	chr6	37438048	37518751	+	0	NA	intron (NM_015050, intron 21 of 23)	intron (NM_015050, intron 21 of 23)	21494	NM_138493	154467		NM_138493	ENSG00000198937	CCDC167	C6orf129|HSPC265	coiled-coil domain containing 167	protein-coding
*-27	chr11	117486348	117539501	+	0	NA	intron (NM_020693, intron 8 of 32)	intron (NM_020693, intron 8 of 32)	185070	NM_014956	22897		NM_014956	ENSG00000110274	CEP164	NPHP15	centrosomal protein 164	protein-coding
*-186	chr21	32068698	32100951	+	0	NA	intron (NR_038033, intron 1 of 1)	intron (NR_038033, intron 1 of 1)	1471	NR_038033	100551499		NR_038033		LINC00159	C21orf44|NCRNA00159	long intergenic non-protein coding RNA 159	ncRNA
*-89	chr9	127621448	127669201	+	0	NA	intron (NM_001374312, intron 2 of 19)	intron (NM_001374312, intron 2 of 19)	33047	NM_001374311	6812		NM_003165	ENSG00000136854	STXBP1	DEE4|MUNC18-1|N-Sec1|NSEC1|P67|RBSEC1|UNC18|unc-18A|unc18-1	syntaxin binding protein 1	protein-coding
*-70	chr2	121553648	121646475	+	0	NA	intron (NM_001142274, intron 2 of 37)	intron (NM_001142274, intron 2 of 37)	49401	NM_001378005	23332		NM_015282	ENSG00000074054	CLASP1	MAST1	cytoplasmic linker associated protein 1	protein-coding
*-139	chr22	43221698	43320651	+	0	NA	intron (NM_173050, intron 4 of 21)	L2b|LINE|L2	-4768	NR_134582	101927447		NR_134582	ENSG00000203527	SCUBE1-AS1	-	SCUBE1 antisense RNA 1	ncRNA
*-81	chr17	17050748	17147201	+	0	NA	intron (NM_015134, intron 3 of 22)	intron (NM_015134, intron 3 of 22)	56517	NM_201274	23164		NM_015134	ENSG00000133030	MPRIP	M-RIP|MRIP|RHOIP3|RIP3|p116Rip	myosin phosphatase Rho interacting protein	protein-coding
*-38	chr5	138944298	138971401	+	0	NA	intron (NM_022464, intron 7 of 9)	L1MC4|LINE|L1	82449	NM_001323997	1495		NM_001903	ENSG00000044115	CTNNA1	CAP102|MDBS2|MDPT2	catenin alpha 1	protein-coding
*-75	chr2	176537198	176591351	+	0	NA	Intergenic	Intergenic	36778	NR_031648	100302142		NR_031648	ENSG00000283203	MIR1246	MIRN1246|hsa-mir-1246	microRNA 1246	ncRNA
*-82	chr17	50902798	50979701	+	0	NA	Intergenic	Intergenic	-73271	NM_001243877	10140		NM_005749	ENSG00000141232	TOB1	APRO5|APRO6|PIG49|TOB|TROB|TROB1	transducer of ERBB2, 1	protein-coding
*-76	chr2	209618948	209713951	+	0	NA	intron (NR_164699, intron 1 of 6)	intron (NR_164699, intron 1 of 6)	4953	NR_164696	4133		NM_002374	ENSG00000078018	MAP2	MAP-2|MAP2A|MAP2B|MAP2C	microtubule associated protein 2	protein-coding
*-144	chr6	51548698	51582001	+	0	NA	Intergenic	MER20|DNA|hAT-Charlie	-56521	NR_125840	101927082		NR_125840		LOC101927082	-	uncharacterized LOC101927082	ncRNA
*-177	chr16	72194398	72222501	+	0	NA	Intergenic	Intergenic	-35999	NM_001160213	83449		NM_031293	ENSG00000118557	PMFBP1	SPGF31|STAP	polyamine modulated factor 1 binding protein 1	protein-coding
*-141	chr6	21184148	21207151	+	0	NA	intron (NM_017774, intron 13 of 15)	AluJb|SINE|Alu	316243	NR_103790	100874531		NR_103790	ENSG00000280989	LINC00581	linc-MBOAT1-4	long intergenic non-protein coding RNA 581	ncRNA
*-14	chr11	12498848	12525851	+	0	NA	intron (NM_018222, intron 8 of 12)	intron (NM_018222, intron 8 of 12)	134778	NM_018222	55742		NM_018222	ENSG00000197702	PARVA	CH-ILKBP|MXRA2	parvin alpha	protein-coding
*-185	chr21	28231666	28285801	+	0	NA	Intergenic	Intergenic	-30066	NR_126012	101927973		NR_126012	ENSG00000236532	LINC01695	-	long intergenic non-protein coding RNA 1695	ncRNA
*-190	chr19	30508248	30574701	+	0	NA	intron (NM_001352260, intron 3 of 5)	intron (NM_001352260, intron 3 of 5)	169090	NM_001352260	9745		NM_014717	ENSG00000198597	ZNF536	-	zinc finger protein 536	protein-coding
*-25	chr11	115190848	115223851	+	0	NA	intron (NM_001301045, intron 7 of 10)	intron (NM_001301045, intron 7 of 10)	-126228	NR_135108	105369509		NR_135108		LOC105369509	-	uncharacterized LOC105369509	ncRNA
*-5	chr4	140003398	140119401	+	0	NA	intron (NM_018717, intron 1 of 4)	intron (NM_018717, intron 1 of 4)	-66616	NR_147610	101927516		NR_147610		LOC101927516	-	uncharacterized LOC101927516	ncRNA
*-92	chr18	36680348	36757051	+	0	NA	exon (NM_001281740, exon 19 of 29)	exon (NM_001281740, exon 19 of 29)	-55281	NR_132982	105372071		NR_132982		LOC105372071	-	uncharacterized LOC105372071	ncRNA
*-118	chr7	7609798	7625701	+	0	NA	Intergenic	Intergenic	-23003	NM_001302350	729852		NM_001302348	ENSG00000219545	UMAD1	RPA3-AS1|RPA3OS	UBAP1-MVB12-associated (UMA) domain containing 1	protein-coding
*-68	chr2	85519198	85549151	+	0	NA	Intergenic	MER21A|LTR|ERVL	4712	NR_038942	100630918		NR_038942	ENSG00000286532	PARTICL	PARTICLE	promoter of MAT2A antisense radiation-induced circulating long non-coding RNA	ncRNA
*-110	chr3	128315898	128437901	+	0	NA	intron (NM_021937, intron 6 of 6)	intron (NM_021937, intron 6 of 6)	-86695	NR_037890	285224		NR_037890	ENSG00000242049	DNAJB8-AS1	-	DNAJB8 antisense RNA 1	ncRNA
*-131	chr14	77031698	77051451	+	0	NA	intron (NR_110554, intron 1 of 3)	intron (NR_110554, intron 1 of 3)	525	NR_110554	283575		NR_110554	ENSG00000246548	LINC02288	-	long intergenic non-protein coding RNA 2288	ncRNA
*-107	chr3	94093498	94142451	+	0	NA	intron (NM_022072, intron 5 of 5)	L1MA4|LINE|L1	54913	NM_022072	63899		NM_022072	ENSG00000178694	NSUN3	COXPD48|MST077|MSTP077	NOP2/Sun RNA methyltransferase 3	protein-coding
*-13	chr11	10017148	10093351	+	0	NA	intron (NM_030962, intron 2 of 39)	L1PB3|LINE|L1	216107	NR_120539	101928008		NR_120539	ENSG00000255476	LOC101928008	-	uncharacterized LOC101928008	ncRNA
*-26	chr11	115241548	115306651	+	0	NA	intron (NM_001301043, intron 1 of 11)	intron (NM_001301043, intron 1 of 11)	-59478	NR_135108	105369509		NR_135108		LOC105369509	-	uncharacterized LOC105369509	ncRNA
*-123	chr7	70754698	70798101	+	0	NA	intron (NM_015570, intron 13 of 18)	intron (NM_015570, intron 13 of 18)	-355745	NM_022479	64409		NM_022479	ENSG00000185274	GALNT17	GALNACT17|GALNT16|GALNT20|GALNTL3|GalNAc-T17|GalNAc-T19|GalNAc-T5L|WBSCR17	polypeptide N-acetylgalactosaminyltransferase 17	protein-coding
*-42	chr5	164496798	164540901	+	0	NA	intron (NR_105065, intron 2 of 3)	MLT1H|LTR|ERVL-MaLR	48570	NR_105065	102546299		NR_105065	ENSG00000241956	LOC102546299	-	uncharacterized LOC102546299	ncRNA
*-134	chr14	95380448	95448951	+	0	NA	3' UTR (NM_152592, exon 18 of 18)	3' UTR (NM_152592, exon 18 of 18)	85115	NR_110127	101929080		NR_110127	ENSG00000258630	LINC02292	-	long intergenic non-protein coding RNA 2292	ncRNA
*-31	chr5	68992398	69037351	+	0	NA	intron (NR_130778, intron 1 of 3)	intron (NR_130778, intron 1 of 3)	15053	NR_130778	101928885		NR_130778		LINC02198	-	long intergenic non-protein coding RNA 2198	ncRNA
*-56	chr1	168687098	168732501	+	0	NA	intron (NM_001937, intron 2 of 3)	intron (NM_001937, intron 2 of 3)	19407	NM_001937	1805		NM_001937	ENSG00000143196	DPT	TRAMP	dermatopontin	protein-coding
*-162	chr10	76867948	76987051	+	0	NA	intron (NM_001322836, intron 23 of 27)	(TTTAAT)n|Simple_repeat|Simple_repeat	39455	NR_120655	101929328		NR_120655	ENSG00000236467	KCNMA1-AS1	-	KCNMA1 antisense RNA 1	ncRNA
*-126	chr7	133930198	133989901	+	0	NA	intron (NM_021807, intron 14 of 17)	HAL1|LINE|L1	-135161	NR_120513	101928861		NR_120513		LOC101928861	-	uncharacterized LOC101928861	ncRNA
*-39	chr5	141812348	141859551	+	0	NA	Intergenic	Intergenic	30253	NM_001278615	5097		NM_002587	ENSG00000156453	PCDH1	PC42|PCDH42	protocadherin 1	protein-coding
*	chr4	17472448	17529851	+	0	NA	intron (NM_000320, intron 4 of 6)	MIRb|SINE|MIR	10941	NM_000320	5860		NM_000320	ENSG00000151552	QDPR	DHPR|HDHPR|PKU2|SDR33C1	quinoid dihydropteridine reductase	protein-coding
*-2	chr4	38903148	38952601	+	0	NA	3' UTR (NM_001350635, exon 9 of 9)	3' UTR (NM_001350635, exon 9 of 9)	59842	NR_030300	693159		NR_030300	ENSG00000207944	MIR574	MIR574-3p|MIRN574|hsa-mir-574|mir-574	microRNA 574	ncRNA
*-104	chr3	50368332	50451051	+	0	NA	intron (NM_006030, intron 3 of 37)	MIRb|SINE|MIR	44328	NR_111914	101928965		NR_111913	ENSG00000271858	LOC101928965	-	uncharacterized LOC101928965	ncRNA
*-55	chr1	165832948	165904751	+	0	NA	intron (NM_012474, intron 1 of 6)	Tigger1|DNA|TcMar-Tigger	-39072	NR_037431	100500832		NR_037431	ENSG00000283936	MIR3658	-	microRNA 3658	ncRNA
*-152	chr20	64144548	64233951	+	0	NA	intron (NM_004535, intron 1 of 22)	intron (NM_004535, intron 1 of 22)	24797	NM_004535	4661		NM_004535	ENSG00000196132	MYT1	C20orf36|MTF1|MYTI|NZF2|PLPB1|ZC2H2C1|ZC2HC4A	myelin transcription factor 1	protein-coding
*-101	chr3	18099098	18144051	+	0	NA	intron (NR_161333, intron 4 of 4)	MLT1I|LTR|ERVL-MaLR	159022	NR_161333	339862		NR_046199		BALR6	BALR-6	B-cell acute lymphoblastic leukemia associated long RNA 6	ncRNA
*-137	chr22	19966751	20013751	+	0	NA	intron (NM_001670, intron 3 of 19)	intron (NM_001670, intron 3 of 19)	26498	NR_039918	100616414		NR_039918	ENSG00000284031	MIR4761	-	microRNA 4761	ncRNA
*-10	chr12	107356598	107405801	+	0	NA	intron (NM_001347944, intron 1 of 14)	L2a|LINE|L2	60611	NM_001347944	121551		NM_152322	ENSG00000151136	ABTB3	ABTB2B|BTBD11	ankyrin repeat and BTB domain containing 3	protein-coding
*-115	chr3	178057848	178089251	+	0	NA	Intergenic	Intergenic	256684	NR_110826	102724550		NR_110826	ENSG00000231574	LINC02015	KCCAT211	long intergenic non-protein coding RNA 2015	ncRNA
*-69	chr2	111127298	111166501	+	0	NA	TTS (NM_001204113)	TTS (NM_001204113)	25985	NM_001204113	10018		NM_006538	ENSG00000153094	BCL2L11	BAM|BIM|BOD	BCL2 like 11	protein-coding
*-188	chr19	30109348	30160551	+	0	NA	Intergenic	L2b|LINE|L2	-90643	NM_001376110	9745		NM_014717	ENSG00000198597	ZNF536	-	zinc finger protein 536	protein-coding
*-159	chr10	42957598	42978506	+	0	NA	Intergenic	L1ME3C|LINE|L1	13455	NR_126352	104266963		NR_126352	ENSG00000229630	LINC01264	-	long intergenic non-protein coding RNA 1264	ncRNA
*-180	chr8	47809148	47873301	+	0	NA	intron (NM_006904, intron 54 of 85)	L1PA16|LINE|L1	-103060	NM_005195	1052		NM_005195	ENSG00000221869	CEBPD	C/EBP-delta|CELF|CRP3|NF-IL6-beta	CCAAT enhancer binding protein delta	protein-coding
*-61	chr2	11738348	11831951	+	0	NA	intron (NM_145693, intron 9 of 19)	intron (NM_145693, intron 9 of 19)	17705	NR_036071	100422862		NR_036071	ENSG00000265056	MIR548S	-	microRNA 548s	ncRNA
*-171	chr15	47325348	47366951	+	0	NA	intron (NM_001198999, intron 1 of 19)	intron (NM_001198999, intron 1 of 19)	162060	NM_001198999	80031		NM_020858	ENSG00000137872	SEMA6D	-	semaphorin 6D	protein-coding
*-7	chr4	173744898	173767901	+	0	NA	Intergenic	AluJb|SINE|Alu	-140874	NR_146487	101928478		NR_146487	ENSG00000250708	LINC02269	-	long intergenic non-protein coding RNA 2269	ncRNA
*-147	chr6	105300498	105373051	+	0	NA	intron (NM_002726, intron 7 of 14)	L1MEg|LINE|L1	66308	NM_002726	5550		NM_002726	ENSG00000085377	PREP	PE|PEP	prolyl endopeptidase	protein-coding
*-17	chr11	36589198	36636901	+	0	NA	intron (NM_001276725, intron 2 of 3)	intron (NM_001276725, intron 2 of 3)	-14770	NM_001243786	5897		NM_000536	ENSG00000175097	RAG2	RAG-2	recombination activating 2	protein-coding
*-174	chr15	101120048	101274519	+	0	NA	intron (NM_014918, intron 2 of 2)	intron (NM_014918, intron 2 of 2)	54765	NM_014918	22856		NM_014918	ENSG00000131873	CHSY1	CHSY|CSS1|ChSy-1|TPBS	chondroitin sulfate synthase 1	protein-coding
*-169	chr15	28885398	28956801	+	0	NA	promoter-TSS (NM_005503)	promoter-TSS (NM_005503)	-538	NM_001130414	321		NM_005503	ENSG00000034053	APBA2	D15S1518E|HsT16821|LIN-10|MGC:14091|MINT2|X11-BETA|X11L	amyloid beta precursor protein binding family A member 2	protein-coding
*-45	chr1	7608298	7647251	+	0	NA	intron (NM_001349608, intron 5 of 21)	MIR|SINE|MIR	-41956	NM_001349620	23261		NM_015215	ENSG00000171735	CAMTA1	CANPMR|CECBA	calmodulin binding transcription activator 1	protein-coding
*-117	chr7	2098898	2177301	+	0	NA	intron (NM_001304524, intron 9 of 16)	intron (NM_001304524, intron 9 of 16)	-49047	NR_145797	109623488		NR_145797		SNORA114	-	small nucleolar RNA, H/ACA box 114	snoRNA
*-96	chr18	59476548	59522351	+	0	NA	intron (NM_133459, intron 2 of 10)	THE1B|LTR|ERVL-MaLR	-140184	NM_005570	3998		NM_005570	ENSG00000074695	LMAN1	ERGIC-53|ERGIC53|F5F8D|FMFD1|MCFD1|MR60|gp58	lectin, mannose binding 1	protein-coding
*-153	chr10	1241298	1298651	+	0	NA	intron (NM_018702, intron 4 of 9)	intron (NM_018702, intron 4 of 9)	110206	NR_015376	399706		NM_001010910	ENSG00000229205	LINC00200	C10orf139|NCRNA00200	long intergenic non-protein coding RNA 200	ncRNA
*-108	chr3	97709548	97744701	+	0	NA	intron (NM_001080448, intron 15 of 17)	intron (NM_001080448, intron 15 of 17)	-37397	NM_177976	84100		NM_032146	ENSG00000113966	ARL6	BBS3|RP55	ADP ribosylation factor like GTPase 6	protein-coding
*-33	chr5	80167048	80220801	+	0	NA	intron (NM_001174072, intron 2 of 11)	intron (NM_001174072, intron 2 of 11)	62124	NM_178276	256987		NM_178276	ENSG00000164300	SERINC5	C5orf12|TPO1	serine incorporator 5	protein-coding
*-100	chr3	13497198	13588951	+	0	NA	Intergenic	Intergenic	-6051	NM_001998	2199		NM_001998	ENSG00000163520	FBLN2	-	fibulin 2	protein-coding
*-22	chr11	75301198	75348830	+	0	NA	intron (NM_020251, intron 1 of 14)	intron (NM_020251, intron 1 of 14)	10172	NR_029891	442900		NR_029891	ENSG00000199090	MIR326	MIRN326|hsa-mir-326|mir-326	microRNA 326	ncRNA
*-64	chr2	29514698	29663551	+	0	NA	intron (NM_004304, intron 3 of 28)	Chap1_Mam|DNA|hAT-Charlie	-113747	NR_136317	105374389		NR_136317		LOC105374389	-	uncharacterized LOC105374389	ncRNA
*-145	chr6	51949998	52022801	+	0	NA	intron (NM_170724, intron 35 of 60)	Tigger15a|DNA|TcMar-Tigger	101214	NM_170724	5314		NM_138694	ENSG00000170927	PKHD1	ARPKD|FCYT|FPC|PCYT|PKD4|TIGM1	PKHD1 ciliary IPT domain containing fibrocystin/polyductin	protein-coding
*-163	chr10	78288248	78320651	+	0	NA	Intergenic	Intergenic	37107	NR_073447	414243		NR_073447	ENSG00000230417	LINC00595	C10orf101	long intergenic non-protein coding RNA 595	ncRNA
*-46	chr1	15137348	15227651	+	0	NA	intron (NR_135082, intron 1 of 2)	MIRc|SINE|MIR	-10875	NR_167930	727684		NM_001278501		TMEM51-AS2	C1orf195	TMEM51 antisense RNA 2	ncRNA
*-95	chr18	49041148	49078601	+	0	NA	intron (NM_001374431, intron 16 of 16)	L1MC5|LINE|L1	-10106	NR_039898	100616420		NR_039898	ENSG00000263849	MIR4744	-	microRNA 4744	ncRNA
*-181	chr8	72208148	72248633	+	0	NA	intron (NR_033867, intron 9 of 19)	intron (NR_033867, intron 9 of 19)	23244	NR_033867	392232		NR_033867		LOC392232	-	transient receptor potential cation channel subfamily A member 1 pseudogene	pseudo
*-18	chr11	42954798	42987651	+	0	NA	Intergenic	Intergenic	298145	NR_033868	399881		NR_033868	ENSG00000293312	HNRNPKP3	-	heterogeneous nuclear ribonucleoprotein K pseudogene 3	pseudo
*-86	chr9	93176948	93255601	+	0	NA	intron (NM_001282394, intron 1 of 29)	MER33|DNA|hAT-Charlie	31344	NM_001282394	65268		NM_006648	ENSG00000165238	WNK2	NY-CO-43|P/OKcl.13|PRKWNK2|SDCCAG43	WNK lysine deficient protein kinase 2	protein-coding
*-184	chr8	139408248	139436851	+	0	NA	Intergenic	ERVL-E-int|LTR|ERVL	280574	NR_104210	51305		NM_001282534	ENSG00000169427	KCNK9	BIBARS|K2p9.1|KT3.2|TASK-3|TASK3|TASK32	potassium two pore domain channel subfamily K member 9	protein-coding
*-135	chr14	100637198	100791451	+	0	NA	Intergenic	Intergenic	-12568	NM_001317172	8788		NM_003836	ENSG00000185559	DLK1	DLK|DLK-1|Delta1|FA1|PREF1|Pref-1|ZOG|pG2	delta like non-canonical Notch ligand 1	protein-coding
*-72	chr2	148883748	149000951	+	0	NA	intron (NM_004522, intron 6 of 25)	intron (NM_004522, intron 6 of 25)	-5526	NR_111932	3800		NM_004522	ENSG00000168280	KIF5C	CDCBM2|KINN|NKHC|NKHC-2|NKHC2	kinesin family member 5C	protein-coding
*-178	chr16	87337048	87372851	+	0	NA	intron (NM_024735, intron 2 of 8)	AluSx|SINE|Alu	28827	NM_024735	79791		NM_024735	ENSG00000103264	FBXO31	FBX14|FBXO14|Fbx31|MRT45|pp2386	F-box protein 31	protein-coding
*-34	chr5	107492498	107573901	+	0	NA	intron (NM_001962, intron 1 of 4)	intron (NM_001962, intron 1 of 4)	137738	NM_001962	1946		NM_001962	ENSG00000184349	EFNA5	AF1|EFL5|EPLG7|GLC1M|LERK7|RAGS	ephrin A5	protein-coding
*-85	chr9	2466298	2526751	+	0	NA	Intergenic	L2a|LINE|L2	-125263	NM_001018056	7436		NM_003383	ENSG00000147852	VLDLR	CAMRQ1|CARMQ1|CHRMQ1|VLDL-R|VLDLRCH	very low density lipoprotein receptor	protein-coding
*-63	chr2	25228598	25338914	+	0	NA	intron (NR_135490, intron 3 of 23)	intron (NR_135490, intron 3 of 23)	-31441	NM_153759	1788		NM_022552	ENSG00000119772	DNMT3A	DNMT3A2|HESJAS|M.HsaIIIA|TBRS	DNA methyltransferase 3 alpha	protein-coding
*-170	chr15	37204298	37247101	+	0	NA	Intergenic	L2a|LINE|L2	-124388	NM_001220482	4212		NM_002399	ENSG00000134138	MEIS2	CPCMR|HsT18361|MRG1	Meis homeobox 2	protein-coding
*-187	chr19	5921848	5970401	+	0	NA	intron (NM_007320, intron 2 of 15)	intron (NM_007320, intron 2 of 15)	31870	NM_004058	828		NM_004058	ENSG00000105519	CAPS	CAPS1	calcyphosine	protein-coding
*-8	chr12	40722048	40770651	+	0	NA	intron (NM_001256063, intron 1 of 15)	intron (NM_001256063, intron 1 of 15)	53907	NM_001256063	1272		NM_001843	ENSG00000018236	CNTN1	CMYP12|F3|GP135|MYPCN	contactin 1	protein-coding
*-37	chr5	126785348	126848301	+	0	NA	intron (NR_134488, intron 6 of 11)	L1MC3|LINE|L1	39688	NM_001198557	4001		NM_005573	ENSG00000113368	LMNB1	ADLD|LMN|LMN2|LMNB|MCPH26	lamin B1	protein-coding
*-148	chr6	136484748	136523212	+	0	NA	intron (NM_003980, intron 1 of 17)	L1ME3Cz|LINE|L1	22233	NM_001198609	9053		NM_003980	ENSG00000135525	MAP7	E-MAP-115|EMAP115	microtubule associated protein 7	protein-coding
*-60	chr1	242421948	242446481	+	0	NA	intron (NM_001320272, intron 2 of 10)	L2a|LINE|L2	15254	NM_001195812	200150		NM_152666	ENSG00000180287	PLD5	PLDC	phospholipase D family member 5	protein-coding
*-140	chr6	21132898	21161101	+	0	NA	intron (NM_017774, intron 13 of 15)	intron (NM_017774, intron 13 of 15)	364893	NR_103790	100874531		NR_103790	ENSG00000280989	LINC00581	linc-MBOAT1-4	long intergenic non-protein coding RNA 581	ncRNA
*-105	chr3	51991198	52092151	+	0	NA	Intergenic	Intergenic	14897	NM_001947	1849		NM_001947	ENSG00000164086	DUSP7	MKPX|PYST2	dual specificity phosphatase 7	protein-coding
*-129	chrX	119653898	119689401	+	0	NA	intron (NM_145799, intron 2 of 10)	AluJb|SINE|Alu	21519	NM_145800	23157		NM_015129	ENSG00000125354	SEPTIN6	SEP2|SEPT2|SEPT6|Septin-6	septin 6	protein-coding
*-52	chr1	95369198	95412851	+	0	NA	Intergenic	Intergenic	-38917	NR_146486	101928169		NR_146486		LINC01650	-	long intergenic non-protein coding RNA 1650	ncRNA
*-122	chr7	50457448	50578701	+	0	NA	intron (NM_001242889, intron 4 of 12)	AluY|SINE|Alu	-13685	NR_033845	100129427		NR_033845	ENSG00000226122	DDC-AS1	-	DDC antisense RNA 1	ncRNA
*-111	chr3	133096198	133152901	+	0	NA	promoter-TSS (NM_001282865)	promoter-TSS (NM_001282865)	-272	NM_001282865	66000		NM_023943	ENSG00000144868	TMEM108	CT124|RTLN	transmembrane protein 108	protein-coding
*-166	chr10	88340748	88389801	+	0	NA	intron (NM_018363, intron 4 of 6)	intron (NM_018363, intron 4 of 6)	218044	NM_001031709	55328		NM_018363	ENSG00000184719	RNLS	C10orf59|RENALASE	renalase, FAD dependent amine oxidase	protein-coding
*-11	chr12	112794742	112903775	+	0	NA	intron (NM_001347955, intron 4 of 20)	intron (NM_001347955, intron 4 of 20)	57510	NM_014954	22895		NM_014954	ENSG00000089169	RPH3A	-	rabphilin 3A	protein-coding
*-19	chr11	68315607	68343851	+	0	NA	intron (NM_002335, intron 1 of 22)	intron (NM_002335, intron 1 of 22)	17138	NM_002335	4041		NM_002335	ENSG00000162337	LRP5	BMND1|EVR1|EVR4|HBM|LR3|LRP-5|LRP-7|LRP7|OPPG|OPS|OPTA1|PCLD4|VBCH2	LDL receptor related protein 5	protein-coding
*-9	chr12	78975698	79039351	+	0	NA	intron (NM_001291901, intron 2 of 9)	intron (NM_001291901, intron 2 of 9)	-38168	NM_001135806	6857		NM_005639	ENSG00000067715	SYT1	BAGOS|P65|SVP65|SYT	synaptotagmin 1	protein-coding
*-114	chr3	149874698	149910851	+	0	NA	intron (NR_165474, intron 4 of 10)	MER1B|DNA|hAT-Charlie	78121	NM_002628	5217		NM_002628	ENSG00000070087	PFN2	D3S1319E|PFL	profilin 2	protein-coding
*-191	chr19	31300798	31345451	+	0	NA	intron (NR_138034, intron 1 of 1)	L1ME4a|LINE|L1	26312	NR_138034	57616		NM_020856	ENSG00000121297	TSHZ3	TSH3|ZNF537	teashirt zinc finger homeobox 3	protein-coding
*-156	chr10	20858698	20998551	+	0	NA	intron (NM_001377324, intron 4 of 6)	L2|LINE|L2	-31313	NM_006393	10529		NM_006393	ENSG00000078114	NEBL	C10orf113|LASP2|LNEBL|bA165O3.1	nebulette	protein-coding
*-175	chr16	4367298	4412001	+	0	NA	intron (NM_001351729, intron 7 of 27)	intron (NM_001351729, intron 7 of 27)	17801	NM_138440	114990		NM_138440	ENSG00000168140	VASN	SLITL2	vasorin	protein-coding
*-138	chr22	40308748	40339051	+	0	NA	3' UTR (NM_001162501, exon 23 of 23)	3' UTR (NM_001162501, exon 23 of 23)	-22601	NM_001363840	158		NM_000026	ENSG00000239900	ADSL	AMPS|ASASE|ASL	adenylosuccinate lyase	protein-coding
*-30	chr5	36155041	36178401	+	0	NA	intron (NM_001243120, intron 3 of 7)	intron (NM_001243120, intron 3 of 7)	14610	NM_005983	6502		NM_005983	ENSG00000145604	SKP2	FBL1|FBXL1|FLB1|p45	S-phase kinase associated protein 2	protein-coding
*-4	chr4	87016998	87111501	+	0	NA	intron (NM_001313959, intron 3 of 19)	intron (NM_001313959, intron 3 of 19)	57248	NM_005935	4299		NM_005935	ENSG00000172493	AFF1	AF4|FEL|MLLT2|PBM1	ALF transcription elongation factor 1	protein-coding
*-67	chr2	50998398	51026901	+	0	NA	intron (NM_004801, intron 2 of 21)	intron (NM_004801, intron 2 of 21)	19483	NM_001330081	9378		NM_004801	ENSG00000179915	NRXN1	Hs.22998|PTHSL2|SCZD17	neurexin 1	protein-coding
*-130	chr14	54806248	54896051	+	0	NA	intron (NM_001024024, intron 3 of 6)	L1PA5|LINE|L1	27044	NR_036194	100422984		NR_036194	ENSG00000265432	MIR4308	-	microRNA 4308	ncRNA
*-78	chr2	235629698	235760951	+	0	NA	intron (NM_001037131, intron 1 of 17)	HAL1b|LINE|L1	-177403	NR_146582	27321		NR_146582		TNRC17	CAGL234	trinucleotide repeat containing 17	ncRNA
*-35	chr5	124696798	124750351	+	0	NA	intron (NM_001385621, intron 1 of 8)	AluSx1|SINE|Alu	23065	NM_020747	57507		NM_020747	ENSG00000168916	ZNF608	NY-REN-36	zinc finger protein 608	protein-coding
*-84	chr17	78703448	78742751	+	0	NA	intron (NM_017456, intron 1 of 12)	intron (NM_017456, intron 1 of 12)	631	NM_001365041	9267		NM_004762	ENSG00000108669	CYTH1	B2-1|CYTOHESIN-1|D17S811E|PSCD1|SEC7	cytohesin 1	protein-coding
*-106	chr3	84961980	85009201	+	0	NA	intron (NM_001381964, intron 2 of 10)	intron (NM_001381964, intron 2 of 10)	26601	NM_001375964	253559		NM_153184	ENSG00000175161	CADM2	IGSF4D|NECL3|Necl-3|SynCAM 2|SynCAM-2|synCAM2	cell adhesion molecule 2	protein-coding
*-93	chr18	37421098	37577401	+	0	NA	intron (NR_148519, intron 1 of 12)	intron (NR_148519, intron 1 of 12)	-13457	NM_001353756	56853		NM_020180	ENSG00000101489	CELF4	BRUNOL4|CELF-4	CUGBP Elav-like family member 4	protein-coding
*-12	chr11	8033398	8111951	+	0	NA	intron (NM_003320, intron 2 of 12)	MIRc|SINE|MIR	-8537	NM_177972	7275		NM_003320	ENSG00000166402	TUB	RDOB|rd5	TUB bipartite transcription factor	protein-coding
*-51	chr1	95306198	95327601	+	0	NA	intron (NR_135588, intron 1 of 1)	LFSINE_Vert|SINE|tRNA	1364	NR_135588	100996630		NR_135588	ENSG00000228504	LINC01760	-	long intergenic non-protein coding RNA 1760	ncRNA
*-112	chr3	139525748	139543351	+	0	NA	intron (NM_001130992, intron 2 of 2)	intron (NM_001130992, intron 2 of 2)	5087	NM_001365940	5947		NM_002899	ENSG00000114115	RBP1	CRABP-I|CRBP|CRBP1|CRBPI|RBPC|hCRBP1	retinol binding protein 1	protein-coding
*-36	chr5	125479698	125490259	+	0	NA	Intergenic	Intergenic	-8283	NR_109887	101927460		NR_109887	ENSG00000260192	LINC02240	-	long intergenic non-protein coding RNA 2240	ncRNA
*-121	chr7	30447448	30473901	+	0	NA	intron (NM_001354849, intron 1 of 12)	intron (NM_001354849, intron 1 of 12)	18110	NM_006092	10392		NM_006092	ENSG00000106100	NOD1	CARD4|CLR7.1|NLRC1|hNod1	nucleotide binding oligomerization domain containing 1	protein-coding
*-59	chr1	235543148	235646992	+	0	NA	intron (NM_004485, intron 1 of 2)	intron (NM_004485, intron 1 of 2)	54714	NM_001098722	2786		NM_004485	ENSG00000168243	GNG4	HG3C	G protein subunit gamma 4	protein-coding
*-43	chr5	173691998	173731551	+	0	NA	intron (NR_108027, intron 2 of 2)	(GATG)n|Simple_repeat|Simple_repeat	22315	NR_146727	105377736		NR_146727	ENSG00000253428	LINC01942	-	long intergenic non-protein coding RNA 1942	ncRNA
*-124	chr7	111094004	111120901	+	0	NA	intron (NM_001099658, intron 2 of 2)	intron (NM_001099658, intron 2 of 2)	16325	NM_018334	54674		NM_018334	ENSG00000173114	LRRN3	FIGLER5|NLRR-3|NLRR3	leucine rich repeat neuronal 3	protein-coding
*-133	chr14	92876998	93112917	+	0	NA	intron (NM_014216, intron 4 of 10).2	MLT1C|LTR|ERVL-MaLR	42017	NM_001363707	3705		NM_014216	ENSG00000100605	ITPK1	ITRPK1	inositol-tetrakisphosphate 1-kinase	protein-coding
*-28	chr11	126100848	126117951	+	0	NA	Intergenic	MIRb|SINE|MIR	-46107	NM_001243597	50937		NM_016952	ENSG00000064309	CDON	CDO|CDON1|HPE11|Ihog|ORCAM	cell adhesion associated, oncogene regulated	protein-coding
*-176	chr16	12750398	12795301	+	0	NA	intron (NM_018340, intron 2 of 3)	MER46C|DNA|TcMar-Tigger	31038	NM_018340	55313		NM_018340	ENSG00000103381	CPPED1	CSTP1	calcineurin like phosphoesterase domain containing 1	protein-coding
*-155	chr10	14647348	14675451	+	0	NA	intron (NM_001282695, intron 2 of 5)	MLT2B1|LTR|ERVL	-56998	NM_001282697	83641		NM_031453	ENSG00000065809	FAM107B	C10orf45|HITS	family with sequence similarity 107 member B	protein-coding
*-94	chr18	46401798	46439301	+	0	NA	intron (NM_001256758, intron 1 of 5)	intron (NM_001256758, intron 1 of 5)	86325	NR_046357	494470		NM_152470	ENSG00000141622	ARK2C	ARKL2|RNF111L2|RNF165|lncAMPC	arkadia (RNF111) C-terminal like ring finger ubiquitin ligase 2C	protein-coding
*-119	chr7	8324398	8380851	+	0	NA	Intergenic	L1HS|LINE|L1	-80985	NM_152745	30010		NM_152745	ENSG00000122584	NXPH1	NPH1|Nbla00697	neurexophilin 1	protein-coding
*-83	chr17	57739098	57764951	+	0	NA	Intergenic	Intergenic	-6725	NM_001282544	101927581		NM_001282544	ENSG00000166329	CCDC182	-	coiled-coil domain containing 182	protein-coding
*-65	chr2	29731798	29822151	+	0	NA	intron (NM_004304, intron 1 of 28)	intron (NM_004304, intron 1 of 28)	144612	NM_004304	238		NM_004304	ENSG00000171094	ALK	ALK1|CD246|NBLST3	ALK receptor tyrosine kinase	protein-coding
*-44	chr1	7450148	7595801	+	0	NA	intron (NM_001349608, intron 5 of 21)	AluSq|SINE|Alu	-133220	NR_146199	102725193		NR_146199	ENSG00000237728	CAMTA1-AS2	-	CAMTA1 antisense RNA 2	ncRNA
*-143	chr6	40395898	40446851	+	0	NA	intron (NM_020737, intron 2 of 2)	MER4B|LTR|ERV1	43037	NR_160959	732253		NM_001359094	ENSG00000204091	TDRG1	LINC00532|lincRNA-NR_024015	testis development related 1	ncRNA
*-165	chr10	88191798	88229101	+	0	NA	Intergenic	Intergenic	346824	NM_001304718	5728		NM_000314	ENSG00000171862	PTEN	10q23del|BZS|CWS1|DEC|GLM2|MHAM|MMAC1|PTEN1|PTENbeta|TEP1	phosphatase and tensin homolog	protein-coding
*-66	chr2	44743698	44779051	+	0	NA	intron (NM_024766, intron 9 of 10)	L2c|LINE|L2	177514	NR_147194	107985879		NR_147194	ENSG00000259439	LINC01833	K21.1|RP11-89	long intergenic non-protein coding RNA 1833	ncRNA
*-71	chr2	136056198	136086851	+	0	NA	Intergenic	Intergenic	44711	NM_001008540	7852		NM_003467	ENSG00000121966	CXCR4	CD184|D2S201E|FB22|HM89|HSY3RR|LAP-3|LAP3|LCR1|LESTR|NPY3R|NPYR|NPYRL|NPYY3R|WHIM|WHIMS|WHIMS1	C-X-C motif chemokine receptor 4	protein-coding
*-80	chr13	51715398	51801161	+	0	NA	exon (NM_052950, exon 11 of 12)	exon (NM_052950, exon 11 of 12)	45456	NM_001377932	79758		NM_024705	ENSG00000102796	DHRS12	SDR40C1	dehydrogenase/reductase 12	protein-coding
*-146	chr6	79778298	79809245	+	0	NA	Intergenic	Intergenic	18475	NR_131786	89758		NM_001243308		LINC01621	C6orf7	long intergenic non-protein coding RNA 1621	ncRNA
*-79	chr2	239179348	239348803	+	0	NA	intron (NM_006037, intron 2 of 26)	intron (NM_006037, intron 2 of 26)	-41387	NR_036229	100423043		NR_036229	ENSG00000265215	MIR4269	-	microRNA 4269	ncRNA
*-97	chr3	4496346	4663301	+	0	NA	intron (NM_002222, intron 4 of 57)	intron (NM_002222, intron 4 of 57)	86475	NM_001168272	3708		NM_002222	ENSG00000150995	ITPR1	ACV|CLA4|INSP3R1|IP3R|IP3R1|PPP1R94|SCA15|SCA16|SCA29	inositol 1,4,5-trisphosphate receptor type 1	protein-coding
*-58	chr1	228863198	228912301	+	0	NA	Intergenic	L1MC5a|LINE|L1	152270	NM_021205	58480		NM_021205	ENSG00000116574	RHOU	ARHU|CDC42L1|G28K|WRCH1|hG28K	ras homolog family member U	protein-coding
*-182	chr8	79144648	79202501	+	0	NA	Intergenic	L1P1|LINE|L1	-158614	NR_162137	113219456		NR_162137		MIR12123	-	microRNA 12123	ncRNA
*-47	chr1	22315448	22379801	+	0	NA	Intergenic	L1MC4|LINE|L1	81385	NR_039613	100616433		NR_039613	ENSG00000266564	MIR4418	-	microRNA 4418	ncRNA
*-6	chr4	140857098	140908551	+	0	NA	intron (NM_020724, intron 6 of 6)	L1M4c|LINE|L1	-126439	NM_015130	23158		NM_015130	ENSG00000109436	TBC1D9	GRAMD9|MDR1	TBC1 domain family member 9	protein-coding
*-173	chr15	78587198	78711901	+	0	NA	Intergenic	MER58C|DNA|hAT-Charlie	-8339	NM_000750	1143		NM_000750	ENSG00000117971	CHRNB4	-	cholinergic receptor nicotinic beta 4 subunit	protein-coding
*-136	chr14	104265898	104306051	+	0	NA	intron (NR_146612, intron 1 of 2)	intron (NR_146612, intron 1 of 2)	62390	NR_146612	145195		NR_146611	ENSG00000258913	LINC02691	C14orf144	long intergenic non-protein coding RNA 2691	ncRNA
*-21	chr11	69153698	69219801	+	0	NA	Intergenic	Intergenic	-15187	NR_104161	338694		NR_104161	ENSG00000261070	LOC338694	-	uncharacterized LOC338694	ncRNA
*-90	chr9	129382248	129434451	+	0	NA	Intergenic	L2a|LINE|L2	71426	NR_120685	100506119		NR_120685	ENSG00000233901	LINC01503	-	long intergenic non-protein coding RNA 1503	ncRNA
*-158	chr10	32269048	32335551	+	0	NA	intron (NR_168511, intron 2 of 13)	L1MD2|LINE|L1	44859	NR_168509	80314		NM_025209	ENSG00000120616	EPC1	Epl1	enhancer of polycomb homolog 1	protein-coding
*-189	chr19	30230848	30286701	+	0	NA	intron (NM_001376111, intron 1 of 5)	AluSz|SINE|Alu	30264	NM_001376111	9745		NM_014717	ENSG00000198597	ZNF536	-	zinc finger protein 536	protein-coding
*-29	chr11	133911798	133967251	+	0	NA	intron (NM_001277285, intron 3 of 19)	L2a|LINE|L2	17444	NM_001277285	22997		NM_014987	ENSG00000080854	IGSF9B	LINC00947|MIR4697HG	immunoglobulin superfamily member 9B	protein-coding
*-87	chr9	95120598	95140351	+	0	NA	intron (NM_001243743, intron 8 of 14)	intron (NM_001243743, intron 8 of 14)	-44380	NR_036109	100422842		NR_036109	ENSG00000207617	MIR3074	mir-3074	microRNA 3074	ncRNA
*-150	chr20	37200898	37252501	+	0	NA	intron (NM_001324299, intron 11 of 16)	intron (NM_001324299, intron 11 of 16)	35115	NM_021081	2691		NM_021081	ENSG00000118702	GHRH	GHRF|GRF|INN	growth hormone releasing hormone	protein-coding
*-3	chr4	52982048	53028251	+	0	NA	intron (NM_152540, intron 5 of 8)	AluSz|SINE|Alu	142832	NM_023940	65997		NM_023940	ENSG00000128045	RASL11B	-	RAS like family 11 member B	protein-coding
*-40	chr5	154502898	154529451	+	0	NA	Intergenic	Intergenic	-37947	NM_004821	9421		NM_004821	ENSG00000113196	HAND1	Hxt|Thing1|bHLHa27|eHand	heart and neural crest derivatives expressed 1	protein-coding
*-103	chr3	27116898	27134201	+	0	NA	intron (NM_001304384, intron 13 of 16)	intron (NM_001304384, intron 13 of 16)	90974	NM_001304384	152110		NM_152534	ENSG00000163491	NEK10	CILD44	NIMA related kinase 10	protein-coding
*-160	chr10	43037848	43131351	+	0	NA	intron (NM_020975, intron 1 of 19)	intron (NM_020975, intron 1 of 19)	7530	NM_020975	5979		NM_020630	ENSG00000165731	RET	CDHF12|CDHR16|HSCR1|MEN2A|MEN2B|MTC1|PTC|RET-ELE1	ret proto-oncogene	protein-coding
*-168	chr10	110759198	110804701	+	0	NA	intron (NM_001134363, intron 2 of 13)	intron (NM_001134363, intron 2 of 13)	88955	NR_026932	282997		NR_026932		PDCD4-AS1	-	PDCD4 antisense RNA 1	ncRNA
*-127	chr7	141143298	141231751	+	0	NA	intron (NM_001195278, intron 1 of 3)	L1PA4|LINE|L1	113460	NM_001195278	100507421		NM_001195278	ENSG00000261115	TMEM178B	-	transmembrane protein 178B	protein-coding
