"chr","start","end","CM_24h_ATAC_S165170_REP1","CM_24h_ATAC_S165170_REP2","CM_48h_ATAC_S165167_REP1","CM_48h_ATAC_S165167_REP2","CM_control_ATAC_S165169_REP1","CM_control_ATAC_S165169_REP2","SH_24h_ATAC_S165164_REP1","SH_24h_ATAC_S165164_REP2","SH_48h_ATAC_S165165_REP1","SH_48h_ATAC_S165165_REP2","SH_control_ATAC_S165166_REP1","SH_control_ATAC_S165166_REP2"
1,8361497,8420686,0.12750753221365,0.1243602983724,0.151526593701291,0.148976864537721,0.117231062414613,0.103590271541748,0.227004990131597,0.206743475446784,0.242951297032184,0.203795323201187,0.2223915713428,0.18893140307973
1,8651947,8719251,0.165386802524591,0.159452690014618,0.170721101211382,0.193365124412703,0.18280428821153,0.188874196149188,0.196638334886468,0.210840286616161,0.2426522511991,0.237144498463323,0.223268990330741,0.223417165542233
1,15876747,15919451,0.163534337820498,0.175523781477966,0.1487013425921,0.146795045908559,0.132029164041894,0.149503647838597,0.152703033681509,0.150201108363951,0.146290521198976,0.160681999475319,0.133385405862939,0.142099683491401
1,22062647,22113501,0.0738876783903187,0.0780329044842204,0.0855799107465796,0.0720961112607067,0.0768893576572826,0.0768154880647254,0.164069636862669,0.138227029040917,0.14835951199123,0.136897550661929,0.14362445667086,0.13535979639315
1,24764497,24804201,0.0803873484912637,0.092181230846944,0.0869857571598683,0.0959859678955598,0.0988213949836938,0.110802315954853,0.119509891654738,0.105954562960042,0.101760106855562,0.110817791364316,0.0939802068004179,0.093485837227662
1,30961597,31055101,0.0878131782377325,0.11376511343508,0.0865817966144021,0.0887441715492787,0.0930402234177729,0.0927205171541304,0.142702560215961,0.124405108186773,0.135550701959243,0.118407363734879,0.114236702453063,0.131028783299861
1,36342397,36377001,0.247920673939116,0.265704420367439,0.247562541798854,0.237549540439854,0.254843586711713,0.300883618427992,0.342444478037513,0.415032684581549,0.443244431218339,0.370562002723321,0.445304160118262,0.398213865724555
1,39102947,39272851,0.154461437323231,0.166644650047658,0.142828163743812,0.168765004184819,0.160909080074997,0.153802047794753,0.223135217547809,0.217324139688375,0.232581373169393,0.225118263348129,0.220161220830817,0.212226739695469
1,39375747,39427701,0.192371105949859,0.213920717868328,0.187263377944673,0.188031532854149,0.206683895964067,0.228271975242542,0.339216918857616,0.311529957145413,0.291488002200206,0.274008897555128,0.287277151538195,0.308023022270227
1,42924547,42953701,0.139481572440412,0.172282000470605,0.132575327825342,0.107178354991517,0.250426426766324,0.239785326180169,0.24564469701958,0.239914134370104,0.199396298085189,0.248323458336381,0.267667705941496,0.311669570814854
1,51619871,51673751,0.163557027503301,0.189584976327093,0.15790793706543,0.151172925145639,0.189896303152075,0.158219291965642,0.191252801672457,0.176989616215194,0.212425330177803,0.191785459280001,0.205830298376347,0.226342353824063
1,66517297,66635601,0.13788202144394,0.126185862323949,0.133913779509526,0.130852061089564,0.123074167337351,0.129959704837396,0.174024965627501,0.162228877425983,0.144155079236076,0.1467121624111,0.148551706410367,0.141658730298966
1,76022997,76110101,0.142303812121319,0.149447492134601,0.159630384839348,0.140772747423474,0.167543024875702,0.163232272872501,0.196272906269759,0.187829111210872,0.207461942656396,0.191357436415388,0.187435440430724,0.167601989496343
1,85313097,85385301,0.125314280101267,0.139523754838928,0.125210374484887,0.129390843542477,0.143969821852236,0.126864701571536,0.178979677742528,0.186878743082328,0.162836313472083,0.138153527951469,0.190694072574994,0.169158188178056
1,85427447,85462205,0.108135127016834,0.071708594540846,0.0850684713552409,0.1066112144091,0.104822688737031,0.076534168064427,0.154341919850543,0.179693722556523,0.169259777488162,0.219070923668084,0.145172765978359,0.148641074629306
1,85548747,85585701,0.263089368383274,0.250881872320161,0.268387371833594,0.260172825652856,0.25466552311298,0.269438203414218,0.619721725861477,0.625466248858569,0.501977403154597,0.553407546061004,0.694954158439008,0.55215890682518
1,93606097,93645601,0.133619770357381,0.125892546669622,0.137746573439892,0.131875185244903,0.119584075375291,0.14660643416278,0.23457852498546,0.256102286510194,0.224232938993945,0.286520005550045,0.220845127459918,0.246947856005722
1,115298747,115335151,0.192700819745093,0.158132613756746,0.220054506349745,0.224198459842484,0.182509737815136,0.210171201200812,0.158504050852436,0.160227013007374,0.168083045052751,0.172476027978029,0.163374855800763,0.158405344409933
1,156086247,156141351,0.503226837402894,0.527770532035139,0.538274869646895,0.516616506131282,0.520462486679761,0.438970046721417,0.582877858836683,0.574772063574879,0.757581280861775,0.714189553439688,0.712720782234405,0.693409132060605
1,157996270,158050551,0.235625877489055,0.267661664169911,0.253725293210648,0.263582757384974,0.265174850871557,0.238427541553507,0.303414923694263,0.311631389017299,0.299208879722438,0.284149773457417,0.26183189738797,0.27875902878034
1,162653747,162723901,0.152781365321903,0.16691627097214,0.146042696655021,0.156070348146883,0.154942547237559,0.124118182793992,0.183428234889581,0.179552886957018,0.165290968586749,0.179818583348948,0.180558422810082,0.178949492097501
1,163033097,163057701,0.342972432589168,0.264216081788011,0.285423411550212,0.314091249208609,0.292601864924139,0.28824642171128,0.430742082011068,0.436543541851121,0.407477486911594,0.445763950446698,0.371678460885049,0.342924527722208
1,181092697,181117901,0.463152359704501,0.500284808648961,0.400196655588592,0.40034078231448,0.421432485567416,0.394761021646418,0.4997461279214,0.522771701075452,0.451186632624394,0.461366065465657,0.456885101830671,0.430178115462123
1,183026457,183071551,0.193935652127581,0.274765408373139,0.261207876643227,0.271142496416194,0.226478555095184,0.238820800449088,0.255809984718981,0.16009313092833,0.162442167618472,0.266895699427885,0.234517681175141,0.262233438318437
1,198254597,198295951,0.106560593742102,0.106159515623959,0.113837468556482,0.125927987740794,0.10860960055755,0.103172688035778,0.148702240173405,0.170665302450516,0.112831293166757,0.124678225517413,0.129576404221373,0.145647319503115
1,203506147,203560001,0.216253861547737,0.247355275801054,0.24327340069935,0.258179322593558,0.214742432783442,0.232002537619556,0.2603460696812,0.202389820843295,0.286284182611551,0.280211479878736,0.306789247172897,0.305443540777444
1,203663097,203697401,0.175469491409888,0.149802822707434,0.168312052452847,0.166871814615507,0.198054637090026,0.17348011389052,0.213500135261266,0.194799305400353,0.263900892114948,0.267700329894258,0.207557757524725,0.239771922846683
1,204408247,204440051,0.433990163321278,0.395924994264498,0.430522744417368,0.341442355490084,0.397445526933712,0.375730631342288,0.360113637446915,0.312529792022889,0.324733628548967,0.380159675579323,0.382642293902751,0.378798821065357
1,218449847,218501301,0.208475387869271,0.235050692757497,0.262770412583741,0.186620106755004,0.265336853640825,0.288837904753793,0.145947975610684,0.175399656831033,0.174744640746075,0.144673922505528,0.182872855248463,0.1750058205726
1,223704647,223734151,0.377861440817281,0.358655323925807,0.386143647236132,0.408097120809203,0.378539943971654,0.398353891649384,0.4577558408668,0.451422129091917,0.468993094260581,0.424189324108091,0.483707844486982,0.440352421285235
1,223747397,223789651,0.127246098700681,0.139260146365582,0.124769806249046,0.12084721965075,0.138590174218832,0.152619588508451,0.189497032881058,0.1910475766252,0.187207834049909,0.160875815490312,0.175261806148746,0.173812997507158
1,234956997,235001201,0.280833777771964,0.293417117785334,0.283180452910023,0.313577450266911,0.339645268026073,0.292625152823463,0.243665620395942,0.273890114938317,0.321282252407435,0.268212015349532,0.270762556936541,0.260726387676312
1,243246597,243291601,0.40162521791487,0.434693012249281,0.413594564811938,0.388253528352528,0.373085633806325,0.413320404040245,0.407533266777061,0.29683198471523,0.434896342548778,0.387933455713601,0.389357761488367,0.274783479913955
10,3071624,3114001,0.221316770719946,0.21000941823844,0.233852080682907,0.228295513651639,0.212719506763044,0.225044185220728,0.270208798295072,0.294242314505956,0.217089527031308,0.275584121268043,0.227457985799387,0.210368768482622
10,4765947,4781801,0.296666733331759,0.282328607195713,0.246256935434202,0.237386027414715,0.231950818556129,0.193364919616765,0.179931328274631,0.218636014424195,0.230628413267575,0.23064943593501,0.196954495040237,0.201662080654685
10,17198947,17218401,0.270633665873368,0.281233936955765,0.244594894240736,0.244553916174387,0.284817225031805,0.29203277678591,0.27922183115521,0.313179637723428,0.273151496442361,0.327274544396185,0.329439209192206,0.320783811721936
10,28539747,28607351,0.0905907656638959,0.0984201202874874,0.102360510011553,0.0900978254546182,0.121157516765776,0.080493872557304,0.14868357200802,0.153202597658466,0.100235982293743,0.0969956570448894,0.113748921746325,0.106176563866692
10,32938556,32963651,0.305234080409616,0.321267610541551,0.284396034409613,0.283328932305393,0.263365640056001,0.262731089674893,0.335403611906032,0.37027408281172,0.35696560032097,0.30175825474743,0.333416555501341,0.322479735797628
10,33210847,33241751,0.174018149580128,0.151074652269971,0.150617980085727,0.162948744584772,0.188573604833351,0.170528815294795,0.151688760905536,0.152116925996858,0.138687908936077,0.151822628026647,0.190589986215254,0.15832449023153
10,52516047,52542901,0.221667697669559,0.251231309609348,0.224692841126819,0.247866835333444,0.21499670041684,0.1465875398673,0.152717904279817,0.120732679617617,0.156586635278828,0.171680741944592,0.157729185348116,0.135413549592513
10,61991497,62095251,0.178282856615087,0.186218890494784,0.207715861835651,0.200077683256582,0.178487454270606,0.188132892534115,0.185818581213679,0.202343615449386,0.178123394112853,0.178550381549485,0.180500048810254,0.173720324205986
10,62224097,62264501,0.149596972792942,0.164747267985878,0.102955452472377,0.132961096503786,0.146353044888635,0.147112757595387,0.127645205447243,0.122091086770798,0.147127968008058,0.140864192909782,0.161117919145426,0.14052005493314
10,71835247,71861901,0.444796576390389,0.46724820563766,0.455063238106727,0.4419196233638,0.423364217524247,0.468708478684577,0.30077515793187,0.293938700272465,0.391168046948261,0.401639132271699,0.463978529307934,0.484656265258017
10,74049647,74090251,0.12264761401845,0.117577150524702,0.10874107987146,0.116833109046021,0.117627914855084,0.110025621547527,0.125906055998867,0.122701373100638,0.130433992048665,0.107625072871573,0.115491572498766,0.113985434488787
10,77494247,77535201,0.300560473622414,0.329129880596011,0.272783736568192,0.264153116343856,0.3148511418518,0.303104350517087,0.234529011466731,0.220773975122813,0.276112576660966,0.284221873942481,0.294490596157254,0.30703442435373
10,90913547,90937551,0.357836099577281,0.263892325253183,0.264724146788018,0.285409855996522,0.497505804864793,0.443509786070811,0.191171551769637,0.225847480423585,0.207398711933075,0.190691496617418,0.25374253877973,0.280867267759844
10,93435197,93479316,0.33830282620045,0.341773840930122,0.289529331257917,0.315592776287526,0.371421745989056,0.335922069071094,0.316815991046762,0.290077790144719,0.345088819354714,0.31988754772351,0.369667902175203,0.324161101584463
10,99945397,100006952,0.17954681206046,0.234687443260934,0.207253358229342,0.233460981626855,0.199739153255464,0.207172487438955,0.190961441382172,0.235606470277401,0.227015380761947,0.218336937048312,0.206524715910382,0.231927976254011
10,126198347,126264901,0.199760345908484,0.177895495068896,0.160841658689754,0.196529937216676,0.204092080512629,0.202863014397693,0.220708263073367,0.213173328423901,0.190729635556515,0.18449850251143,0.173043972070429,0.186759293964555
11,8704047,8734001,0.3453866936164,0.367091134874982,0.357848358675643,0.310803581517191,0.381226204451004,0.341386187011064,0.281353274681686,0.243916926593002,0.279945264479236,0.280223958784584,0.315997724656013,0.30479389109444
11,9564747,9593851,0.497321802519175,0.522825377703768,0.498666618131003,0.484601735412895,0.425794213303168,0.462271646066892,0.382992640514698,0.339960627992831,0.454499604119073,0.403709980084996,0.443060926467055,0.439855812410326
11,11967747,12002851,0.249684042868774,0.245311978701753,0.261644623622542,0.244970163938139,0.25105813629565,0.273610490757477,0.292175452232719,0.299773435161702,0.284366702157458,0.322369094598243,0.286727230115525,0.270381562746642
11,12156847,12238251,0.271774160540375,0.321426056751365,0.279181562898435,0.244714818138116,0.31712580056036,0.316343434986447,0.2004202080403,0.21180361719562,0.202166683739191,0.208403215253748,0.244562358040422,0.227495267925969
11,19861497,20113851,0.174197790619049,0.177141070960866,0.180969154399543,0.191821244784444,0.205209218537563,0.19895372246343,0.184870007113127,0.182723723305816,0.153136687866814,0.158274228427304,0.162155890776607,0.162611823994409
11,47499597,47549701,0.161347390029251,0.183225208552758,0.141851744839388,0.173638648200749,0.150022162667247,0.127249324336968,0.19004858768358,0.220096843242586,0.215871370917518,0.200363751875847,0.146767384791229,0.164913313136696
11,57764759,57800701,0.280587965297614,0.266612083240789,0.315529526067008,0.289224497989044,0.337800466389582,0.32071410081499,0.288280643630665,0.296347858334141,0.240352436662745,0.297864791751293,0.267315691518477,0.255509890618054
11,65471697,65503201,0.72899974475156,0.782180079449622,0.81917243086894,0.755672794925379,0.820979881036555,0.793636436676948,0.560771674346115,0.585284781603814,0.847781100515362,0.822075504614911,0.712806430987048,0.797445162285499
11,66066197,66134001,0.253870239447383,0.257238201593748,0.280302326344802,0.283687642617849,0.244057531753411,0.232001395098474,0.235256090582669,0.231837887181628,0.281107944390611,0.285845991202246,0.279485628598424,0.274260445871244
11,72023997,72043951,0.718750322577793,0.687562864100291,0.787108518365607,0.682685643212418,0.568663128158601,0.664993448117855,0.531379421662867,0.61814407400458,0.783978350041136,0.710671883615686,0.575455551743694,0.625641117432115
11,74121747,74163301,0.262116985174248,0.210202932278189,0.210373104238604,0.197716140112592,0.165973670130449,0.231672025296089,0.14075950558034,0.244016374246122,0.211266403360622,0.168826171815525,0.233590986271635,0.137991694463178
11,86717847,86763301,0.236858496255141,0.258480492282133,0.248337519973659,0.278899402994032,0.310728888106581,0.32750687203735,0.189508513716927,0.205162573027196,0.155863748295296,0.177091375620045,0.222484364325471,0.216438929682218
11,94771339,94807201,0.160362330849522,0.245678468049487,0.190798720130389,0.137486750472666,0.241034769735715,0.218964671263245,0.206063473887567,0.190296460827581,0.321080475132517,0.170269290478125,0.216238867859996,0.225386050945159
11,96045247,96167601,0.189598632325539,0.18574460657742,0.185357870293116,0.171860517266045,0.172484570010227,0.167043218947025,0.192856588836349,0.202508558355997,0.182456440209583,0.170982311104669,0.185574506776295,0.192186738370747
11,96186547,96338436,0.195857722025737,0.186602399062295,0.203036062269992,0.202599448134064,0.185748430929005,0.200487377860443,0.226521243899972,0.244653217983871,0.213391910440364,0.220683490268574,0.209429062461837,0.195395850564593
11,111530747,111564401,0.424992887337943,0.416008586870615,0.421261389499683,0.445747210315815,0.417747163507545,0.444956909537304,0.42013937756801,0.369136753253775,0.424246209285107,0.371846253121156,0.374798464184644,0.435069754453691
11,118739547,118774551,0.206875462281248,0.234162433124711,0.14478637074736,0.178455735350913,0.153915303367238,0.201280213075805,0.14666174420205,0.164569645580084,0.13975720319449,0.134951359453846,0.156715519071616,0.159162103092779
11,120329347,120348301,0.364103415717335,0.371676684838283,0.363988565800253,0.323853002299962,0.29795463452022,0.303255793441441,0.379674986528174,0.377221827107537,0.395256246989283,0.374360553084359,0.364666623064699,0.370634398996482
11,122156497,122199001,0.146668860537915,0.137870764036692,0.138848013642128,0.140619196571804,0.133587177659987,0.136602727126471,0.131831179109869,0.202108432013772,0.177806583189212,0.168503152456337,0.135432842833938,0.148405415811166
11,128456897,128519309,0.290049000073505,0.207194398998206,0.215834766538936,0.219398593545332,0.262637403178868,0.255411118000571,0.306111636993239,0.272213433246366,0.248545312827359,0.248689489316955,0.289171437090602,0.235976699936857
12,12816343,12845951,0.212555632109534,0.201045992421567,0.189598905410695,0.193023122365819,0.283520052799723,0.201924015100286,0.169433143995163,0.162785911293224,0.158228505448296,0.139147134273166,0.199024901147933,0.187312793757824
12,29276997,29287551,0.207156743983561,0.198972074107307,0.192434529512649,0.192442536641814,0.204909358291552,0.181476146411078,0.220413231469179,0.269183356410938,0.305663357834357,0.256671116365439,0.211281515703088,0.20858160440395
12,45223347,45314051,0.25909840412945,0.287666774602275,0.245445165997696,0.244060387320566,0.240699175776478,0.270409504704568,0.24555374510894,0.225485087310078,0.218904206457226,0.242147172094013,0.241429750833528,0.255629294636371
12,51387447,51421051,0.426921482959396,0.411810391621881,0.419420668566492,0.473043284899066,0.286891162893909,0.371034843931299,0.244273767496134,0.2634836239316,0.353877511336572,0.361451193833551,0.24133187302921,0.303300668473638
12,67651729,67681601,0.19756695576318,0.197648499477156,0.224079094929478,0.221774533655095,0.16750331749454,0.354627428007571,0.214284442299255,0.213472209688756,0.298114761286049,0.308013383996994,0.22341989146995,0.227688727353806
12,78867666,78899001,0.115428111776162,0.0854278108486469,0.375872762261674,0.381431581455725,0.225436483903569,0.324070499572457,0.171631411463533,0.165840071284506,0.126191481693754,0.157055292804679,0.106919871857441,0.134300101293892
12,93775547,93788151,0.304455760882413,0.277443229404751,0.38478031349516,0.445178645328551,0.400141800792249,0.380895367411423,0.261786526801298,0.276968611355491,0.257965362597767,0.226708766856364,0.226542037622486,0.214138549281347
12,108628747,108698401,0.261464265084007,0.30435753192002,0.258464384573809,0.267793012213294,0.274891272979206,0.286208946331612,0.242782470289548,0.223382336067757,0.249752587201271,0.255820460946573,0.255434162900563,0.246530512846363
12,108801047,108854582,0.343440008532794,0.321544671146191,0.370490199489617,0.293737077771778,0.356964882586216,0.362710018943172,0.361602575608912,0.335023174500884,0.329408618024864,0.346725393124648,0.324764377801777,0.315237102760591
12,121923247,121950951,0.186430841956972,0.205749031906968,0.171292966120807,0.166938335941235,0.206809893067306,0.206401214397491,0.134751161566503,0.136839867439015,0.122375694395527,0.123253066811708,0.164346392618164,0.133368994537897
12,122068297,122123151,0.243608473287347,0.283900571655889,0.275838756155761,0.273734036291205,0.241246038632943,0.242513278868804,0.289095478712942,0.278732580894,0.315633489240353,0.329232992027792,0.283163786977386,0.263993252725198
13,33212947,33264201,0.180903733888106,0.185993451810609,0.168938048210446,0.172510446992778,0.154533010335575,0.157793699316617,0.157642131799935,0.168352397408858,0.179265397332386,0.18739433501603,0.163005037160339,0.177995475921459
13,36880697,36917151,0.167796772899548,0.193338978039973,0.200205271992454,0.216083769071457,0.22085167968362,0.18442018017617,0.167101775191365,0.207779452569616,0.208034858260127,0.178926630188586,0.246629374228639,0.224882405902402
13,45189747,45243251,0.133659599841408,0.15210694215081,0.1347439261492,0.155082485844008,0.15931851339073,0.170095559897832,0.143565610910984,0.132494585369232,0.136831337551654,0.128001721636615,0.138116978532657,0.159507615256375
13,51617897,51646001,0.20128329770351,0.202886150159985,0.195816692148671,0.202117102779031,0.259380508353254,0.198547797532641,0.221185878386202,0.21757192779082,0.223883044709958,0.194824345725085,0.214097781789447,0.229615123985043
13,97210897,97365251,0.204118288656749,0.198326331297235,0.199953860728295,0.209809052393692,0.195239233140391,0.180186849494074,0.27331627698261,0.267817131952387,0.269240280989553,0.270484566943249,0.252332712361734,0.23169900013043
14,32396097,32438701,0.156541739465991,0.188833748972927,0.158065099699364,0.172812687590935,0.17348273872609,0.19663095304784,0.230334384491262,0.222089910853747,0.226533776288393,0.246273813233404,0.206912938342337,0.209160848251098
14,32444647,32524351,0.175921563361332,0.176186813557036,0.186665662645167,0.195699395566109,0.188318682302614,0.197707962242214,0.161154729177647,0.155514081854026,0.188144800229526,0.18436793671456,0.182794762993594,0.177067574059252
14,51003797,51024851,0.299554489977195,0.325308900024347,0.31404167681392,0.317367812760761,0.306357308710051,0.351400199130926,0.218379169195623,0.198982874715609,0.236136365819112,0.224474704437109,0.235275000495941,0.237512808945462
14,51521947,51555551,0.178295021903085,0.212904086196836,0.205059040730893,0.240981271315192,0.245249561121453,0.233930165279507,0.174917307043786,0.163240697621372,0.206128284981972,0.220474918805452,0.185549767709991,0.206823446516352
14,52852497,52948096,0.160487441724796,0.118675682125426,0.122254412435235,0.1250080618113,0.112524680662625,0.145231044598785,0.162939713147045,0.19156356702655,0.147822959911761,0.142283250583295,0.143525110710958,0.124699106232905
14,64917647,64937951,0.118916267816709,0.145171696842057,0.13857261956543,0.19078184764156,0.169210298771191,0.179426480828211,0.158395302791815,0.133991772906593,0.126661933552419,0.108725844902232,0.108133465357211,0.109112926084326
14,69056697,69097301,0.181887794437127,0.173904745527259,0.190552498147004,0.168300051019498,0.271622324866541,0.245647389416003,0.14900935684476,0.158124244312048,0.139298788686493,0.142905451774184,0.135815347070036,0.139197088568971
14,71320447,71416701,0.1983926054126,0.201636736553774,0.17838175285009,0.181278441128639,0.192301081844234,0.196864676802594,0.172403437285221,0.225592598190026,0.176415699373961,0.161065034951893,0.150791107711459,0.177689125602223
14,100017497,100046401,0.253993807693961,0.248273177385828,0.243183505133025,0.249783122858267,0.212038387539378,0.221611610896739,0.219270017353422,0.231648230237912,0.213386687492326,0.214255397348352,0.216694617262958,0.231021442737632
15,32818747,32879001,0.212749068905639,0.211871293549632,0.219168130719809,0.212743922462318,0.210612089439386,0.190923694385519,0.14615349182416,0.143354031213012,0.136810592106822,0.149274870279215,0.135546266429113,0.129449685548424
15,33126697,33165451,0.349266360759096,0.360394236829764,0.421527358307242,0.371223931582527,0.339320102008232,0.308629874094713,0.284361038437153,0.268448739753216,0.282327714518177,0.31585601170811,0.258294184779456,0.225191091991801
15,36977797,37137951,0.210666802702659,0.22573463125787,0.228695798608135,0.215988347475343,0.204343710948026,0.20537310722521,0.192639536892279,0.197830905261182,0.221022900292182,0.214586528582922,0.204066492825629,0.200008343075274
15,38877547,38897751,0.290169346139128,0.29617867409282,0.386632379071411,0.348207491844506,0.316363628091611,0.379232757508747,0.14891727052934,0.149563382201732,0.176281446602619,0.233857105140773,0.195906345862432,0.190441134216069
15,44028097,44116051,0.14502517271131,0.156209655789889,0.143625599046656,0.140842229293384,0.145289350801674,0.13504186723638,0.117889992830931,0.121235319996821,0.124240000486076,0.133687950382456,0.145981945479423,0.136931826648415
15,48532697,48575601,0.132864548449709,0.127095291343902,0.133594245409994,0.144411307910883,0.128539050230616,0.140309645893788,0.177646287528258,0.188434797804863,0.174025908441914,0.195199061314205,0.18474062091853,0.173912317258818
15,60358047,60443901,0.277904648992563,0.27181359325155,0.282260901667898,0.255650259684658,0.297811915733495,0.281396077581436,0.332586022772613,0.357119592333939,0.298931671392897,0.356265250735746,0.373214589261387,0.387553993232096
15,67068854,67159051,0.323079187702377,0.325397399031987,0.308747723117385,0.308498507015605,0.332023900898754,0.318739436885992,0.236654455625491,0.204504797075108,0.266470720881505,0.282350340768243,0.27044167287457,0.285849658868487
15,89084847,89114201,0.481356011215295,0.434944519554168,0.402267781193841,0.435002755521497,0.352368117712129,0.553766754579072,0.351081996954432,0.395554495634525,0.310818223489779,0.340075602458449,0.426204226764458,0.384756386725796
15,90399947,90424101,0.199425125167659,0.173453124327886,0.187244427327149,0.224321868548329,0.217707359839091,0.186672891685723,0.174634956976389,0.224342850731098,0.202995416128734,0.211056104056235,0.183029662213085,0.23952456404941
15,90550547,90564101,0.481892629055361,0.560641561078891,0.460694734627489,0.499385826544445,0.482705806932731,0.424669862235965,0.433145675090254,0.484235116217861,0.504228377563361,0.501290513084335,0.406811456222285,0.434068151015036
15,98718197,98736951,0.206594473521928,0.268014408838453,0.246662008783582,0.237728874969709,0.265661209282482,0.222237039706315,0.286073870417019,0.27213245288541,0.299598655815145,0.335783490432698,0.317098194524258,0.298825254093728
15,98842147,98928101,0.28613210003627,0.281244345578433,0.280621617142234,0.294833918164379,0.260862332073727,0.279591338589227,0.280351752213398,0.276804598929454,0.270780136658498,0.255205127622002,0.237933221789753,0.266927185939268
16,24734747,24822651,0.0979517568772391,0.0987595422868217,0.093067321901211,0.102665359876083,0.097080827588327,0.0951556663391741,0.118603137022639,0.118471862805058,0.110155209062104,0.116755538602922,0.100524003998341,0.100691699654484
16,24970997,25011251,0.181751139027433,0.284031582749278,0.231687790143533,0.215867349337329,0.221956791444994,0.205108711789727,0.253928080119592,0.23352346309895,0.229503782829734,0.251341972577904,0.245847697357127,0.271764387685944
16,50183447,50211701,0.204971495081978,0.168301037322162,0.181641386329069,0.156547635221237,0.206477295789128,0.187899991977072,0.214000524573147,0.272625472460828,0.227680067488529,0.248768815526198,0.257870611421106,0.204696038358832
16,57168997,57204301,0.387516639563082,0.462384108534529,0.471533116187534,0.382687758409196,0.346054146339594,0.383412920637943,0.282020551074523,0.316205727469641,0.351409570839457,0.3830220940922,0.323502469208881,0.276888885232303
16,70680847,70747401,0.363931554939464,0.349167809456324,0.324818305590192,0.327347487661178,0.335337019289812,0.344406786371725,0.361800795164632,0.408746846535997,0.433757412482113,0.450084199800632,0.423867730969121,0.404610012901641
16,75242947,75261051,0.48950524064103,0.592035341111803,0.542360867461539,0.57600426979838,0.674268886863366,0.593699725971004,0.520219688851561,0.617314645667572,0.60968238995501,0.639817393231355,0.725402999072159,0.743214997234636
16,89368797,89427001,0.257258149813765,0.240873981972373,0.237940961573417,0.242856533317578,0.250603267698688,0.245360074291036,0.172186252495301,0.165694073960968,0.222741200714847,0.221084034419821,0.226879995648979,0.197111750333767
16,89440247,89486351,0.241250042398667,0.179102712435789,0.134153577510194,0.108898271601008,0.264635257503308,0.109597192952825,0.173328923480827,0.204382549018093,0.153129457322506,0.124221024764243,0.211090761442509,0.142574555307304
17,4200997,4249751,0.216157356135299,0.150190124215149,0.195452555896422,0.23146021275729,0.221094209224651,0.213124286363919,0.191536777104461,0.155701511820326,0.161181510704824,0.163594773455789,0.162595969594879,0.151983004497833
17,17876447,17966301,0.246800238913246,0.262290984648653,0.29786409826604,0.258627051997367,0.246000681833807,0.248417103044784,0.225992147777025,0.233492044326736,0.263689611082721,0.288821026757639,0.251654881282228,0.249712273627565
17,40298047,40352151,0.664020897463094,0.731898382391042,0.752856747334546,0.738603758206835,0.690851889568484,0.668151491221337,0.444473311531699,0.444658967943264,0.556083197319366,0.566707843705615,0.587563952934918,0.578736493748454
17,45287497,45322051,0.516171384317617,0.515154176153116,0.564319315154441,0.418096414474683,0.459509687599588,0.40440093335473,0.344944884207378,0.338625152680842,0.369925008169169,0.390239717944905,0.373128252439201,0.424935822406354
17,46026847,46083301,0.124936103838806,0.124491370096397,0.139626444204119,0.145792381529658,0.139241966907002,0.146321134032739,0.119864287765618,0.130798982694837,0.124185561700477,0.121148764718411,0.127266480360235,0.119436492124407
17,59745197,59860001,0.507449463509978,0.512697599699566,0.55724405567311,0.55033982442312,0.53722897349732,0.541725964375959,0.427821806338002,0.403215628812741,0.519070995476261,0.526302509683237,0.486866710971493,0.449727653002575
17,66305805,66474801,0.198818895184716,0.203989175045679,0.246730888371618,0.22786114814765,0.19225601077416,0.180910488704539,0.22840504359673,0.240138640150412,0.278179976327205,0.29314556826064,0.249841781170359,0.240404626367994
18,8727647,8840101,0.202358909808571,0.234537579202404,0.210482176523163,0.200953942761253,0.219106499551955,0.200108794646856,0.195363979621869,0.206170002820805,0.198814002491422,0.200773518008028,0.180590985722064,0.184781976372463
18,48612597,48661601,0.155029808178156,0.164141381060953,0.158514444160359,0.161195762217866,0.201369338031563,0.196587775347635,0.157578396921898,0.154849237361092,0.143926219065136,0.159113494574445,0.188192903031291,0.170262973959117
18,55470247,55521751,0.192279444167166,0.197416128445409,0.185309721190136,0.208409411557298,0.153192512862646,0.166366363141149,0.17602469507608,0.177741335956675,0.197728562771251,0.193772500372747,0.17945686299847,0.182498808231537
19,13839657,13866051,0.72200339910941,0.565268374676771,0.659790079280909,0.606347524553877,0.600205108138907,0.609504124195308,0.717244681323213,0.793895372419222,0.917968580323139,0.852634423988637,0.831191426343054,0.822976345158236
19,15283449,15331801,0.189517023734621,0.220899933771713,0.157924505854857,0.208780416756979,0.183993835650044,0.165409842981983,0.163669774812767,0.183506560136898,0.222897500989267,0.205336328509583,0.192040311181213,0.161252102485773
19,17078947,17138251,0.294057687621952,0.286800751510407,0.331431084022775,0.287940084940949,0.296778816890477,0.327396633840277,0.284264392868772,0.241837830749866,0.279011562773181,0.197648183562422,0.268189821218918,0.253619153326561
19,46901247,46978301,0.129946472000262,0.129502998512706,0.161467831024943,0.142535983315868,0.148024816300643,0.147643720558942,0.148919029638255,0.135127575046349,0.161991608926048,0.166620834893659,0.163487471469239,0.172454390158996
19,47094147,47123101,0.298154187144487,0.410663777857647,0.381353100231126,0.338909018512285,0.368739769119275,0.310209158292532,0.227191938716026,0.295820247556682,0.352876782339609,0.426711428559898,0.308698147621482,0.27342267581949
2,9225997,9312701,0.206871589347698,0.190410885280894,0.188772714211053,0.194738530573923,0.201262066587123,0.214690973982892,0.225499622873847,0.237195997118269,0.251024980042266,0.25228871922967,0.259221478582674,0.253563636341135
2,36339747,36515551,0.190751764772314,0.165870456053188,0.191844500921063,0.202619727794931,0.197412827448882,0.206679566544197,0.268514821457478,0.293867123370191,0.274558737896905,0.268781177379014,0.266954671660502,0.263280542422448
2,46314747,46342901,0.466263941888228,0.363093640736147,0.452332502567678,0.427102899465171,0.398450647389092,0.387712458529258,0.440099235571026,0.425466069425244,0.614575303181479,0.680386820301171,0.513051487779141,0.456572683073573
2,54468647,54607151,0.193748614444278,0.206285348004816,0.186776715040583,0.218227718256245,0.168695802708865,0.191454363300603,0.178190887790473,0.178523552426981,0.158080484177284,0.219101537983019,0.202836446340635,0.169754933872125
2,54964747,55028651,0.0991132400974325,0.110229356858964,0.112222459132744,0.120025313663088,0.116591202513809,0.109252058266398,0.138783716822139,0.138840292093248,0.120116927731615,0.119761149460937,0.136866622338565,0.122944535868429
2,55096397,55115801,0.265839111399018,0.254094683660275,0.252664288169461,0.264289566406853,0.269254248942988,0.25476400220672,0.235099635699509,0.216562741962123,0.207716786251315,0.216915027698883,0.266522604618387,0.232515473639845
2,62710647,62744101,0.263675017112469,0.304843288394776,0.0998117329635315,0.0991694054749187,0.269361700138804,0.175374153048896,0.0957061691239675,0.0884662204798365,0.0952585274472964,0.298950435690348,0.199514902752018,0.161593040260301
2,68028247,68060026,0.15741576694433,0.138442995851981,0.202547601138339,0.17347596398981,0.193315482063581,0.135484762364633,0.188103290609112,0.167678699343542,0.160754599023867,0.179997613574859,0.177122637874616,0.160278204838813
2,69116247,69192151,0.219438802730044,0.234269443880744,0.238570143115463,0.225849770050868,0.219861869539266,0.24864633269145,0.154573223548721,0.163727927820963,0.165570444370322,0.164108971704659,0.156235600566085,0.166513485765007
2,117936997,117987701,0.207895043105888,0.192041157033361,0.247440072479966,0.244857096132559,0.215890993086439,0.210233759030222,0.234017230657551,0.228791199567861,0.208721348053256,0.237850537566356,0.214036449816865,0.21515133575513
2,157825847,157841351,0.448752636774442,0.345173803451619,0.443383987731094,0.339741652383006,0.328832747686772,0.343899599144615,0.493908734417007,0.454478463710688,0.455923692420807,0.503252783017004,0.365193869258134,0.430301160486212
2,160204847,160243551,0.274459215214766,0.281590951936251,0.259896805799199,0.282534849091855,0.272901164521639,0.319486665048508,0.317550125059655,0.325752866121152,0.290273154087614,0.300435192358539,0.298194605607088,0.30684120368641
2,160313747,160455451,0.173245743966722,0.148306519033799,0.160840546932806,0.139707839834588,0.158500894448181,0.163700414756208,0.166435315059685,0.167228663520851,0.166338317276172,0.157883047344278,0.16560252190664,0.162802880229031
2,174577847,174616551,0.184571633443687,0.171898944859641,0.188903732789966,0.193608766992508,0.174414587016962,0.141952374480069,0.175234108591382,0.173952822313544,0.171706384374432,0.18366008665574,0.179499220194972,0.167351014442721
2,177215997,177261130,0.328535895188247,0.321224048702829,0.241450461516061,0.290792601593068,0.250752376150287,0.1959261693302,0.351978222505124,0.251690100538639,0.236990995338829,0.281051304973452,0.313412329257856,0.173920992785802
2,188968847,189023601,0.229829436801949,0.212129514265199,0.223905216167345,0.236743105654963,0.182087614760139,0.191909062613437,0.232013854452893,0.235843188149569,0.252457586348331,0.25515423926864,0.257771105803897,0.251389999973831
2,189080997,189129951,0.177665804795555,0.147779059537229,0.153247654515364,0.13269597164151,0.141026805051177,0.153125402779015,0.133142716521034,0.134604426061065,0.126309255148908,0.135459102786821,0.138727282899502,0.139201382056296
2,189247497,189288951,0.139917439824434,0.165152770242522,0.153211436443593,0.134955004983797,0.153038084682866,0.164522199452023,0.18280202015865,0.158963131039818,0.155261535536623,0.172334642396672,0.161467818251368,0.190618719990224
2,189366697,189413251,0.191281191651142,0.138168449866479,0.200549377029025,0.154932989417321,0.175019072060957,0.153809858561417,0.153837791200582,0.145649018454972,0.184352656857268,0.160224507968536,0.146417798764708,0.141509673180304
2,207219797,207260201,0.310957456203993,0.223177104639728,0.252388811162288,0.234135998483443,0.266770124499698,0.245080497082029,0.270569827999451,0.272152688671015,0.254656693271975,0.228157217738768,0.237313986523852,0.231402632133173
2,223034497,223094701,0.255689679184344,0.275872125802284,0.267053466428539,0.311211133675739,0.300045401941344,0.282513119155462,0.176375300048841,0.172163463971199,0.171152823250508,0.159819192406099,0.159202098060968,0.176697858025749
2,231102597,231180501,0.146405916772907,0.144823249606832,0.140184285771045,0.14432253370747,0.126375236039179,0.141212181281904,0.167048396771199,0.164714522890865,0.153709649363937,0.168274651531222,0.135646441782812,0.133549779998191
2,233402847,233443401,0.18876438069114,0.191053360820438,0.22074142934793,0.203624136162849,0.202489475119691,0.227276698262605,0.184400932473583,0.17423677821122,0.18470053064702,0.17616227010556,0.185282485725649,0.179586003804659
2,237674547,237734451,0.356245498733437,0.356593375647632,0.377154762271755,0.379475703335213,0.321223285855136,0.357149625574488,0.351766679889361,0.37193928118864,0.342585200997123,0.340020498029356,0.350035081515689,0.376927428712454
20,35304047,35339601,0.240207432852546,0.224827693732609,0.211699094001241,0.187860199917118,0.27269627450209,0.292484326260823,0.17779891082277,0.159054637670471,0.200093638111277,0.209573654283725,0.257698183763008,0.245209075114302
20,35864297,35902101,0.387727313494937,0.344105154750698,0.321788071618238,0.396530092885227,0.37516748235738,0.422731262901709,0.261354823872763,0.194804134520576,0.280012628094641,0.227273438950046,0.276098679874576,0.276914417749934
20,36464897,36516851,0.188241748085371,0.144676704532619,0.1487493691678,0.151994891333772,0.157999413017903,0.144073463376426,0.137587963391141,0.151354901379218,0.170322438406765,0.198544568132333,0.207893046992409,0.217282196740952
20,49676197,49705301,0.141742950838435,0.140288550320673,0.146409883943387,0.142204460413337,0.115814095272559,0.125256615267037,0.15409923091232,0.132039493512003,0.152299236242769,0.167026789959476,0.148136133052523,0.148313576375799
20,53735247,53753451,0.34756503954147,0.287908444781181,0.270519744385377,0.415885658546791,0.270971951600498,0.34804302073481,0.228980234577597,0.202261732359176,0.265173621571466,0.230627376673757,0.233042256452867,0.187627323521667
21,26143997,26167819,0.127144533368814,0.119927725895378,0.207050174923522,0.17068649097733,0.148747124020507,0.127849920313126,0.162862703423163,0.172394409548925,0.160600859008684,0.133400686281798,0.174652624572269,0.129784837846167
22,20503947,20553351,0.251380947438103,0.273400929911601,0.269136930532496,0.250593420549513,0.241991365985835,0.269322988376512,0.269617330786433,0.265588208768497,0.329876447471012,0.346386595114204,0.329331092147307,0.324545758404269
22,24132747,24175251,0.310708085538312,0.312901710379173,0.304110668453747,0.339006177252096,0.298764058738462,0.30394220318196,0.227177326456049,0.257810081145356,0.290785185800091,0.314254055330206,0.283818053936346,0.278894714157909
22,24283397,24334101,0.167993733725917,0.210206594968998,0.157686000793231,0.14323409705825,0.124995311163384,0.132535599322037,0.162825271661284,0.165986493844159,0.188790725924587,0.19836084725125,0.16103377259035,0.169882460358328
22,31217497,31253901,0.37062016421739,0.340845520028143,0.375843427494484,0.384390948627723,0.352731810957951,0.362215850385734,0.260594933971904,0.246736241296481,0.264158869528551,0.296840902386845,0.275166485554605,0.290923690433762
22,36307297,36398351,0.343063262304177,0.334878102175941,0.375217359571372,0.372354692000026,0.379574025613206,0.389136192006412,0.261069464513509,0.23673313973403,0.305271003164485,0.27625387727876,0.318947365439867,0.331624473390836
22,40484997,40529101,0.249242333612179,0.201196842582616,0.210075409029709,0.207933646711485,0.209733506164963,0.237560622842364,0.157471021633685,0.13099251933468,0.12555239454498,0.115075410494759,0.127635304910313,0.120115828321079
22,41828897,41887951,0.204639404451906,0.218249597643605,0.161054409060469,0.180586305282931,0.217236317231262,0.186759744734656,0.128032722940625,0.140253403111771,0.129344983016492,0.118171186296112,0.150304714625307,0.134899551641981
22,42956547,43011451,0.249027109884203,0.290072099463708,0.255274572892469,0.292270168555849,0.267506400143359,0.229602388434601,0.12973704797927,0.1247531532708,0.158735900495948,0.147774698413195,0.156669841002361,0.142446576075673
22,45677447,45732051,0.203033058520694,0.178016741955669,0.188476843119322,0.167121556982033,0.254157010768751,0.206361365362791,0.205988008818901,0.207549247112213,0.173074692517776,0.194775484276488,0.188271698993999,0.184598037234687
22,46057142,46082995,0.685450747545834,0.670252802071491,0.700723085874677,0.714880792113764,0.673296601287624,0.660984807610309,0.55251044239483,0.538591972211903,0.749759281282284,0.71857274028252,0.713559428891846,0.68605598025017
3,8442247,8465001,0.267343793759828,0.283085625335976,0.306024614712258,0.296534420997922,0.41470006407514,0.379676249862495,0.213452408567852,0.2554501471598,0.205089403079491,0.236230302823777,0.227346162487045,0.238001725900915
3,8504804,8566501,0.19057065592954,0.172068951802279,0.167387523169104,0.191436827794937,0.196973745279309,0.196844091860774,0.198154709364472,0.220153085311172,0.183790553520684,0.154911177229319,0.173079521232206,0.16944945243892
3,8928147,8957701,0.149854625907549,0.146775133391609,0.141613351539006,0.146417238955522,0.171422987235202,0.179043955039665,0.182677481927988,0.200765622882932,0.15043755895374,0.15669354754045,0.166970390460083,0.129667156447302
3,15766847,15817451,0.169580254428294,0.17434932713492,0.217437990894685,0.174723824095376,0.164809317208841,0.169572221003139,0.221936341152175,0.228204276223883,0.191076537602158,0.210720786198898,0.192194247397076,0.151813057818954
3,16467047,16496301,0.197112297009753,0.191188636538173,0.246571391916486,0.246176572565685,0.189215626448701,0.209657718697964,0.175312653616546,0.176107197325786,0.167046757710899,0.183321411445853,0.171880433448886,0.148641472688603
3,46924147,46972251,0.194034988532367,0.22095645641408,0.184960633191741,0.220420602766481,0.244771142423749,0.275343127615713,0.22665704601709,0.297643878041187,0.2931780545289,0.28685998101096,0.264867174980456,0.259333501067725
3,57998447,58082501,0.197541902181723,0.209111547998723,0.206500255463361,0.197787077146735,0.203276376171915,0.209103231908974,0.190396922299441,0.219625673194821,0.233189869345491,0.241752202550955,0.252813360904374,0.255692251418314
3,71487997,71522851,0.199661620406043,0.217770526748481,0.235359115348882,0.193305764682585,0.229793205597407,0.236168377297111,0.1573250572452,0.166501690396833,0.125746377121803,0.118996392469715,0.139684912726965,0.15579522898087
3,98954747,98983151,0.197271690101934,0.15248054469499,0.192457643491284,0.186744792116266,0.153696867610544,0.141549617122929,0.200986720453696,0.214055599934732,0.157745609027289,0.163614222362061,0.152724032916555,0.167272110514272
3,100001947,100045201,0.236574546626281,0.185788110809301,0.212767656724358,0.232754113779235,0.184014566168618,0.232696376822132,0.155015954841198,0.162569873079311,0.159200058719996,0.170738671063837,0.143077786736529,0.174837580554687
3,111850747,111917851,0.279225831284824,0.23757658725088,0.217075620898332,0.229504331110632,0.21239071052545,0.244063530296264,0.248597712426589,0.250971150266163,0.236346540526111,0.228801883624562,0.200106427300916,0.232902290242316
3,112629747,112658501,0.291553418329054,0.3198537106096,0.370121793358435,0.337830229280362,0.336927032142465,0.346534859539209,0.315991863554223,0.33074021473672,0.342146359910988,0.321904282310101,0.321053423215556,0.312507822262833
3,120406897,120448070,0.25501783097082,0.269281157949226,0.282162980485807,0.232543750061652,0.239605792805416,0.245380518210282,0.275291733130036,0.288973748775494,0.266914407259277,0.279567462456073,0.288122584142065,0.2914994125206
3,123732947,123803701,0.253341790083746,0.272350596052709,0.265816043130429,0.251403318657741,0.268927345073968,0.255239496869954,0.187157127878286,0.164546932979459,0.195980692514063,0.182949659470923,0.209154226608681,0.209417150318331
3,128758647,128806351,0.169530410616122,0.155846358788972,0.129259558975297,0.151527757596395,0.127464396248509,0.122336759341117,0.154542060988148,0.130886991299112,0.154762203019349,0.146958028315656,0.131794855931105,0.130516166732013
3,134308647,134335151,0.372836169333166,0.331745023788958,0.366358188574532,0.383713322128026,0.519927465722498,0.476794902973654,0.236654111417632,0.235010092517378,0.208412727073952,0.217292425017041,0.330350084416,0.30413257424049
3,134457747,134482731,0.213661664087969,0.211571561378405,0.209010652920622,0.194091335306274,0.246023259114842,0.25161174259924,0.209630759969171,0.216449519059829,0.194794000117218,0.20370998654691,0.208599110894357,0.257062083965134
3,136136147,136186501,0.111796171848142,0.0930002730773885,0.0903879267688738,0.107176362738305,0.113894885533347,0.121658407034768,0.10983567649879,0.154627738976051,0.127136763711869,0.0878438747039038,0.0921191219688919,0.104853879719271
3,149534297,149581851,0.263628778835925,0.244647148975893,0.280804192088673,0.258402106938089,0.251570030441713,0.247705075002375,0.241661779801825,0.229895694180009,0.30917270204338,0.229594607503303,0.239678891709625,0.217645277848679
3,159760747,159788351,0.665221549771984,0.623125633118345,0.609018721337437,0.543004884088349,0.499298905892236,0.539618190151544,0.46851105991703,0.518166167825577,0.416032538014583,0.40875079523999,0.418632407462327,0.46481209145363
3,160394897,160434051,0.180856786275562,0.189469420954951,0.189992790227755,0.203444956270337,0.214212568819896,0.199347513709557,0.232222262343217,0.268058363718237,0.18192292893115,0.161257361764391,0.1478949674492,0.168141852851581
3,171345247,171395851,0.156371562470094,0.136041770349084,0.16414231545321,0.153108741253556,0.165677668964609,0.166760015117346,0.166762728092169,0.154348845040653,0.170216183366996,0.148058037511244,0.138829617856207,0.148416594171048
3,172114947,172182951,0.194657412493502,0.201904067870976,0.208175026564184,0.222453248283956,0.190098334784199,0.218493903760356,0.198019093167056,0.183087437848022,0.200736072177327,0.21154658418287,0.205805261875691,0.196348441869718
3,177101847,177158051,0.0904484540452351,0.0991243347138695,0.0908357008453818,0.0998632238832472,0.107108305287141,0.0903130483879858,0.132490866066766,0.112352426922358,0.101937877264517,0.110553816073059,0.0970401061771161,0.10159620420395
3,178168947,178207101,0.231528045434787,0.187179509511715,0.227734144960944,0.192469749417768,0.248903225843562,0.23489727791281,0.227163398307183,0.209478108961491,0.175965584805488,0.152801654508011,0.163784374304935,0.140894300094745
3,178259847,178326951,0.158539686286328,0.130184696668348,0.150286110926905,0.17294280586272,0.16322929969614,0.134284031432081,0.152341407566402,0.166814506467059,0.154544130004942,0.155942198223447,0.144349110829877,0.149241802873332
3,188233597,188299051,0.191735583516478,0.204928490000965,0.207612668091173,0.178511413147548,0.188375224504799,0.19711292771097,0.200787999252499,0.205377794363109,0.1829783936277,0.158344291342418,0.195140582098857,0.180868317291196
3,196773597,196808001,0.233078672406886,0.196725409209203,0.19557355213577,0.196386314649566,0.279435054176743,0.234520880435928,0.175733888753414,0.191715149217854,0.186330835800487,0.182931802879489,0.174012155870549,0.165174050877523
4,15676347,15693351,0.480983435460358,0.338950489773366,0.348845265309138,0.416802404220648,0.356872948640114,0.503037798957809,0.370313085725108,0.354032059962852,0.404376014952051,0.32796119523854,0.370552053012216,0.389200718541627
4,26341747,26373351,0.197381745378607,0.175137088556703,0.203546121287066,0.1765004746752,0.23960775269109,0.13983100285753,0.125472600385384,0.146130945334278,0.105858373767916,0.109499378519687,0.127045166252905,0.125367704464172
4,41142347,41206251,0.156597956173984,0.181986457653478,0.174947007009842,0.164190414156286,0.159471948890726,0.166792508311027,0.183757218336045,0.174382640445891,0.181686396411811,0.154609814378293,0.198225749932044,0.219692172718357
4,48345947,48381151,0.115021278310845,0.26164018373807,0.213220419535931,0.300604661106516,0.233653148382537,0.120490753014384,0.148526473089922,0.150734701649489,0.245759137221883,0.223852923053647,0.147557278966088,0.105850051337715
4,69763710,69800501,0.178850580862946,0.171678700586236,0.166183073344581,0.185451558111042,0.201573088736193,0.210596059866569,0.243947053289489,0.279228995917609,0.219171784480231,0.227369174203758,0.204310832274439,0.204373367432904
4,76579597,76591951,0.435804486426359,0.452645578931578,0.523952002823177,0.474754114520666,0.3702469675055,0.429492484032331,0.277487125026898,0.2315817593894,0.293206111150926,0.277792757035919,0.327984249649545,0.228549967086196
4,76687447,76709901,0.229784604735645,0.250453731840706,0.266326591135564,0.249025761998032,0.238100970606454,0.216966528083562,0.294834566756645,0.276771780200621,0.325992426078732,0.278653491631893,0.240841465316131,0.222538742409196
4,76722897,76784501,0.181752310164478,0.233954341105432,0.198581036208156,0.213461728282442,0.204927086578808,0.203583791208628,0.149214888372934,0.140466234940103,0.132668528086154,0.123566830926746,0.141243313243412,0.14786424430617
4,76952711,77066251,0.220369616077061,0.193662204007971,0.175274845265444,0.177274580874014,0.226567091008526,0.220353335586128,0.151894222040603,0.204312299319773,0.168685841670466,0.175695248253865,0.150770545906684,0.169365391343795
4,79996597,80039451,0.146589805642197,0.151080948366288,0.141999397213064,0.107627906321753,0.132137482312467,0.103395148217293,0.173979057027703,0.166305468872216,0.124188795642422,0.152167434221701,0.102071497306483,0.122783363983825
4,113890697,113976721,0.11848662131299,0.120448153848192,0.107519659045243,0.12149005969259,0.111784118929682,0.120900328695165,0.150382736354612,0.148048774247552,0.134634358111209,0.124496914858051,0.139614543025892,0.145978895637586
4,114242047,114284101,0.160778512870033,0.139937427551869,0.141379713149695,0.142317886557902,0.155196801878876,0.186809329839328,0.194368325329605,0.174775351306811,0.15746448325124,0.140638968541779,0.18149328151078,0.162371726956066
4,119477747,119536901,0.145544624867554,0.157936910421008,0.142764550228045,0.136884576105562,0.178729517661569,0.141531337194233,0.206871775012231,0.190033097855318,0.167434927543213,0.180857346585426,0.172284774495649,0.177251688941116
4,122758547,122785001,0.272039107154491,0.223214390442821,0.175694466663581,0.222223505250249,0.263098710948111,0.248770086744877,0.210134810199809,0.200266018210773,0.163069292965383,0.171069054990665,0.178537770429723,0.197999750197304
4,122873447,122913301,0.0936975009496064,0.103663081173488,0.105343340696204,0.113332100665815,0.0867362662336877,0.0944440723286717,0.112790396899652,0.116774614577754,0.0984494514378985,0.0827230943833945,0.103156316625092,0.120701378475844
4,150203097,150260401,0.156771327233005,0.163857729958316,0.155890630666734,0.153834990481572,0.175015436803003,0.181784820598792,0.191322993667074,0.186054475712984,0.150797584200215,0.146533898517229,0.158596305174154,0.155998432228125
4,158802947,158826551,0.371373172959483,0.425957436197577,0.375101680237463,0.388307844032913,0.363954218541378,0.419456138782868,0.346994649460714,0.324688243702833,0.304537336702698,0.246037712749737,0.310064954854033,0.286538184685034
4,185340297,185363101,0.410988988188914,0.345853750803767,0.43103328060628,0.420262463169965,0.336840974753299,0.480944201605846,0.27273901413895,0.280630532630788,0.300927299828628,0.244561735516973,0.26285215972781,0.270244701867926
5,9426847,9485051,0.263271323930143,0.26164326312021,0.256737870411491,0.248147733649209,0.189481039901045,0.212850682668188,0.239707704257458,0.20617933076189,0.181802943610997,0.198823865209507,0.201217030932039,0.191583473783525
5,14146699,14285551,0.226954046430597,0.239479942222696,0.232630135511233,0.24135649030705,0.232208735886209,0.213586250185362,0.225500230347575,0.208046637292575,0.191744614380402,0.15971320513207,0.184997093020269,0.211975968362744
5,56818070,56850251,0.131567136623841,0.119971333948491,0.160471117599777,0.175054836169726,0.241170392085007,0.186949473935477,0.15263215827458,0.147224625575408,0.182989230286761,0.13916776703877,0.150256829888179,0.153087779011171
5,65184147,65209951,0.194134073262967,0.184279785664957,0.175904228788242,0.184952005614334,0.178844847120295,0.254812510530305,0.147497854674079,0.13870640478931,0.100688278863703,0.10999732678586,0.133843921974806,0.13259052304604
5,72110288,72284001,0.208781943624443,0.204763219847512,0.213244491053903,0.226031190681047,0.192822812604504,0.184781852320584,0.178890395648153,0.185081088238891,0.207999842298427,0.195751382334871,0.198605837831767,0.19177842866871
5,76488897,76543601,0.176316269403862,0.151467256502994,0.181293120156325,0.170993067802374,0.16343594990218,0.149475934031033,0.149830773499877,0.168548890489634,0.141445082098608,0.141361467672825,0.153098181590397,0.145751164784071
5,78483397,78542801,0.158016075104007,0.143163225232187,0.147624583167099,0.148798733768905,0.141507509365779,0.134656590746762,0.160573624488953,0.17281156907907,0.157586169166871,0.162845678011456,0.175379759466052,0.163147157120859
5,78566697,78641451,0.225961534401505,0.230595103586475,0.18994724110308,0.214727834845093,0.179720999508766,0.175050846805,0.206331429281305,0.167774806210924,0.197229426403194,0.197318984010497,0.202493587622255,0.21609058471183
5,83501697,83567351,0.105333403559419,0.115568174251554,0.122685868304215,0.127844776298584,0.12587952848427,0.11785895646271,0.122865853364768,0.128190650692819,0.105360800409039,0.100594884940753,0.0921084342642264,0.0912943161959689
5,95711147,95794501,0.22361198158017,0.238212767901733,0.207492794307158,0.239040460999617,0.232621668538184,0.221847571408857,0.251170370744973,0.248301008556614,0.229568993317257,0.203756529010335,0.218443454109034,0.208919079460492
5,107380397,107408851,0.226109268680712,0.250615541770278,0.197068148003657,0.194204881376834,0.191542889989302,0.198180059286913,0.215513867464583,0.212127423266628,0.200052761199205,0.185513948707564,0.18602711959011,0.174652985983388
5,135992347,136038301,0.327824173301374,0.297737126842669,0.32989174865092,0.337477789322263,0.261769263401782,0.281754112506318,0.292842040120991,0.337183683179601,0.305614147395895,0.297882170470678,0.304731287158464,0.313902152037962
5,140240947,140263301,0.296252071110037,0.33074593104643,0.278396668980276,0.284602740351764,0.342631713736954,0.328224800621459,0.298521819806573,0.278246272316696,0.377584473200517,0.395879846481326,0.394387683917393,0.315633165238151
5,140280247,140335801,0.182011164477302,0.214049349572249,0.177174686727471,0.197235551942662,0.209846881898801,0.199548484996343,0.211678341314141,0.200970417374626,0.18461287705135,0.201495208329909,0.172508579503314,0.173639180870212
5,140972397,141005251,0.305700588339042,0.347970725865314,0.323755765678047,0.240417941318947,0.242178407130713,0.248050755446229,0.252582785700544,0.283502950980283,0.234539597752748,0.36993175906322,0.224866368522003,0.225406291559594
5,147471147,147506901,0.218437277040481,0.295533806170078,0.253104530669903,0.234213022266175,0.222021236045654,0.277718118360333,0.286407026974602,0.263415015108627,0.270739858881709,0.342373993457905,0.287636021151758,0.261170842324076
5,149484847,149537351,0.178557562230943,0.236952813862172,0.152235369473425,0.137510368866385,0.240456947610883,0.230655885027508,0.194621334980088,0.139226040535026,0.162137672467361,0.131767739800184,0.195894032457623,0.167769922571358
5,151660847,151701051,0.319739564771332,0.280157793782225,0.29523847145887,0.293419138982702,0.291131307363848,0.293720925506239,0.404346351391713,0.433083526287653,0.396046766738985,0.384224312911164,0.355542006649222,0.360999567314556
5,168965197,169009101,0.226132643390469,0.219314600184846,0.221541087503202,0.240435626545864,0.206064121588127,0.181805203314354,0.205035868632727,0.173843546575566,0.234574939937537,0.238738084800124,0.218055912091964,0.210843695320196
5,169140597,169187251,0.273790938118529,0.243004772910437,0.288157790951026,0.274755889812918,0.271024786663513,0.277861523122403,0.210601053403048,0.216070075542707,0.25185471626906,0.249372621101775,0.254465074932718,0.228893179667454
5,169586631,169604651,0.160685690087915,0.136891002488929,0.128501390528558,0.122191365852925,0.140898256224809,0.160532594521416,0.199877688117321,0.154713011348391,0.13389187070197,0.162248255695552,0.186430933792144,0.156253391347449
6,11161397,11228301,0.187103185795866,0.203810215713589,0.165088106810326,0.166462782621688,0.194467489033027,0.16418175670525,0.21827033782408,0.263881831160231,0.17912058033539,0.215741329572778,0.233755975805789,0.187123089329932
6,30725347,30784151,0.370918459742214,0.442037806142016,0.408441226364197,0.399163667531619,0.398485573736701,0.428048819176079,0.288811502239726,0.254193328062857,0.322050773046725,0.293800300212243,0.295775462546614,0.290241906046685
6,37126147,37146201,0.402477605295145,0.334020142082934,0.369432149526589,0.401009444795964,0.414803696532209,0.403304730592745,0.265879439800844,0.278426285351566,0.305437837524104,0.332219478032673,0.361798240852331,0.396962139991084
6,44655047,44669401,0.374920443490647,0.442123421246687,0.465336235681074,0.506318246852094,0.49004303710545,0.513495752092461,0.258382319390195,0.302246796618204,0.273563935311272,0.252577366804235,0.365086012940842,0.388935767284343
6,52503197,52574063,0.183735089932976,0.185334287874619,0.177358157651625,0.191039569670614,0.226018033682039,0.211573277156719,0.309506225725413,0.3149071448479,0.25594570161144,0.283088933789164,0.269765090510388,0.24988627586531
6,53263597,53329751,0.14412423057488,0.148299028770616,0.13234302937581,0.151956265593757,0.182051815845703,0.163388563213224,0.16838180646202,0.167516598572446,0.175081094637326,0.184024534962779,0.124867228652025,0.125470539885036
6,108563863,108622401,0.275725435851339,0.213188358127634,0.264183761230226,0.288037164241718,0.274326287334772,0.287772788043783,0.234871553799231,0.281709380013846,0.209724419476218,0.278950390557057,0.252332739237696,0.263601718886978
6,140043647,140073501,0.284145278018265,0.239712188327223,0.305370471645991,0.33083601530438,0.279472559416891,0.285338842385059,0.30785669958641,0.264860304723617,0.218304310406855,0.178411756037153,0.226315635085342,0.185426863598513
6,151022147,151071401,0.282730991417025,0.22206371633888,0.235031307775301,0.216951374829335,0.273778146707722,0.273686464235752,0.214156532998053,0.227954826928179,0.17947240501144,0.193383893462331,0.212679883149535,0.204717555198295
6,152704947,152754551,0.162168684524855,0.208925237932736,0.245763875490405,0.248100000342969,0.168841453181336,0.19841881926298,0.16587985463466,0.161983808943661,0.148442853608675,0.158222492147691,0.139728779266734,0.161399704299321
6,158008197,158058551,0.315756277664369,0.294620827577691,0.267516435004963,0.284472059642838,0.289287568310852,0.291382754862982,0.2648164974248,0.262076153402642,0.284979802410806,0.303770242863243,0.28817045240199,0.319195919341579
6,166587947,166623801,0.215247364728089,0.220385915192778,0.241809499838841,0.26325711426904,0.218266446467739,0.22952823851779,0.30586856155479,0.299323524905118,0.326356988254803,0.335874408397603,0.26675110129579,0.249863655872228
7,18492447,18592001,0.198545143524804,0.15073656665101,0.162568084219658,0.197007592485141,0.186163424072246,0.194726364019138,0.356858256597814,0.329619175002778,0.299523968976795,0.2756584017361,0.315855131445248,0.307340032468569
7,18993797,19025251,0.199016364962883,0.157921278013271,0.181641263612798,0.168758132849724,0.17155045532515,0.14833333322279,0.223053651999077,0.230045901753513,0.148901409623993,0.190097914788683,0.190134110433533,0.170704894020903
7,23449697,23478301,0.5315230556953,0.56249459602038,0.592430460379576,0.659039130377786,0.52118972772868,0.455566831804928,0.910154852920793,0.800335585141967,0.860528934926679,0.798884531977397,0.757076611326882,0.766848472959729
7,28019747,28078651,0.19510899768183,0.197175655619461,0.206396042945435,0.208497661898755,0.231268787263017,0.241085720372938,0.278145494036232,0.278855508527596,0.280431243057175,0.267790600370121,0.258020470981295,0.278732706313774
7,43595797,43702151,0.234871039327082,0.227547636526022,0.209594561705975,0.217625796610419,0.205645662786708,0.21702317683716,0.281268473750384,0.266480800108137,0.262971835984945,0.258311100599043,0.277556805211352,0.275864490198354
7,47757897,47792289,0.217432775426402,0.264636686533287,0.294078925174858,0.29200040049919,0.280742087639322,0.260844646021676,0.344242398552752,0.345555876245071,0.292377664411947,0.304986342619447,0.288893024818563,0.352963698913955
7,69861697,69890351,0.243003671185626,0.22701038537525,0.249715939821421,0.25262873474281,0.266314386808401,0.258397714899736,0.262247554066363,0.332510388794865,0.353489950314318,0.35837703473031,0.335165162939942,0.283705380722533
7,77683947,77738001,0.298618633048171,0.28387450736067,0.298742380497995,0.307489176896498,0.324443357029313,0.308404477646374,0.327949616818168,0.346628453542834,0.365914217067301,0.382649119439612,0.345267803247048,0.338567817823058
7,92614347,92647951,0.225831411768562,0.218463040819437,0.203196423274519,0.200763710887458,0.173555579001734,0.225594054850212,0.332702038379986,0.309460251988546,0.258789313442812,0.308470287220461,0.245464006110309,0.294017462882483
7,92669497,92700751,0.176958191220695,0.178585300391885,0.158702925322226,0.152626901431493,0.150749664819109,0.154606365748846,0.263413268654919,0.269246160054142,0.194380802140699,0.18807597149863,0.18860451104674,0.225391951705908
7,107912797,108015951,0.237372642816157,0.212294585580088,0.191328220157593,0.190817745628376,0.193704307270423,0.202550429265628,0.278275743515423,0.275724626098698,0.290573890537856,0.292888899397713,0.29901144087553,0.300917057515207
7,129825097,129981301,0.184684034761539,0.207975847980745,0.182496341098967,0.201915820701732,0.160141658545387,0.150423514975936,0.232699132392963,0.235359952530161,0.235735680829347,0.277214692507997,0.243897493904649,0.263503935074621
7,130355747,130375151,0.530983903531267,0.553251161748243,0.467526931889279,0.516268827604019,0.505222934828562,0.60470777048946,0.395634794504237,0.458004402951817,0.382601608317379,0.344263307222857,0.468998729864467,0.593199061650709
7,130880747,130926401,0.279188038266519,0.258742351355652,0.255225718132005,0.265666681466713,0.250086828572446,0.26923617808654,0.335240349996225,0.315938216755284,0.403335827003541,0.414846031203155,0.448107578401056,0.425528139756328
7,134809197,134848151,0.143405222317483,0.161305561071223,0.177793602806106,0.178956882008667,0.158499671567859,0.151531255049509,0.206538024855093,0.188008473149581,0.196274342961705,0.190566243141551,0.190815117036337,0.178773629923233
7,134879597,134946501,0.205557439410326,0.16325192752243,0.203735535246577,0.180179782043274,0.166943783046895,0.160992387738621,0.245477242729746,0.262164281215092,0.237161998138431,0.238928714166722,0.235924716434035,0.21574995279697
7,157355647,157418951,0.154871167740336,0.153084681615493,0.155672579641645,0.16041895117981,0.213123055472706,0.167790357543306,0.220071403474878,0.232788187883384,0.177276833490613,0.191774033302032,0.188346358312948,0.190728823402711
8,22376997,22402201,0.246017949818196,0.236743785394142,0.273002417999116,0.243002121614574,0.262216262237576,0.221729769414808,0.386414738933872,0.325174014629016,0.3980759149557,0.401229570732424,0.399067739637545,0.389722813623913
8,32685847,32716151,0.117773858816927,0.159342370844123,0.126207401478092,0.11892961751733,0.142374749514949,0.132173680233194,0.120138799221008,0.133765147677274,0.119575595330164,0.115623096081447,0.110587365732284,0.116083387494805
8,53942597,53965251,0.17550693778217,0.19175868090106,0.215795755944763,0.221092590967737,0.283247088813784,0.248721354977468,0.147844989390641,0.195186544208407,0.12933323938896,0.11462711043397,0.15962893663495,0.188296087423082
8,66505747,66560201,0.216009474799626,0.226263801123675,0.267368395462048,0.227551872793825,0.276975234217228,0.295226103878507,0.240128764479724,0.232576369180649,0.235919276334832,0.236751462430754,0.278490963256979,0.27206956130637
8,97983247,98039216,0.238531649597132,0.200679472804012,0.212534573424807,0.185568712085632,0.226281583348744,0.215653438550412,0.20108891689803,0.181560579375683,0.26442183886379,0.221780589961182,0.211576845368007,0.20924057310769
8,117927647,117958551,0.211231220272872,0.236928818145941,0.230619493570005,0.256189676802266,0.158910841023671,0.17961115409474,0.271297538522014,0.197173389743923,0.176835969052141,0.172568969639118,0.174978809228957,0.165546315898045
8,117977047,118057451,0.178188202420182,0.180425247035131,0.179659778141998,0.159497755671157,0.163982234456659,0.192632964948959,0.159781612299753,0.184982282580275,0.144030522532642,0.131977874327467,0.149680216205838,0.139940565047372
8,127798959,127929451,0.203545925882435,0.212137492339021,0.222932121048274,0.213828219945766,0.256188449454623,0.238558867935318,0.286866521602811,0.275830692539736,0.253785455778732,0.268684662792962,0.292695676261146,0.298868425493147
9,12778010,12823051,0.163114738761148,0.215270861224861,0.208266551534477,0.222492066944561,0.150674016411837,0.199302569444501,0.258067699600659,0.174688757320973,0.230737344742153,0.22441081143441,0.175833955289166,0.209448725250578
9,33148547,33163301,0.323753492941399,0.344415625622178,0.40659148564067,0.309445880519662,0.333991779666469,0.310956975868054,0.260308390048015,0.327949970866785,0.331181705886056,0.386126822307048,0.360941655509621,0.319976403796285
9,33305747,33338851,0.173358674781475,0.181055241418439,0.178492063484328,0.208913066594485,0.21935694903744,0.245510062777511,0.24608632054553,0.200054488219301,0.206433393843641,0.215476078173168,0.213088716185064,0.24656957430626
9,33820797,33878851,0.12077215650924,0.187438903310117,0.102395442553798,0.157901169148839,0.124077776135162,0.110486397397268,0.0957429232083855,0.183153815645144,0.11647603577229,0.121526248181716,0.142336711115618,0.13855777960862
9,35510497,35534101,0.221118456955212,0.201570955091861,0.247109089722607,0.220612782479083,0.291224845014968,0.325109267054288,0.21259216922862,0.283640239683379,0.25368026726669,0.267578717679997,0.287263575752697,0.238716221931677
9,36089347,36114801,0.294233150341453,0.30031774277384,0.277628440598753,0.235004268511855,0.262453767032323,0.324034663877924,0.195808948992682,0.196468683652365,0.224496409230263,0.242511922382102,0.216619306623786,0.234540429353981
9,37929397,37979101,0.218000890478923,0.246023018404866,0.242890886766086,0.260133339461368,0.237264156673486,0.279715927472051,0.234616561757297,0.25617796506764,0.236606779178939,0.254420457945109,0.277983691311743,0.303477454715619
9,38008247,38049251,0.295206629225393,0.284433704249243,0.290368342558651,0.284926849839368,0.326946482863751,0.315443807289725,0.308630257855282,0.302870222352619,0.339349353735042,0.350785958966053,0.383788711451365,0.35179077360376
9,112031947,112082301,0.341054117570265,0.289967844582808,0.305825282744724,0.291824572456095,0.370069312056638,0.369361811544874,0.200414017445996,0.186477696697201,0.205474684227488,0.216811169602731,0.215260683267023,0.236076146189775
9,123036640,123103201,0.169711321826841,0.166906109209943,0.174498006955684,0.165302065966967,0.157702017928002,0.174518694121607,0.137286855313658,0.153470718631193,0.144277410557986,0.13709991333933,0.150714182203903,0.13619302350829
9,129480397,129503501,0.451183385146146,0.493076340469243,0.451842910863749,0.484792108859755,0.442643195673796,0.463500245100259,0.438444954192647,0.377405663002912,0.585444924614069,0.572104133317972,0.631995290621348,0.562524919928241
9,131394097,131442601,0.19718080214498,0.260633583846783,0.27128363885443,0.202388497120937,0.213631681004602,0.212150228438939,0.251546386113048,0.232218882999312,0.232176872629657,0.237300546410782,0.24397889334175,0.283564990752068
